ID,Name,Description,Contributor,Citation,Version,Creators,Contributors,DOI,Concept_DOI,Concept_ID,Date_Created,Date_Updated,Communities,License,Zenodo_Link,Zenodo_ID,Zenodo_Keywords,Zenodo_Type,GitHub_Link
21134489,"CLDF dataset derived from Hartmann et al.'s ""Valency Patterns Leipzig"" from 2013","<p>Cite the source of the dataset as:</p>

<blockquote>
<p>Hartmann, Iren &amp; Haspelmath, Martin &amp; Taylor, Bradley (eds.) 2013. Valency Patterns Leipzig. Leipzig: Max Planck Institute for Evolutionary Anthropology. (Available online at http://valpal.info)</p>
</blockquote>",,,v1.1,Robert Forkel,,10.5281/zenodo.21134489,10.5281/zenodo.5667259,5667259,2026-07-02T14:45:15.026482+00:00,2026-07-02T14:45:15.221970+00:00,lexibank,cc-by-3.0,https://zenodo.org/records/21134489,21134489,cldf:Wordlist;linguistics,dataset,https://github.com/lexibank/valpal/tree/v1.1
21107436,ERGON: A Grambank-Inspired Database for the Quantitative Typological Study of Ergativity,"ERGON is a cross-linguistic typological database documenting patterns of ergative alignment of flagging across 177 ergative languages from 40 language families. Inspired by Grambank's feature GB409 (Is there any ergative alignment of flagging?), ERGON expands this single binary variable into 24 sub-features (GB409_1–GB409_24) that capture the full structural complexity of ergative flagging. The database is formatted as a CLDF StructureDataset.",,,v1.0.1,"Zariquiey, Roberto ; Montoya, Jaime ; Gómez, Luisa ; Alvarado, Claudia ; Chu Príncipe, Santiago ; Lanasca, Leslie ; Almendra, Anaís ; Poblete, Mariana ; Greenhill, Simon ; Gray, Russell D.",,10.5281/zenodo.21107436,10.5281/zenodo.21107435,21107435,2026-07-01T15:02:12.801589+00:00,2026-07-01T15:02:13.073635+00:00,,cc-by-4.0,https://zenodo.org/records/21107436,21107436,ergativity;typology;cross-linguistic database;CLDF;Grambank;ergative flagging;split ergativity;Silverstein hierarchy;case marking;linguistic typology,dataset,https://github.com/rzariquiey/ergon-database
20796796,"CLDF dataset derived from Ugarte et al.'s ""NorthPeruLex - A Lexical Dataset of Small Language Families and Isolates from Northern Peru (forthcoming).","<p>Cite the source of the dataset as:</p>

<blockquote>
<p>Ugarte, Carlos and Blum, Frederic and Ingunza, Adriano and Gonzales, Rosa and Peña, Jaime. Forthcoming. NorthPeruLex - A Lexical Dataset of Small Language Families and Isolates from Northern Peru.</p>
</blockquote>",,,v1.1,Carlos Ugarte ; Frederic Blum ; Adriano Ingunza ; Rosa Gonzales ; Jaime Peña,Carlos Ugarte ; Frederic Blum,10.5281/zenodo.20796796,10.5281/zenodo.13269802,13269802,2026-06-22T11:56:34.884287+00:00,2026-06-22T11:56:35.000832+00:00,lexibank,cc-by-4.0,https://zenodo.org/records/20796796,20796796,cldf:Wordlist;linguistics,dataset,https://github.com/lexibank/northperulex/tree/v1.1
20712996,Lexibank 2: pre-computed features for large-scale lexical data,"<p>Cite the source of the dataset as:</p>

<blockquote>
<p>Blum, Frederic; Barrientos, Carlos; Englisch, Johannes; Forkel, Robert; Gray, Russell D.; Greenhill, Simon J.; Rzymski, Christoph and List, Johann-Mattis (2025): Lexibank²: Precomputed Features for Large-Scale Lexical Data [Dataset, Version 2.0]. Leipzig: Max Planck Institute for Evolutionary Anthropology.</p>
</blockquote>",,,v2.2,Frederic Blum ; Carlos Barrientos ; Johannes Englisch ; Robert Forkel ; Simon J. Greenhill ; Christoph Rzymski ; Johann-Mattis List,,10.5281/zenodo.20712996,10.5281/zenodo.5227817,5227817,2026-06-16T07:08:27.011105+00:00,2026-06-16T07:10:57.637329+00:00,produsemy;calc;eu;lexibank,cc-by-4.0,https://zenodo.org/records/20712996,20712996,cldf:Wordlist;linguistics,dataset,https://github.com/lexibank/lexibank-analysed/tree/v2.2
20450412,Hindu Kush Areal Typology,"<p>Cite as</p>
<blockquote>
<p>Henrk Liljegren, Robert Forkel, Nina Knobloch, &amp; Noa Lange. (2021). Hindu Kush Areal Typology (Version v1.0) [Data set]. Zenodo. http://doi.org/10.5281/zenodo.4534220</p>
</blockquote>",,,v1.0.1,Henrik Liljegren ; Robert Forkel ; Nina Knobloch ; Noa Lange,,10.5281/zenodo.20450412,10.5281/zenodo.4534220,4534220,2026-05-29T18:48:04.048694+00:00,2026-05-29T18:48:04.410713+00:00,cldf-datasets;clld;lexibank,cc-by-4.0,https://zenodo.org/records/20450412,20450412,cldf:StructureDataset;cldf:Wordlist;linguistics,dataset,https://github.com/cldf-datasets/liljegrenhindukush/tree/v1.0.1
13831931,CLDF version for Nichols 1992: Linguistic diversity in space and time,,,,v1.0.1,Johanna Nichols,Johannes Englisch ; Martin Haspelmath,10.5281/zenodo.13831931,10.5281/zenodo.13605417,13605417,2024-09-24T07:11:08.018528+00:00,2026-05-26T12:23:33.178285+00:00,crossgram,cc-by-4.0,https://zenodo.org/records/13831931,13831931,cldf:StructureDataset;linguistics,dataset,https://github.com/cldf-datasets/nicholsdiversity/tree/v1.0.1
20392566,Amazonian Voices,"<p>Release accompanying the initial submission of &quot;Amazonian Voices~1.0: A community-friendly CLDF dataset capturing the phonetic diversity of Amazonian languages&quot;.</p>
<p>Please cite the Zenodo release when using the dataset:</p>",,,v0.1,Alonso Vásquez ; Roberto Zariquiey ; Mariana Poblete ; Hans-Jörg Bibiko ; Frederic Blum ; Raquel Cabrera ; Minerva Cerna ; Jorge Pérez Silva ; Robert Forkel ; Russell Gray,Robert Forkel,10.5281/zenodo.20392566,10.5281/zenodo.20392565,20392565,2026-05-26T08:58:44.883447+00:00,2026-05-26T08:58:45.012001+00:00,lexibank,cc-by-nc-4.0,https://zenodo.org/records/20392566,20392566,cldf:Wordlist;linguistics,dataset,https://github.com/lexibank/amazonianvoices/tree/v0.1
20322670,CLDF dataset for Pano languages.,"<p>Cite the source of the dataset as:</p>

<blockquote>
<p>Zariquiey, Roberto and Blum, Frederic and Greenhill, Simon J. and List, Johann-Mattis. Cognate-annotated CLDF dataset for Pano languages (work in progress).</p>
</blockquote>",,,v0.4,Roberto Zariquiey ; Frederic Blum ; Johann-Mattis List ; Simon J. Greenhill,,10.5281/zenodo.20322670,10.5281/zenodo.10988937,10988937,2026-05-21T08:00:14.200229+00:00,2026-05-21T08:00:14.413262+00:00,,cc-by-4.0,https://zenodo.org/records/20322670,20322670,cldf:Wordlist;linguistics,dataset,https://github.com/pano-takanan-history/zariquieypano/tree/v0.4
20021123,MAGRAM grammaticalization database,Dataset of the MAinzer GRAMmatikalisierungsprojekt,,,v1.0,Walter Bisang ; Andrej Malchukov ; Marvin Martiny,Linlin Sun ; Iris Rieder ; Eduard Schroeder ; Robert Forkel ; Johannes Englisch ; Martin Haspelmath,10.5281/zenodo.20021123,10.5281/zenodo.20021122,20021122,2026-05-04T08:43:58.538851+00:00,2026-05-04T08:43:58.701707+00:00,crossgram,cc-by-4.0,https://zenodo.org/records/20021123,20021123,cldf:StructureDataset;cldf:Wordlist;linguistics,dataset,https://github.com/cldf-datasets/magram/tree/v1.0
19947331,IMTVault,"<p>Cite the source of the dataset as:</p>

<blockquote>
<p>Krämer, Thomas, and Sebastian Nordhoff. 2022. &quot;IMTVault: Extracting and Enriching Low-resource Language Interlinear Glossed Text from Grammatical Descriptions and Typological Survey Articles: Proceedings of The 8th Workshop on Linked Data in Linguistics within the 13th Language Resources and Evaluation Conference.&quot; 13th Language Resources and Evaluation Conference lREC 2022, LREC 2022, Marseille, 24.06.2022.</p>
</blockquote>",,,v1.3,Sebastian Nordhoff ; Robert Forkel,,10.5281/zenodo.19947331,10.5281/zenodo.7371911,7371911,2026-05-01T10:55:17.695458+00:00,2026-05-01T10:55:17.934971+00:00,cldf-datasets,cc-by-4.0,https://zenodo.org/records/19947331,19947331,cldf:Generic;linguistics,dataset,https://github.com/cldf-datasets/imtvault/tree/v1.3
19922850,CLDF dataset for Pano languages.,"<p>Cite the source of the dataset as:</p>

<blockquote>
<p>Zariquiey, Roberto and Blum, Frederic and Greenhill, Simon J. and List, Johann-Mattis. Cognate-annotated CLDF dataset for Pano languages (work in progress).</p>
</blockquote>",,,v0.3,Roberto Zariquiey ; Frederic Blum ; Johann-Mattis List ; Simon J. Greenhill,,10.5281/zenodo.19922850,10.5281/zenodo.10988937,10988937,2026-04-30T15:15:05.435139+00:00,2026-04-30T15:15:05.582964+00:00,,cc-by-4.0,https://zenodo.org/records/19922850,19922850,cldf:Wordlist;linguistics,dataset,https://github.com/pano-takanan-history/zariquieypano/tree/v0.3
19884642,Uralic Typological database - UraTyp,"<p>Cite the source of the dataset as:</p>

<blockquote>
<p>Miina Norvik, Robert Forkel, Uldis Balodis, Jeremy Bradley, Michael Dunn, Ilya Egorov, Idaliia Feodotova, Terhi Honkola, Atte Huhtala, Yingqi Jing, Markus Juutinen, Olle Kejonen, Gerson Klumpp, Richard Kowalik, Nikolay Kuznetsov, Miika Lehtinen, Helle Metslang, Merit Niinemägi, Karl Pajusalu, Minerva Piha, Przemysław Podleśny, Mihkel Rünkla, Eva Saar, Sirkka Saarinen, Denys Teptiuk, Pire Teras, Marili Tomingas, Tuuli Tuisk, Janek Vaab, &amp; Outi Vesakoski. (2026). Uralic Typological database - UraTyp (v2.0) [Data set]. Zenodo. https://doi.org/10.5281/zenodo.5236365</p>
</blockquote>",,,v2.0,Miina Norvik ; Robert Forkel ; Uldis Balodis ; Jeremy Bradley ; Michael Dunn ; Ilya Egorov ; Idaliia Feodotova ; Terhi Honkola ; Atte Huhtala ; Yingqi Jing ; Markus Juutinen ; Olle Kejonen ; Gerson Klumpp ; Richard Kowalik ; Nikolay Kuznetsov ; Miika Lehtinen ; Helle Metslang ; Merit Niinemägi ; Karl Pajusalu ; Minerva Piha ; Przemysław Podleśny ; Mihkel Rünkla ; Eva Saar ; Sirkka Saarinen ; Denys Teptiuk ; Pire Teras ; Marili Tomingas ; Tuuli Tuisk ; Janek Vaab ; Outi Vesakoski,,10.5281/zenodo.19884642,10.5281/zenodo.5236365,5236365,2026-04-29T11:19:01.827902+00:00,2026-04-29T11:19:02.034039+00:00,cldf-datasets,cc-by-4.0,https://zenodo.org/records/19884642,19884642,cldf:StructureDataset;linguistics,dataset,https://github.com/cldf-datasets/uratyp/tree/v2.0
19855311,AfBo 2.0: A world-wide survey of affix borrowing,"<p>Cite the source of the dataset as:</p>

<blockquote>
<p>Seifart, Frank, and Gardani, Francesco. 2026. AfBo 2.0: A world-wide survey of affix borrowing. Leipzig: Max Planck Institute for Evolutionary Anthropology. DOI: 10.5281/zenodo.3610154</p>
</blockquote>",,,v2.0.2,Frank Seifart ; Francesco Gardani,Robert Forkel,10.5281/zenodo.19855311,10.5281/zenodo.3610154,3610154,2026-04-28T13:09:21.161803+00:00,2026-04-28T13:09:21.351927+00:00,cldf-datasets;clld,cc-by-4.0,https://zenodo.org/records/19855311,19855311,cldf:StructureDataset;linguistics,dataset,https://github.com/cldf-datasets/afbo/tree/v2.0.2
19854207,AfBo 2.0: A world-wide survey of affix borrowing,"<p>Cite the source of the dataset as:</p>

<blockquote>
<p>Seifart, Frank, and Gardani, Francesco. 2026. AfBo 2.0: A world-wide survey of affix borrowing. Leipzig: Max Planck Institute for Evolutionary Anthropology. DOI: 10.5281/zenodo.3610154</p>
</blockquote>",,,v2.0.1,Frank Seifart ; Francesco Gardani,Robert Forkel,10.5281/zenodo.19854207,10.5281/zenodo.3610154,3610154,2026-04-28T12:30:44.864564+00:00,2026-04-28T12:30:45.088896+00:00,cldf-datasets;clld,cc-by-4.0,https://zenodo.org/records/19854207,19854207,cldf:StructureDataset;linguistics,dataset,https://github.com/cldf-datasets/afbo/tree/v2.0.1
19827989,AfBo 2.0: A world-wide survey of affix borrowing,"<p>Cite the source of the dataset as:</p>

<blockquote>
<p>Seifart, Frank, and Gardani, Francesco. 2026. AfBo 2.0: A world-wide survey of affix borrowing. Leipzig: Max Planck Institute for Evolutionary Anthropology. DOI: 10.5281/zenodo.3610154</p>
</blockquote>",,,v2.0,Frank Seifart ; Francesco Gardani,Robert Forkel,10.5281/zenodo.19827989,10.5281/zenodo.3610154,3610154,2026-04-27T18:25:32.910004+00:00,2026-04-27T18:26:28.055504+00:00,cldf-datasets;clld,cc-by-4.0,https://zenodo.org/records/19827989,19827989,cldf:StructureDataset;linguistics,dataset,https://github.com/cldf-datasets/afbo/tree/v2.0
19608447,CLICS 4,"<p>Cite the source of the dataset as:</p>

<blockquote>
<p>Tjuka, Annika; Forkel, Robert; Rzymski, Christoph; and List, Johann-Mattis (2026): CLICS⁴: An Improved Database of Cross-Linguistic Colexifications [Dataset, Version 1.0]. Passau: MCL Chair at the University of Passau. https://doi.org/10.5281/zenodo.16900179</p>
</blockquote>",,,v1.0,Annika Tjuka ; Robert Forkel ; Christoph Rzymski ; Johann-Mattis List,,10.5281/zenodo.19608447,10.5281/zenodo.16900179,16900179,2026-04-16T12:54:10.027200+00:00,2026-04-16T12:54:10.272538+00:00,,cc-by-4.0,https://zenodo.org/records/19608447,19608447,cldf:Wordlist;linguistics,dataset,https://github.com/clics/clics4/tree/v1.0
19366409,CLDF dataset derived from the DoReCo core corpus,"<p>Cite the source of the dataset as:</p>

<blockquote>
<p>Seifart, Frank, Ludger Paschen &amp; Matthew Stave (eds.). 2022. Language Documentation Reference Corpus (DoReCo) 2.0. Berlin &amp; Lyon: Leibniz-Zentrum Allgemeine Sprachwissenschaft &amp; laboratoire Dynamique Du Langage (UMR5596, CNRS &amp; Université Lyon 2). DOI:10.34847/nkl.7cbfq779</p>
</blockquote>
<p>Please note that when citing this dataset, it is NOT sufficient to refer to DoReCo as a whole, but the full citation for each individual corpus must be provided, including the name(s) of the creator(s) of each corpus.</p>

<blockquote>Ozerov, Pavel. 2024. Anal DoReCo dataset. In Seifart, Frank, Ludger Paschen and Matthew Stave (eds.). Language Documentation Reference Corpus (DoReCo) 2.0. Berlin &amp; Lyon: Leibniz-Zentrum Allgemeine Sprachwissenschaft &amp; laboratoire Dynamique Du Langage (UMR5596, CNRS &amp; Université Lyon 2). https://doreco.huma-num.fr/languages/anal1239. DOI:10.34847/nkl.0dbazp8m</blockquote>

<blockquote>Riesberg, Sonja. 2024. Yali (Apahapsili) DoReCo dataset. In Seifart, Frank, Ludger Paschen and Matthew Stave (eds.). Language Documentation Reference Corpus (DoReCo) 2.0. Berlin &amp; Lyon: Leibniz-Zentrum Allgemeine Sprachwissenschaft &amp; laboratoire Dynamique Du Langage (UMR5596, CNRS &amp; Université Lyon 2). https://doreco.huma-num.fr/languages/apah1238. DOI:10.34847/nkl.9d91nkq2</blockquote>

<blockquote>Cowell, Andrew. 2024. Arapaho DoReCo dataset. In Seifart, Frank, Ludger Paschen and Matthew Stave (eds.). Language Documentation Reference Corpus (DoReCo) 2.0. Berlin &amp; Lyon: Leibniz-Zentrum Allgemeine Sprachwissenschaft &amp; laboratoire Dynamique Du Langage (UMR5596, CNRS &amp; Université Lyon 2). https://doreco.huma-num.fr/languages/arap1274. DOI:10.34847/nkl.36f5r1b6</blockquote>

<blockquote>Cobbinah, Alexander Yao. 2024. Baïnounk Gubëeher DoReCo dataset. In Seifart, Frank, Ludger Paschen and Matthew Stave (eds.). Language Documentation Reference Corpus (DoReCo) 2.0. Berlin &amp; Lyon: Leibniz-Zentrum Allgemeine Sprachwissenschaft &amp; laboratoire Dynamique Du Langage (UMR5596, CNRS &amp; Université Lyon 2). https://doreco.huma-num.fr/languages/bain1259. DOI:10.34847/nkl.a332abw8</blockquote>

<blockquote>Vanhove, Martine. 2024. Beja DoReCo dataset. In Seifart, Frank, Ludger Paschen and Matthew Stave (eds.). Language Documentation Reference Corpus (DoReCo) 2.0. Berlin &amp; Lyon: Leibniz-Zentrum Allgemeine Sprachwissenschaft &amp; laboratoire Dynamique Du Langage (UMR5596, CNRS &amp; Université Lyon 2). https://doreco.huma-num.fr/languages/beja1238. DOI:10.34847/nkl.edd011t1</blockquote>

<blockquote>Seifart, Frank. 2024. Bora DoReCo dataset. In Seifart, Frank, Ludger Paschen and Matthew Stave (eds.). Language Documentation Reference Corpus (DoReCo) 2.0. Berlin &amp; Lyon: Leibniz-Zentrum Allgemeine Sprachwissenschaft &amp; laboratoire Dynamique Du Langage (UMR5596, CNRS &amp; Université Lyon 2). https://doreco.huma-num.fr/languages/bora1263. DOI:10.34847/nkl.6eaf5laq</blockquote>

<blockquote>Quesada, Juan Diego and Skopeteas, Stavros and Pasamonik, Carolina and Brokmann, Carolin and Fischer, Florian. 2024. Cabécar DoReCo dataset. In Seifart, Frank, Ludger Paschen and Matthew Stave (eds.). Language Documentation Reference Corpus (DoReCo) 2.0. Berlin &amp; Lyon: Leibniz-Zentrum Allgemeine Sprachwissenschaft &amp; laboratoire Dynamique Du Langage (UMR5596, CNRS &amp; Université Lyon 2). https://doreco.huma-num.fr/languages/cabe1245. DOI:10.34847/nkl.ebc4ra22</blockquote>

<blockquote>Reiter, Sabine. 2024. Cashinahua DoReCo dataset. In Seifart, Frank, Ludger Paschen and Matthew Stave (eds.). Language Documentation Reference Corpus (DoReCo) 2.0. Berlin &amp; Lyon: Leibniz-Zentrum Allgemeine Sprachwissenschaft &amp; laboratoire Dynamique Du Langage (UMR5596, CNRS &amp; Université Lyon 2). https://doreco.huma-num.fr/languages/cash1254. DOI:10.34847/nkl.a8f9q2f1</blockquote>

<blockquote>Däbritz, Chris Lasse and Kudryakova, Nina and Stapert, Eugénie and Arkhipov, Alexandre. 2024. Dolgan DoReCo dataset. In Seifart, Frank, Ludger Paschen and Matthew Stave (eds.). Language Documentation Reference Corpus (DoReCo) 2.0. Berlin &amp; Lyon: Leibniz-Zentrum Allgemeine Sprachwissenschaft &amp; laboratoire Dynamique Du Langage (UMR5596, CNRS &amp; Université Lyon 2). https://doreco.huma-num.fr/languages/dolg1241. DOI:10.34847/nkl.f09eikq3</blockquote>

<blockquote>Kazakevich, Olga and Klyachko, Elena. 2024. Evenki DoReCo dataset. In Seifart, Frank, Ludger Paschen and Matthew Stave (eds.). Language Documentation Reference Corpus (DoReCo) 2.0. Berlin &amp; Lyon: Leibniz-Zentrum Allgemeine Sprachwissenschaft &amp; laboratoire Dynamique Du Langage (UMR5596, CNRS &amp; Université Lyon 2). https://doreco.huma-num.fr/languages/even1259. DOI:10.34847/nkl.5e0d27cu</blockquote>

<blockquote>Hellwig, Birgit. 2024. Goemai DoReCo dataset. In Seifart, Frank, Ludger Paschen and Matthew Stave (eds.). Language Documentation Reference Corpus (DoReCo) 2.0. Berlin &amp; Lyon: Leibniz-Zentrum Allgemeine Sprachwissenschaft &amp; laboratoire Dynamique Du Langage (UMR5596, CNRS &amp; Université Lyon 2). https://doreco.huma-num.fr/languages/goem1240. DOI:10.34847/nkl.b93664ml</blockquote>

<blockquote>Harvey, Andrew. 2024. Gorwaa DoReCo dataset. In Seifart, Frank, Ludger Paschen and Matthew Stave (eds.). Language Documentation Reference Corpus (DoReCo) 2.0. Berlin &amp; Lyon: Leibniz-Zentrum Allgemeine Sprachwissenschaft &amp; laboratoire Dynamique Du Langage (UMR5596, CNRS &amp; Université Lyon 2). https://doreco.huma-num.fr/languages/goro1270. DOI:10.34847/nkl.a4b4ijj2</blockquote>

<blockquote>Burenhult, Niclas. 2024. Jahai DoReCo dataset. In Seifart, Frank, Ludger Paschen and Matthew Stave (eds.). Language Documentation Reference Corpus (DoReCo) 2.0. Berlin &amp; Lyon: Leibniz-Zentrum Allgemeine Sprachwissenschaft &amp; laboratoire Dynamique Du Langage (UMR5596, CNRS &amp; Université Lyon 2). https://doreco.huma-num.fr/languages/jeha1242. DOI:10.34847/nkl.6a71xp0p</blockquote>

<blockquote>Kim, Soung-U. 2024. Jejuan DoReCo dataset. In Seifart, Frank, Ludger Paschen and Matthew Stave (eds.). Language Documentation Reference Corpus (DoReCo) 2.0. Berlin &amp; Lyon: Leibniz-Zentrum Allgemeine Sprachwissenschaft &amp; laboratoire Dynamique Du Langage (UMR5596, CNRS &amp; Université Lyon 2). https://doreco.huma-num.fr/languages/jeju1234. DOI:10.34847/nkl.06ebrk38</blockquote>

<blockquote>Vydrina, Alexandra. 2024. Kakabe DoReCo dataset. In Seifart, Frank, Ludger Paschen and Matthew Stave (eds.). Language Documentation Reference Corpus (DoReCo) 2.0. Berlin &amp; Lyon: Leibniz-Zentrum Allgemeine Sprachwissenschaft &amp; laboratoire Dynamique Du Langage (UMR5596, CNRS &amp; Université Lyon 2). https://doreco.huma-num.fr/languages/kaka1265. DOI:10.34847/nkl.d5aeu9t6</blockquote>

<blockquote>Gusev, Valentin and Klooster, Tiina and Wagner-Nagy, Beáta and Arkhipov, Alexandre. 2024. Kamas DoReCo dataset. In Seifart, Frank, Ludger Paschen and Matthew Stave (eds.). Language Documentation Reference Corpus (DoReCo) 2.0. Berlin &amp; Lyon: Leibniz-Zentrum Allgemeine Sprachwissenschaft &amp; laboratoire Dynamique Du Langage (UMR5596, CNRS &amp; Université Lyon 2). https://doreco.huma-num.fr/languages/kama1351. DOI:10.34847/nkl.cdd8177b</blockquote>

<blockquote>Hellwig, Birgit and Schneider-Blum, Gertrud and Ismail, Khaleel Bakheet Khaleel. 2024. Tabaq (Karko) DoReCo dataset. In Seifart, Frank, Ludger Paschen and Matthew Stave (eds.). Language Documentation Reference Corpus (DoReCo) 2.0. Berlin &amp; Lyon: Leibniz-Zentrum Allgemeine Sprachwissenschaft &amp; laboratoire Dynamique Du Langage (UMR5596, CNRS &amp; Université Lyon 2). https://doreco.huma-num.fr/languages/kark1256. DOI:10.34847/nkl.eea8144j</blockquote>

<blockquote>Döhler, Christian. 2024. Komnzo DoReCo dataset. In Seifart, Frank, Ludger Paschen and Matthew Stave (eds.). Language Documentation Reference Corpus (DoReCo) 2.0. Berlin &amp; Lyon: Leibniz-Zentrum Allgemeine Sprachwissenschaft &amp; laboratoire Dynamique Du Langage (UMR5596, CNRS &amp; Université Lyon 2). https://doreco.huma-num.fr/languages/komn1238. DOI:10.34847/nkl.c5e6dudv</blockquote>

<blockquote>Bartels, Hauke and Szczepański, Marcin. 2024. Lower Sorbian DoReCo dataset. In Seifart, Frank, Ludger Paschen and Matthew Stave (eds.). Language Documentation Reference Corpus (DoReCo) 2.0. Berlin &amp; Lyon: Leibniz-Zentrum Allgemeine Sprachwissenschaft &amp; laboratoire Dynamique Du Langage (UMR5596, CNRS &amp; Université Lyon 2). https://doreco.huma-num.fr/languages/lowe1385. DOI:10.34847/nkl.6c6e4e9k</blockquote>

<blockquote>Haude, Katharina. 2024. Movima DoReCo dataset. In Seifart, Frank, Ludger Paschen and Matthew Stave (eds.). Language Documentation Reference Corpus (DoReCo) 2.0. Berlin &amp; Lyon: Leibniz-Zentrum Allgemeine Sprachwissenschaft &amp; laboratoire Dynamique Du Langage (UMR5596, CNRS &amp; Université Lyon 2). https://doreco.huma-num.fr/languages/movi1243. DOI:10.34847/nkl.da42xf67</blockquote>

<blockquote>Ponsonnet, Maïa. 2024. Dalabon DoReCo dataset. In Seifart, Frank, Ludger Paschen and Matthew Stave (eds.). Language Documentation Reference Corpus (DoReCo) 2.0. Berlin &amp; Lyon: Leibniz-Zentrum Allgemeine Sprachwissenschaft &amp; laboratoire Dynamique Du Langage (UMR5596, CNRS &amp; Université Lyon 2). https://doreco.huma-num.fr/languages/ngal1292. DOI:10.34847/nkl.fae299ug</blockquote>

<blockquote>Güldemann, Tom and Ernszt, Martina and Siegmund, Sven and Witzlack-Makarevich, Alena. 2024. Nǁng DoReCo dataset. In Seifart, Frank, Ludger Paschen and Matthew Stave (eds.). Language Documentation Reference Corpus (DoReCo) 2.0. Berlin &amp; Lyon: Leibniz-Zentrum Allgemeine Sprachwissenschaft &amp; laboratoire Dynamique Du Langage (UMR5596, CNRS &amp; Université Lyon 2). https://doreco.huma-num.fr/languages/nngg1234. DOI:10.34847/nkl.f6c37fi0</blockquote>

<blockquote>Haig, Geoff and Vollmer, Maria and Thiele, Hanna. 2024. Northern Kurdish (Kurmanji) DoReCo dataset. In Seifart, Frank, Ludger Paschen and Matthew Stave (eds.). Language Documentation Reference Corpus (DoReCo) 2.0. Berlin &amp; Lyon: Leibniz-Zentrum Allgemeine Sprachwissenschaft &amp; laboratoire Dynamique Du Langage (UMR5596, CNRS &amp; Université Lyon 2). https://doreco.huma-num.fr/languages/nort2641. DOI:10.34847/nkl.ca10ez5t</blockquote>

<blockquote>Garcia-Laguia, Alexandro. 2024. Northern Alta DoReCo dataset. In Seifart, Frank, Ludger Paschen and Matthew Stave (eds.). Language Documentation Reference Corpus (DoReCo) 2.0. Berlin &amp; Lyon: Leibniz-Zentrum Allgemeine Sprachwissenschaft &amp; laboratoire Dynamique Du Langage (UMR5596, CNRS &amp; Université Lyon 2). https://doreco.huma-num.fr/languages/nort2875. DOI:10.34847/nkl.efea0b36</blockquote>

<blockquote>Franjieh, Michael. 2024. Fanbyak DoReCo dataset. In Seifart, Frank, Ludger Paschen and Matthew Stave (eds.). Language Documentation Reference Corpus (DoReCo) 2.0. Berlin &amp; Lyon: Leibniz-Zentrum Allgemeine Sprachwissenschaft &amp; laboratoire Dynamique Du Langage (UMR5596, CNRS &amp; Université Lyon 2). https://doreco.huma-num.fr/languages/orko1234. DOI:10.34847/nkl.02084446</blockquote>

<blockquote>Ring, Hiram. 2024. Pnar DoReCo dataset. In Seifart, Frank, Ludger Paschen and Matthew Stave (eds.). Language Documentation Reference Corpus (DoReCo) 2.0. Berlin &amp; Lyon: Leibniz-Zentrum Allgemeine Sprachwissenschaft &amp; laboratoire Dynamique Du Langage (UMR5596, CNRS &amp; Université Lyon 2). https://doreco.huma-num.fr/languages/pnar1238. DOI:10.34847/nkl.5ba1062k</blockquote>

<blockquote>Krifka, Manfred. 2024. Daakie DoReCo dataset. In Seifart, Frank, Ludger Paschen and Matthew Stave (eds.). Language Documentation Reference Corpus (DoReCo) 2.0. Berlin &amp; Lyon: Leibniz-Zentrum Allgemeine Sprachwissenschaft &amp; laboratoire Dynamique Du Langage (UMR5596, CNRS &amp; Université Lyon 2). https://doreco.huma-num.fr/languages/port1286. DOI:10.34847/nkl.efeav5l9</blockquote>

<blockquote>Seifart, Frank. 2024. Resígaro DoReCo dataset. In Seifart, Frank, Ludger Paschen and Matthew Stave (eds.). Language Documentation Reference Corpus (DoReCo) 2.0. Berlin &amp; Lyon: Leibniz-Zentrum Allgemeine Sprachwissenschaft &amp; laboratoire Dynamique Du Langage (UMR5596, CNRS &amp; Université Lyon 2). https://doreco.huma-num.fr/languages/resi1247. DOI:10.34847/nkl.ffb96lo8</blockquote>

<blockquote>Witzlack-Makarevich, Alena and Namyalo, Saudah and Kiriggwajjo, Anatol and Molochieva, Zarina. 2024. Ruuli DoReCo dataset. In Seifart, Frank, Ludger Paschen and Matthew Stave (eds.). Language Documentation Reference Corpus (DoReCo) 2.0. Berlin &amp; Lyon: Leibniz-Zentrum Allgemeine Sprachwissenschaft &amp; laboratoire Dynamique Du Langage (UMR5596, CNRS &amp; Université Lyon 2). https://doreco.huma-num.fr/languages/ruul1235. DOI:10.34847/nkl.fde4pp1u</blockquote>

<blockquote>Xu, Xianming and Bai, Bibo. 2024. Sadu DoReCo dataset. In Seifart, Frank, Ludger Paschen and Matthew Stave (eds.). Language Documentation Reference Corpus (DoReCo) 2.0. Berlin &amp; Lyon: Leibniz-Zentrum Allgemeine Sprachwissenschaft &amp; laboratoire Dynamique Du Langage (UMR5596, CNRS &amp; Université Lyon 2). https://doreco.huma-num.fr/languages/sadu1234. DOI:10.34847/nkl.3db4u59d</blockquote>

<blockquote>Forker, Diana and Schiborr, Nils Norman. 2024. Sanzhi Dargwa DoReCo dataset. In Seifart, Frank, Ludger Paschen and Matthew Stave (eds.). Language Documentation Reference Corpus (DoReCo) 2.0. Berlin &amp; Lyon: Leibniz-Zentrum Allgemeine Sprachwissenschaft &amp; laboratoire Dynamique Du Langage (UMR5596, CNRS &amp; Université Lyon 2). https://doreco.huma-num.fr/languages/sanz1248. DOI:10.34847/nkl.81934177</blockquote>

<blockquote>Wegener, Claudia. 2024. Savosavo DoReCo dataset. In Seifart, Frank, Ludger Paschen and Matthew Stave (eds.). Language Documentation Reference Corpus (DoReCo) 2.0. Berlin &amp; Lyon: Leibniz-Zentrum Allgemeine Sprachwissenschaft &amp; laboratoire Dynamique Du Langage (UMR5596, CNRS &amp; Université Lyon 2). https://doreco.huma-num.fr/languages/savo1255. DOI:10.34847/nkl.b74d1b33</blockquote>

<blockquote>Thieberger, Nick. 2024. Nafsan (South Efate) DoReCo dataset. In Seifart, Frank, Ludger Paschen and Matthew Stave (eds.). Language Documentation Reference Corpus (DoReCo) 2.0. Berlin &amp; Lyon: Leibniz-Zentrum Allgemeine Sprachwissenschaft &amp; laboratoire Dynamique Du Langage (UMR5596, CNRS &amp; Université Lyon 2). https://doreco.huma-num.fr/languages/sout2856. DOI:10.34847/nkl.ba4f760l</blockquote>

<blockquote>Schiborr, Nils Norman. 2024. English (Southern England) DoReCo dataset. In Seifart, Frank, Ludger Paschen and Matthew Stave (eds.). Language Documentation Reference Corpus (DoReCo) 2.0. Berlin &amp; Lyon: Leibniz-Zentrum Allgemeine Sprachwissenschaft &amp; laboratoire Dynamique Du Langage (UMR5596, CNRS &amp; Université Lyon 2). https://doreco.huma-num.fr/languages/sout3282. DOI:10.34847/nkl.9c271u5g</blockquote>

<blockquote>Avanzi, Mathieu and Béguelin, Marie-José and Corminboeuf, Gilles and Diémoz, Federica and Johnsen, Laure Anne. 2024. French (Swiss) DoReCo dataset. In Seifart, Frank, Ludger Paschen and Matthew Stave (eds.). Language Documentation Reference Corpus (DoReCo) 2.0. Berlin &amp; Lyon: Leibniz-Zentrum Allgemeine Sprachwissenschaft &amp; laboratoire Dynamique Du Langage (UMR5596, CNRS &amp; Université Lyon 2). https://doreco.huma-num.fr/languages/stan1290. DOI:10.34847/nkl.3520l685</blockquote>

<blockquote>Teo, Amos. 2024. Sümi DoReCo dataset. In Seifart, Frank, Ludger Paschen and Matthew Stave (eds.). Language Documentation Reference Corpus (DoReCo) 2.0. Berlin &amp; Lyon: Leibniz-Zentrum Allgemeine Sprachwissenschaft &amp; laboratoire Dynamique Du Langage (UMR5596, CNRS &amp; Université Lyon 2). https://doreco.huma-num.fr/languages/sumi1235. DOI:10.34847/nkl.5ad4t01p</blockquote>

<blockquote>Gippert, Jost. 2024. Svan DoReCo dataset. In Seifart, Frank, Ludger Paschen and Matthew Stave (eds.). Language Documentation Reference Corpus (DoReCo) 2.0. Berlin &amp; Lyon: Leibniz-Zentrum Allgemeine Sprachwissenschaft &amp; laboratoire Dynamique Du Langage (UMR5596, CNRS &amp; Université Lyon 2). https://doreco.huma-num.fr/languages/svan1243. DOI:10.34847/nkl.9ba054c3</blockquote>

<blockquote>Bogomolova, Natalia and Ganenkov, Dmitry and Schiborr, Nils Norman. 2024. Tabasaran DoReCo dataset. In Seifart, Frank, Ludger Paschen and Matthew Stave (eds.). Language Documentation Reference Corpus (DoReCo) 2.0. Berlin &amp; Lyon: Leibniz-Zentrum Allgemeine Sprachwissenschaft &amp; laboratoire Dynamique Du Langage (UMR5596, CNRS &amp; Université Lyon 2). https://doreco.huma-num.fr/languages/taba1259. DOI:10.34847/nkl.ad7f97xr</blockquote>

<blockquote>Mosel, Ulrike. 2024. Teop DoReCo dataset. In Seifart, Frank, Ludger Paschen and Matthew Stave (eds.). Language Documentation Reference Corpus (DoReCo) 2.0. Berlin &amp; Lyon: Leibniz-Zentrum Allgemeine Sprachwissenschaft &amp; laboratoire Dynamique Du Langage (UMR5596, CNRS &amp; Université Lyon 2). https://doreco.huma-num.fr/languages/teop1238. DOI:10.34847/nkl.9322sdf2</blockquote>

<blockquote>Wichmann, Søren. 2024. Texistepec Popoluca DoReCo dataset. In Seifart, Frank, Ludger Paschen and Matthew Stave (eds.). Language Documentation Reference Corpus (DoReCo) 2.0. Berlin &amp; Lyon: Leibniz-Zentrum Allgemeine Sprachwissenschaft &amp; laboratoire Dynamique Du Langage (UMR5596, CNRS &amp; Université Lyon 2). https://doreco.huma-num.fr/languages/texi1237. DOI:10.34847/nkl.c50ck58f</blockquote>

<blockquote>Bardají, Maria and Bracks, Christoph and Leto, Claudia and Hasan, Datra and Riesberg, Sonja and Alamudi, Winarno S. and Himmelmann, Nikolaus P.. 2024. Totoli DoReCo dataset. In Seifart, Frank, Ludger Paschen and Matthew Stave (eds.). Language Documentation Reference Corpus (DoReCo) 2.0. Berlin &amp; Lyon: Leibniz-Zentrum Allgemeine Sprachwissenschaft &amp; laboratoire Dynamique Du Langage (UMR5596, CNRS &amp; Université Lyon 2). https://doreco.huma-num.fr/languages/toto1304. DOI:10.34847/nkl.c8b6ei29</blockquote>

<blockquote>Rose, Françoise. 2024. Mojeño Trinitario DoReCo dataset. In Seifart, Frank, Ludger Paschen and Matthew Stave (eds.). Language Documentation Reference Corpus (DoReCo) 2.0. Berlin &amp; Lyon: Leibniz-Zentrum Allgemeine Sprachwissenschaft &amp; laboratoire Dynamique Du Langage (UMR5596, CNRS &amp; Université Lyon 2). https://doreco.huma-num.fr/languages/trin1278. DOI:10.34847/nkl.cbc3b4xr</blockquote>

<blockquote>Griscom, Richard. 2024. Asimjeeg Datooga DoReCo dataset. In Seifart, Frank, Ludger Paschen and Matthew Stave (eds.). Language Documentation Reference Corpus (DoReCo) 2.0. Berlin &amp; Lyon: Leibniz-Zentrum Allgemeine Sprachwissenschaft &amp; laboratoire Dynamique Du Langage (UMR5596, CNRS &amp; Université Lyon 2). https://doreco.huma-num.fr/languages/tsim1256. DOI:10.34847/nkl.f77c7m72</blockquote>

<blockquote>Skopeteas, Stavros and Moisidi, Violeta and Tsetereli, Nutsa and Lorenz, Johanna and Schröter, Stefanie. 2024. Urum DoReCo dataset. In Seifart, Frank, Ludger Paschen and Matthew Stave (eds.). Language Documentation Reference Corpus (DoReCo) 2.0. Berlin &amp; Lyon: Leibniz-Zentrum Allgemeine Sprachwissenschaft &amp; laboratoire Dynamique Du Langage (UMR5596, CNRS &amp; Université Lyon 2). https://doreco.huma-num.fr/languages/urum1249. DOI:10.34847/nkl.ac166n10</blockquote>

<blockquote>Schnell, Stefan. 2024. Vera&#x27;a DoReCo dataset. In Seifart, Frank, Ludger Paschen and Matthew Stave (eds.). Language Documentation Reference Corpus (DoReCo) 2.0. Berlin &amp; Lyon: Leibniz-Zentrum Allgemeine Sprachwissenschaft &amp; laboratoire Dynamique Du Langage (UMR5596, CNRS &amp; Université Lyon 2). https://doreco.huma-num.fr/languages/vera1241. DOI:10.34847/nkl.3e2cu8c4</blockquote>

<blockquote>Michaud, Alexis. 2024. Yongning Na DoReCo dataset. In Seifart, Frank, Ludger Paschen and Matthew Stave (eds.). Language Documentation Reference Corpus (DoReCo) 2.0. Berlin &amp; Lyon: Leibniz-Zentrum Allgemeine Sprachwissenschaft &amp; laboratoire Dynamique Du Langage (UMR5596, CNRS &amp; Université Lyon 2). https://doreco.huma-num.fr/languages/yong1270. DOI:10.34847/nkl.abe65p95</blockquote>

<blockquote>Skopeteas, Stavros and Colli Colli, Amedee and Schellenbach, Daniela and Brokmann, Carolin and Fischer, Florian and Gálvez Wimmelmann, Maya. 2024. Yucatec Maya DoReCo dataset. In Seifart, Frank, Ludger Paschen and Matthew Stave (eds.). Language Documentation Reference Corpus (DoReCo) 2.0. Berlin &amp; Lyon: Leibniz-Zentrum Allgemeine Sprachwissenschaft &amp; laboratoire Dynamique Du Langage (UMR5596, CNRS &amp; Université Lyon 2). https://doreco.huma-num.fr/languages/yuca1254. DOI:10.34847/nkl.9cbb3619</blockquote>",,,v2.0,Frank Seifart ; Ludger Paschen ; Matthew Stave ; Robert Forkel ; Frederic Blum,,10.5281/zenodo.19366409,10.5281/zenodo.10401966,10401966,2026-04-01T08:53:49.148214+00:00,2026-04-01T08:53:49.312694+00:00,cldf-datasets,cc-zero,https://zenodo.org/records/19366409,19366409,cldf:Generic;linguistics,dataset,https://github.com/cldf-datasets/doreco/tree/v2.0
19184362,"CLDF dataset derived from Blum et al.'s ""A phylolinguistic classification of the Quechua language family"" from 2023","<p>Cite the source of the dataset as:</p>

<blockquote>
<p>Blum, Frederic, Carlos Barrientos, Adriano Ingunza &amp; Zoe Poirier. 2023. A phylolinguistic classification of the Quechua language family. INDIANA - Anthropological Studies on Latin America and the Caribbean 40(1). 29–-54. DOI: https://doi.org/10.18441/IND.V40I1.29-54.</p>
</blockquote>",,,v1.3,Frederic Blum ; Carlos B. Ugarte ; Adriano Ingunza ; Zoe Poirier,Frederic Blum ; Carlos B. Ugarte ; Mattis List,10.5281/zenodo.19184362,10.5281/zenodo.5497509,5497509,2026-03-23T11:54:21.627612+00:00,2026-03-23T11:54:21.891001+00:00,lexibank,cc-by-4.0,https://zenodo.org/records/19184362,19184362,cldf:Wordlist;linguistics,dataset,https://github.com/lexibank/crossandean/tree/v1.3
19127704,Pulotu: Database of Austronesian Religions,"<p>Cite the source of the dataset as:</p>

<blockquote>
<p>Watts J., Sheehan O., Greenhill S.J., Gomes-Ng S., Atkinson Q.D., Bulbulia J., Gray R.D. (2015). Pulotu: Database of Austronesian Supernatural Beliefs and Practices. PLoS ONE 10(9). DOI: https://doi.org/10.1371/journal.pone.0136783</p>
</blockquote>",,,v1.3.1,Joseph Watts ; Oliver Sheehan ; Simon Greenhill ; Stephanie Gomes-Ng ; Quentin Atkinson ; Joseph Bulbulia ; Russell Gray,Carlos Botero ; Carlos Botero ; Angeline Song ; Angeline Song ; Joanne Ong ; Joanne Ong ; Sam Passmore ; Sam Passmore ; Kirsty Maurits ; Kirsty Maurits ; Goldie Hamilton ; Goldie Hamilton ; Kelsey Buntain ; Kelsey Buntain ; Alex Thomson ; Alex Thomson ; Robert Forkel,10.5281/zenodo.19127704,10.5281/zenodo.5669235,5669235,2026-03-20T09:04:44.185137+00:00,2026-03-20T09:04:44.523677+00:00,cldf-datasets;dplace,cc-by-4.0,https://zenodo.org/records/19127704,19127704,cldf:StructureDataset;linguistics,dataset,https://github.com/D-PLACE/dplace-dataset-pulotu/tree/v1.3.1
18777605,"Glottography dataset derived from Bowern 2021 ""Files for Australian Language Locations""","<p>Cite the source of the dataset as:</p>

<blockquote>
<p>Bowern, C. (2021). Files for Australian Language Locations [Data set]. Zenodo. https://doi.org/10.5281/zenodo.4898185</p>
</blockquote>",,,v2.0.2,The Glottography Consortium,,10.5281/zenodo.18777605,10.5281/zenodo.17334089,17334089,2026-02-25T22:11:00.803536+00:00,2026-02-25T22:11:01.030374+00:00,glottography,cc-by-nc-4.0,https://zenodo.org/records/18777605,18777605,cldf:Generic;linguistics,dataset,https://github.com/Glottography/bowern2021australia/tree/v2.0.2
18773606,"Glottography dataset derived from Bowern 2021 ""Files for Australian Language Locations""","<p>Cite the source of the dataset as:</p>

<blockquote>
<p>Bowern, C. (2021). Files for Australian Language Locations [Data set]. Zenodo. https://doi.org/10.5281/zenodo.4898185</p>
</blockquote>",,,v2.0.1,The Glottography Consortium,,10.5281/zenodo.18773606,10.5281/zenodo.17334089,17334089,2026-02-25T15:24:13.368595+00:00,2026-02-25T15:24:15.262587+00:00,glottography,cc-by-nc-4.0,https://zenodo.org/records/18773606,18773606,cldf:Generic;linguistics,dataset,https://github.com/Glottography/bowern2021australia/tree/v2.0.1
18684984,"CLDF Dataset presenting Rubehn et al.'s ""Compositional Structures in Numeral Systems Across Languages (CoSiNuS)"" from 2026","<p>Cite the source of the dataset as:</p>

<blockquote>
<p>Rubehn, A., C. Cathcart, C. Rzymski, K. Bocklage, L. Ciucci, A. Kučerová, C. Y. Meloni, D. Snee, K. P. van Dam, and J.-M. List (2026): CoSiNuS: Compositional Structures in Numeral Systems Across Languages. [Dataset, v.2.0]</p>
</blockquote>",,,v2.0,Arne Rubehn ; Christoph Rzymski ; Luca Ciucci ; Katja Bocklage ; Alžběta Kučerová ; David Snee ; Kellen Parker van Dam ; Chundra Cathcart ; Carlo Meloni ; Johann-Mattis List,,10.5281/zenodo.18684984,10.5281/zenodo.15654140,15654140,2026-02-18T18:55:39.472452+00:00,2026-02-18T18:55:39.706406+00:00,cldf-datasets,cc-by-4.0,https://zenodo.org/records/18684984,18684984,cldf:Wordlist;linguistics,dataset,https://github.com/numeralbank/cosinus/tree/v2.0
18644078,"Glottography dataset derived from Zucchi 2017 ""Arqueología de los llanos occidentales y el Orinoco""","<p>Cite the source of the dataset as:</p>

<blockquote>
<p>Zucchi, Alberta. 2017. Arqueología de los llanos occidentales y el Orinoco. (Collección clásicos de la arqueología Venezolana.) Caracas: Centro Nacional de Estudios Históricos.</p>
</blockquote>",,,v2.0,The Glottography Consortium,,10.5281/zenodo.18644078,10.5281/zenodo.17342210,17342210,2026-02-14T19:24:58.643727+00:00,2026-02-14T19:24:58.796661+00:00,glottography,cc-by-4.0,https://zenodo.org/records/18644078,18644078,cldf:Generic;linguistics,dataset,https://github.com/Glottography/zucchi2017arqueologia/tree/v2.0
18643982,"Glottography dataset derived from Wurm and Hattori 1981/83 ""Language atlas of the pacific area""","<p>Cite the source of the dataset as:</p>

<blockquote>
<p>Wurm, S. &amp; Hattori, S. Language Atlas of the Pacific Area: New Guinea area, Oceania, Australia, vol. 66 of Pacific Linguistics: Series C (Canberra: Research School of Pacific and Asian Studies, Australian National University, Canberra, 1981). Wurm, S. &amp; Hattori, S. Language Atlas of the Pacific Area: Japan area, Taiwan-Formosa, Philippines, Mainland and insular South-East Asia, vol. 67 of Pacific Linguistics: Series C (Canberra: Research School of Pacific and Asian Studies, Australian National University, Canberra, 1983). Registered scans and GIS dataset released by the Electronic Cultural Atlas Initiative (ECAI).</p>
</blockquote>",,,v2.0,The Glottography Consortium,,10.5281/zenodo.18643982,10.5281/zenodo.17342179,17342179,2026-02-14T19:06:17.372101+00:00,2026-02-14T19:06:17.600211+00:00,glottography,cc-by-nc-4.0,https://zenodo.org/records/18643982,18643982,cldf:Generic;linguistics,dataset,https://github.com/Glottography/wurm1981pacific/tree/v2.0
18643947,"Glottography dataset derived from Wikipedia contributors 2024 ""List of official languages by country and territory --- Wikipedia, The Free Encyclopedia""","<p>Cite the source of the dataset as:</p>

<blockquote>
<p>{Wikipedia contributors}. 2024. List of official languages by country and territory --- Wikipedia, The Free Encyclopedia. ([Online; accessed 18-November-2024]).</p>
</blockquote>",,,v2.0,The Glottography Consortium,,10.5281/zenodo.18643947,10.5281/zenodo.17342115,17342115,2026-02-14T19:02:25.625762+00:00,2026-02-14T19:02:25.809523+00:00,glottography,cc-by-4.0,https://zenodo.org/records/18643947,18643947,cldf:Generic;linguistics,dataset,https://github.com/Glottography/wikipedia2024officiallang/tree/v2.0
18643894,"Glottography dataset derived from Walker and Ribeiro 2011 ""Bayesian Phylogeography of the Arawak Expansion in Lowland South America""","<p>Cite the source of the dataset as:</p>

<blockquote>
<p>Walker, Robert S. &amp; Lincoln A. Ribeiro. 2011. Bayesian Phylogeography of the Arawak Expansion in Lowland South America. 278(1718). 2562–2567. doi: 10.1098/rspb.2010.2579. Royal Society.</p>
</blockquote>",,,v2.0,The Glottography Consortium,,10.5281/zenodo.18643894,10.5281/zenodo.17342059,17342059,2026-02-14T18:52:32.538311+00:00,2026-02-14T18:52:32.672821+00:00,glottography,cc-by-4.0,https://zenodo.org/records/18643894,18643894,cldf:Generic;linguistics,dataset,https://github.com/Glottography/walker2011bayesian/tree/v2.0
18643875,"Glottography dataset derived from Vuillermet 2012 ""A Grammar of Ese Ejja, a Takanan language of the Bolivian Amazon""","<p>Cite the source of the dataset as:</p>

<blockquote>
<p>Vuillermet, Marine. 2012. A Grammar of Ese Ejja, a Takanan language of the Bolivian Amazon. Université Lumière Lyon 2 dissertation. (xvi+736pp.)</p>
</blockquote>",,,v2.0,The Glottography Consortium,,10.5281/zenodo.18643875,10.5281/zenodo.17342020,17342020,2026-02-14T18:49:40.766378+00:00,2026-02-14T18:49:40.914339+00:00,glottography,cc-by-4.0,https://zenodo.org/records/18643875,18643875,cldf:Generic;linguistics,dataset,https://github.com/Glottography/vuillermet2012grammar/tree/v2.0
18643863,"Glottography dataset derived from Tarble de Scaramelli and Zucchi 1984 ""Nuevos Datos sobre la Arqueología Tardia del Orinoco: La Serie Valloide""","<p>Cite the source of the dataset as:</p>

<blockquote>
<p>Scaramelli, Kay Tarble de &amp; A. Zucchi. 1984. Nuevos Datos sobre la Arqueología Tardia del Orinoco: La Serie Valloide. Acta Científica Venezolana 35. 434-445.</p>
</blockquote>",,,v2.0,The Glottography Consortium,,10.5281/zenodo.18643863,10.5281/zenodo.17341985,17341985,2026-02-14T18:46:47.240381+00:00,2026-02-14T18:46:47.427076+00:00,glottography,cc-by-4.0,https://zenodo.org/records/18643863,18643863,cldf:Generic;linguistics,dataset,https://github.com/Glottography/tarble1984nuevos/tree/v2.0
18643848,"Glottography dataset derived from Suttles and Suttles 1985 ""Native languages of the northwest coast""","<p>Cite the source of the dataset as:</p>

<blockquote>
<p>Suttles, Wayne &amp; Cameron Suttles. 1985. Native languages of the northwest coast. The Press of the Oregon Historical Society.</p>
</blockquote>",,,v2.0,The Glottography Consortium,,10.5281/zenodo.18643848,10.5281/zenodo.17341947,17341947,2026-02-14T18:43:43.876190+00:00,2026-02-14T18:43:44.048919+00:00,glottography,cc-by-4.0,https://zenodo.org/records/18643848,18643848,cldf:Generic;linguistics,dataset,https://github.com/Glottography/suttles1985northwest/tree/v2.0
18643727,"Glottography dataset derived from Steever 2019 ""The Dravidian Languages""","<p>Cite the source of the dataset as:</p>

<blockquote>
<p>Steever, S.B. 2019. The Dravidian Languages. (Routledge Language Family Series.) Taylor \&amp; Francis.</p>
</blockquote>",,,v2.0,The Glottography Consortium,,10.5281/zenodo.18643727,10.5281/zenodo.17341913,17341913,2026-02-14T18:22:21.900191+00:00,2026-02-14T18:22:22.036057+00:00,glottography,cc-by-4.0,https://zenodo.org/records/18643727,18643727,cldf:Generic;linguistics,dataset,https://github.com/Glottography/steever2019dravidian/tree/v2.0
18643706,"Glottography dataset derived from Schapper 2020 ""1. Introduction to The Papuan languages of Timor, Alor and Pantar. Volume 3""","<p>Cite the source of the dataset as:</p>

<blockquote>
<p>Schapper, Antoinette. 2020. 1. Introduction to The Papuan languages of Timor, Alor and Pantar. Volume 3. In  Schapper, Antoinette (ed.) 1–52. Berlin, Boston: De Gruyter Mouton. doi: doi:10.1515/9781501511158-001.</p>
</blockquote>",,,v2.0,The Glottography Consortium,,10.5281/zenodo.18643706,10.5281/zenodo.17341889,17341889,2026-02-14T18:18:53.383400+00:00,2026-02-14T18:18:53.592371+00:00,glottography,cc-by-4.0,https://zenodo.org/records/18643706,18643706,cldf:Generic;linguistics,dataset,https://github.com/Glottography/schapper2020papuan/tree/v2.0
18643660,"Glottography dataset derived from Rantanen et al. 2021 ""Geographical database of the Uralic languages""","<p>Cite the source of the dataset as:</p>

<blockquote>
<p>Rantanen, T., Vesakoski, O., Ylikoski, J., &amp; Tolvanen, H. (2021). Geographical database of the Uralic languages (v1.0) [Data set]. Zenodo. https://doi.org/10.5281/zenodo.4784188</p>
</blockquote>",,,v2.0,The Glottography Consortium,,10.5281/zenodo.18643660,10.5281/zenodo.17341267,17341267,2026-02-14T18:10:54.580297+00:00,2026-02-14T18:10:54.741259+00:00,glottography,cc-by-4.0,https://zenodo.org/records/18643660,18643660,cldf:Generic;linguistics,dataset,https://github.com/Glottography/rantanen2021uralic/tree/v2.0
18643631,"Glottography dataset derived from Queixalos and Renault-Lescure 2000 ""As línguas amazônicas hoje""","<p>Cite the source of the dataset as:</p>

<blockquote>
<p>Queixalos, Francisco &amp; Odile Renault-Lescure. 2000. As línguas amazônicas hoje. In  Queixalós, Francisco and Renault-Lescure, Odile (eds.) São Paulo: IRD/Instituto Socioambiental/MPEG. 432pp.</p>
</blockquote>",,,v2.0,The Glottography Consortium,,10.5281/zenodo.18643631,10.5281/zenodo.17341025,17341025,2026-02-14T18:07:48.414671+00:00,2026-02-14T18:07:48.559614+00:00,glottography,cc-by-4.0,https://zenodo.org/records/18643631,18643631,cldf:Generic;linguistics,dataset,https://github.com/Glottography/queixalos2000linguas/tree/v2.0
18643612,"Glottography dataset derived from Ministerio de Educación, Ciencia y Tecnología de la Nación and Programa Nacional Mapa Educativo 2009 ""República Argentina – Pueblos Indígenas""","<p>Cite the source of the dataset as:</p>

<blockquote>
<p>Ministerio de Educación, Ciencia y Tecnología de la Nación &amp; Programa Nacional Mapa Educativo (eds.) 2009. República Argentina – Pueblos Indígenas.</p>
</blockquote>",,,v2.0,The Glottography Consortium,,10.5281/zenodo.18643612,10.5281/zenodo.17340811,17340811,2026-02-14T18:04:31.766798+00:00,2026-02-14T18:04:31.905905+00:00,glottography,cc-by-4.0,https://zenodo.org/records/18643612,18643612,cldf:Generic;linguistics,dataset,https://github.com/Glottography/ministerio2009pueblos/tree/v2.0
18643516,"Glottography dataset derived from Messineo 2011 ""Aproximación tipológica a las lenguas indígenas del Gran Chaco. Rasgos compartidos entre toba (familia guaycurú) y maká (familia mataco-mataguayo)""","<p>Cite the source of the dataset as:</p>

<blockquote>
<p>Messineo, Cristina. 2011. Aproximación tipológica a las lenguas indígenas del Gran Chaco. Rasgos compartidos entre toba (familia guaycurú) y maká (familia mataco-mataguayo). Indiana. 183-225.</p>
</blockquote>",,,v2.0,The Glottography Consortium,,10.5281/zenodo.18643516,10.5281/zenodo.17340770,17340770,2026-02-14T17:52:01.977466+00:00,2026-02-14T17:52:02.707433+00:00,glottography,cc-by-4.0,https://zenodo.org/records/18643516,18643516,cldf:Generic;linguistics,dataset,https://github.com/Glottography/messineo2011aproximacion/tree/v2.0
18643489,"Glottography dataset derived from Matsumae et al. 2021 ""Exploring correlations in genetic and cultural variation across language families in northeast Asia""","<p>Cite the source of the dataset as:</p>

<blockquote>
<p>Matsumae, Hiromi, Peter Ranacher, Patrick E. Savage, Damián E. Blasi, Thomas E. Currie, Kae Koganebuchi, Nao Nishida, Takehiro Sato, Hideyuki Tanabe, Atsushi Tajima, Steven Brown, Mark Stoneking, Kentaro K. Shimizu, Hiroki Oota &amp; Balthasar Bickel. 2021. Exploring correlations in genetic and cultural variation across language families in northeast Asia. Science Advances 7(34). eabd9223. doi: 10.1126/sciadv.abd9223.</p>
</blockquote>",,,v2.0,The Glottography Consortium,,10.5281/zenodo.18643489,10.5281/zenodo.17340653,17340653,2026-02-14T17:48:40.427587+00:00,2026-02-14T17:48:40.573653+00:00,glottography,cc-by-4.0,https://zenodo.org/records/18643489,18643489,cldf:Generic;linguistics,dataset,https://github.com/Glottography/matsumae2021exploring/tree/v2.0
18643474,"Glottography dataset derived from Hochstetler et al. 2004 ""Sociolinguistic survey of the Dogon language area""","<p>Cite the source of the dataset as:</p>

<blockquote>
<p>Hochstetler, J Lee &amp; Evelin IK Durieux Jude A and Durieux-Boon. 2004. Sociolinguistic survey of the Dogon language area. SIL International. Citeseer.</p>
</blockquote>",,,v2.0,The Glottography Consortium,,10.5281/zenodo.18643474,10.5281/zenodo.17340570,17340570,2026-02-14T17:45:29.386537+00:00,2026-02-14T17:45:29.669842+00:00,glottography,cc-by-4.0,https://zenodo.org/records/18643474,18643474,cldf:Generic;linguistics,dataset,https://github.com/Glottography/hochstetler2004sociolinguistic/tree/v2.0
18643451,"Glottography dataset derived from Haynie and Gavin 2019 ""Modern language range mapping for the study of language diversity""","<p>Cite the source of the dataset as:</p>

<blockquote>
<p>Haynie, Hannah J. &amp; Michael C. Gavin. 2019. Modern language range mapping for the study of language diversity. doi: 10.31235/osf.io/9fu7g.</p>
</blockquote>",,,v2.0,The Glottography Consortium,,10.5281/zenodo.18643451,10.5281/zenodo.17340246,17340246,2026-02-14T17:42:16.320332+00:00,2026-02-14T17:42:16.475360+00:00,glottography,cc-by-nc-4.0,https://zenodo.org/records/18643451,18643451,cldf:Generic;linguistics,dataset,https://github.com/Glottography/haynie2019modern/tree/v2.0
18643394,Glottography dataset derived from Grierson's Linguistic Survey of India,"<p>Cite the source of the dataset as:</p>

<blockquote>
<p>Linguistic survey of India / [compiled and edited] by George Abraham Grierson. Calcutta : Office of the Superintendent of Government Printing, India, 1903-1928. 11 v. in 20 : maps (part fold.) ; 36 cm.</p>
</blockquote>",,,v2.0.1,The Glottography Consortium,,10.5281/zenodo.18643394,10.5281/zenodo.17340137,17340137,2026-02-14T17:35:31.512636+00:00,2026-02-14T17:35:31.645898+00:00,glottography,cc-by-4.0,https://zenodo.org/records/18643394,18643394,cldf:Generic;linguistics,dataset,https://github.com/Glottography/grierson1903lsi/tree/v2.0.1
18643379,Glottography dataset derived from Grierson's Linguistic Survey of India,"<p>Cite the source of the dataset as:</p>

<blockquote>
<p>Linguistic survey of India / [compiled and edited] by George Abraham Grierson. Calcutta : Office of the Superintendent of Government Printing, India, 1903-1928. 11 v. in 20 : maps (part fold.) ; 36 cm.</p>
</blockquote>",,,v2.0,The Glottography Consortium,,10.5281/zenodo.18643379,10.5281/zenodo.17340137,17340137,2026-02-14T17:34:28.708308+00:00,2026-02-14T17:34:28.882236+00:00,glottography,cc-by-4.0,https://zenodo.org/records/18643379,18643379,cldf:Generic;linguistics,dataset,https://github.com/Glottography/grierson1903lsi/tree/v2.0
18614342,"Glottography dataset derived from Goddard 1999 ""Native Languages and Language Families of North America""","<p>Cite the source of the dataset as:</p>

<blockquote>
<p>Goddard, Ives. 1999. Native Languages and Language Families of North America. (Studies in the Anthropology of North American Indians Series.) In  Smithsonian Institution (ed.) Revised and enlarged edition, with additions and corrections edn. University of Nebraska Press. Sheet map, foldedpp.</p>
</blockquote>",,,v2.0,The Glottography Consortium,,10.5281/zenodo.18614342,10.5281/zenodo.17339337,17339337,2026-02-11T19:49:29.626463+00:00,2026-02-11T19:49:29.818073+00:00,glottography,cc-by-4.0,https://zenodo.org/records/18614342,18614342,cldf:Generic;linguistics,dataset,https://github.com/Glottography/goddard1999native/tree/v2.0
18614195,"Glottography dataset derived from Figueira n.d. ""Atlas total de la República Argentina""","<p>Cite the source of the dataset as:</p>

<blockquote>
<p>Figueira, Ricardo. 1982. Atlas total de la República Argentina. In  Chiozza, Elena (ed.) Centro Editor de América Latina.</p>
</blockquote>",,,v2.0,The Glottography Consortium,,10.5281/zenodo.18614195,10.5281/zenodo.17339171,17339171,2026-02-11T19:39:19.723037+00:00,2026-02-11T19:39:19.871519+00:00,glottography,cc-by-4.0,https://zenodo.org/records/18614195,18614195,cldf:Generic;linguistics,dataset,https://github.com/Glottography/figueira1982atlastotalargentina/tree/v2.0
18614163,"Glottography dataset derived from Eriksen 2011 ""Nature and Culture in Prehistoric Amazonia Using G.I.S. to reconstruct ancient ethnogenetic processes from archaeology, linguistics, geography, and ethnohistory""","<p>Cite the source of the dataset as:</p>

<blockquote>
<p>Eriksen, Love. 2011. Nature and Culture in Prehistoric Amazonia Using G.I.S. to reconstruct ancient ethnogenetic processes from archaeology, linguistics, geography, and ethnohistory. In.</p>
</blockquote>",,,v2.0,The Glottography Consortium,,10.5281/zenodo.18614163,10.5281/zenodo.17339138,17339138,2026-02-11T19:35:10.782807+00:00,2026-02-11T19:35:10.944727+00:00,glottography,cc-by-4.0,https://zenodo.org/records/18614163,18614163,cldf:Generic;linguistics,dataset,https://github.com/Glottography/eriksen2011nature/tree/v2.0
18614098,"Glottography dataset derived from Edwards 2020 ""Metathesis and unmetathesis in Amarasi""","<p>Cite the source of the dataset as:</p>

<blockquote>
<p>Edwards, Owen D. 2020. Metathesis and unmetathesis in Amarasi. Berlin: Language Science Press. doi: 10.5281/zenodo.3700413.</p>
</blockquote>",,,v2.0,The Glottography Consortium,,10.5281/zenodo.18614098,10.5281/zenodo.17338065,17338065,2026-02-11T19:26:40.708677+00:00,2026-02-11T19:26:40.980107+00:00,glottography,cc-by-4.0,https://zenodo.org/records/18614098,18614098,cldf:Generic;linguistics,dataset,https://github.com/Glottography/edwards2020metathesis/tree/v2.0
18614069,"Glottography dataset derived from Denevan 1966 ""The aboriginal cultural geography of the Llanos de Mojos of Bolivia""","<p>Cite the source of the dataset as:</p>

<blockquote>
<p>Denevan, William M. 1966. The aboriginal cultural geography of the Llanos de Mojos of Bolivia. (Ibero-Americana, 48.) Berkeley: University of California Press.</p>
</blockquote>",,,v2.0,The Glottography Consortium,,10.5281/zenodo.18614069,10.5281/zenodo.17334280,17334280,2026-02-11T19:21:56.196281+00:00,2026-02-11T19:21:56.390303+00:00,glottography,cc-by-4.0,https://zenodo.org/records/18614069,18614069,cldf:Generic;linguistics,dataset,https://github.com/Glottography/denevan1966aboriginal/tree/v2.0
18614047,"Glottography dataset derived from Dedio et al. 2019 ""Evidence for Britain and Ireland as a Linguistic Area""","<p>Cite the source of the dataset as:</p>

<blockquote>
<p>Dedio, Stefan, Peter Ranacher &amp; Paul Widmer. 2019. Evidence for Britain and Ireland as a Linguistic Area. Language 95(3). 498–522. doi: 10.1353/lan.2019.0054.</p>
</blockquote>",,,v2.0,The Glottography Consortium,,10.5281/zenodo.18614047,10.5281/zenodo.17334235,17334235,2026-02-11T19:18:19.185620+00:00,2026-02-11T19:18:19.403291+00:00,glottography,cc-by-4.0,https://zenodo.org/records/18614047,18614047,cldf:Generic;linguistics,dataset,https://github.com/Glottography/dedio2019britain/tree/v2.0
18614010,Glottography dataset derived from the Geographical Presences in the DiACL/TITUS Polygon Archive,"<p>Cite the source of the dataset as:</p>

<blockquote>
<p>Carling, Gerd &amp; Jost Gippert (eds.) 2025. DiACL/TITUS Polygon Archive. Frankfurt am Main: Goethe University (URL: https://diacl.uni-frankfurt.de/GeographicalPresence/Index)</p>
</blockquote>",,,v2.0,The Glottography Consortium,,10.5281/zenodo.18614010,10.5281/zenodo.17334191,17334191,2026-02-11T19:14:32.065069+00:00,2026-02-11T19:14:32.278352+00:00,glottography,cc-by-4.0,https://zenodo.org/records/18614010,18614010,cldf:Generic;linguistics,dataset,https://github.com/Glottography/carling2025diacl/tree/v2.0
18613913,"Glottography dataset derived from Bowern 2021 ""Files for Australian Language Locations""","<p>Cite the source of the dataset as:</p>

<blockquote>
<p>Bowern, C. (2021). Files for Australian Language Locations [Data set]. Zenodo. https://doi.org/10.5281/zenodo.4898185</p>
</blockquote>",,,v2.0,The Glottography Consortium,,10.5281/zenodo.18613913,10.5281/zenodo.17334089,17334089,2026-02-11T19:02:41.375744+00:00,2026-02-11T19:02:41.548758+00:00,glottography,cc-by-nc-4.0,https://zenodo.org/records/18613913,18613913,cldf:Generic;linguistics,dataset,https://github.com/Glottography/bowern2021australia/tree/v2.0
18613855,"Glottography dataset derived from Bowern and Atkinson 2012 ""Computational phylogenetics and the internal structure of Pama-Nyungan""","<p>Cite the source of the dataset as:</p>

<blockquote>
<p>Bowern, Claire &amp; Quentin Atkinson. 2012. Computational phylogenetics and the internal structure of Pama-Nyungan. Language 88. 817-845. doi: 10.2307/23357554.</p>
</blockquote>",,,v2.0,The Glottography Consortium,,10.5281/zenodo.18613855,10.5281/zenodo.17333459,17333459,2026-02-11T18:54:50.897556+00:00,2026-02-11T18:54:51.098995+00:00,glottography,cc-by-4.0,https://zenodo.org/records/18613855,18613855,cldf:Generic;linguistics,dataset,https://github.com/Glottography/bowern2012pamanyungan/tree/v2.0
18613244,"Glottography dataset derived from Bouckaert et al. 2012 ""Mapping the origins and expansion of the Indo-European language family""","<p>Cite the source of the dataset as:</p>

<blockquote>
<p>Bouckaert, Remco, Philippe Lemey, Michael Dunn, Simon J Greenhill, Alexander V Alekseyenko, Alexei J Drummond, Russell D Gray &amp; Quentin D Suchard Marc A and Atkinson. 2012. Mapping the origins and expansion of the Indo-European language family. Science 337(6097). 957–960. American Association for the Advancement of Science.</p>
</blockquote>",,,v2.0,The Glottography Consortium,,10.5281/zenodo.18613244,10.5281/zenodo.17333412,17333412,2026-02-11T17:40:16.483540+00:00,2026-02-11T17:40:16.663003+00:00,glottography,cc-by-4.0,https://zenodo.org/records/18613244,18613244,cldf:Generic;linguistics,dataset,https://github.com/Glottography/bouckaert2012indoeuropean/tree/v2.0
18613195,"Glottography dataset derived from Asher and Moseley 2007 ""Atlas of the World's Languages""","<p>Cite the source of the dataset as:</p>

<blockquote>
<p>Asher, R. E. &amp; Christopher J. Moseley (eds.) 2007. Atlas of the World&#x27;s Languages. 2nd edn. Routledge.</p>
</blockquote>",,,v2.0,The Glottography Consortium,,10.5281/zenodo.18613195,10.5281/zenodo.15287257,15287257,2026-02-11T17:33:58.308181+00:00,2026-02-11T17:33:58.516492+00:00,glottography,cc-by-4.0,https://zenodo.org/records/18613195,18613195,cldf:Generic;linguistics,dataset,https://github.com/Glottography/asher2007world/tree/v2.0
18611119,"Glottography dataset derived from Allen et al. 2016 ""Resource scarcity drives lethal aggression among prehistoric hunter-gatherers in central California""","<p>Cite the source of the dataset as:</p>

<blockquote>
<p>M.W. Allen, R.L. Bettinger, B.F. Codding, T.L. Jones, A.W. Schwitalla, Resource scarcity drives lethal aggression among prehistoric hunter-gatherers in central California, Proc. Natl. Acad. Sci. U.S.A. 113 (43) 12120-12125, https://doi.org/10.1073/pnas.1607996113 (2016).</p>
</blockquote>",,,v2.0,The Glottography Consortium,The Glottography Consortium,10.5281/zenodo.18611119,10.5281/zenodo.17333164,17333164,2026-02-11T14:47:10.367694+00:00,2026-02-11T14:47:10.561748+00:00,glottography,cc-by-4.0,https://zenodo.org/records/18611119,18611119,cldf:Generic;linguistics,dataset,https://github.com/Glottography/allen2016resource/tree/v2.0
4777568,Uralic basic vocabulary with cognate and loanword information,"<p>When you use this dataset, please also cite the following papers, introducing it:</p>
<blockquote>
<p>De Heer, Mervi; Rogier Blokland; Michael Dunn &amp; Outi Vesakoski. 2024. &ldquo;Loanwords in basic vocabulary as an indicator of borrowing profiles&rdquo;. Journal of Language Contact 16 (1). 54&ndash;103. https://doi.org/10.1163/19552629-bja10057.</p>
</blockquote>
<p>and</p>
<blockquote>
<p>Syrj&auml;nen, Kaj, Luke Maurits, Unni-P&auml;iv&auml; Leino, Terhi Honkola, Jadranka Rota &amp; Outi Vesakoski. 2021. &ldquo;Crouching TIGER, hidden structure: Exploring the nature of linguistic data using TIGER values&rdquo;. Journal of Language Evolution 6(2). 99&ndash;118. <a href=""https://doi.org/10.1093/jole/lzab004"" rel=""nofollow"">https://doi.org/10.1093/jole/lzab004</a></p>
</blockquote>",,,v2.0,"Mervi de Heer ; Mikko Heikkilä ; Kaj Syrjänen ; Jyri Lehtinen ; Outi Vesakoski ; Toni, Suutari ; Michael Dunn ; Urho Määttä ; Unni-Päivä Leino",Mervi de Heer ; Mervi de Heer ; Kaj Syrjänen ; Jyri Lehtinen ; Luke Maurits ; Robert Forkel,10.5281/zenodo.4777568,10.5281/zenodo.1459401,1459401,2021-05-21T06:11:59.207283+00:00,2026-02-10T14:25:32.475997+00:00,lexibank,cc-by-4.0,https://zenodo.org/records/4777568,4777568,cldf:Wordlist;linguistics,dataset,https://github.com/lexibank/uralex/tree/v2.0
18515583,"CLDF dataset derived from Nawsawu's ""Descriptive Phonology of Makyam Naga"" from 2016","<p>Cite the source of the dataset as:</p>

<blockquote>
<p>Nawsawu (2016) Descriptive Phonology of Makyam Naga. MA thesis. Chiang Mai: Payap University</p>
</blockquote>",,,v0.1.1,Nawsawu,"van Dam, Kellen Parker",10.5281/zenodo.18515583,10.5281/zenodo.18502760,18502760,2026-02-07T09:50:16.355929+00:00,2026-02-07T09:50:16.481946+00:00,,cc-by-4.0,https://zenodo.org/records/18515583,18515583,cldf:Wordlist;linguistics,dataset,https://github.com/phonemica/nawsawumakyam/tree/v0.1.1
18502761,"CLDF dataset derived from Nawsawu's ""CLDF dataset derived from Nawsawu's ""Descriptive Phonology of Makyam Naga"" from 2016"" from 2016","<p>Cite the source of the dataset as:</p>

<blockquote>
<p>Nawsawu (2016) Descriptive Phonology of Makyam Naga. MA thesis. Chiang Mai: Payap University</p>
</blockquote>",,,v0.1.0,Nawsawu,"van Dam, Kellen Parker",10.5281/zenodo.18502761,10.5281/zenodo.18502760,18502760,2026-02-06T07:04:42.328978+00:00,2026-02-06T07:04:42.464035+00:00,,cc-by-4.0,https://zenodo.org/records/18502761,18502761,cldf:Wordlist;linguistics,dataset,https://github.com/phonemica/nawsawumakyam/tree/v0.1.0
18501543,Kinbank: A global database of kinship terminology,<p>The data repository for the Kinbank dataset </p>,,,v1.2,"Sam Passmore ; Wolfgang Barth ; Simon Greenhill ; Kyla Quinn ; Catherine Sheard ; Paraskevi Argyriou ; Joshua Birchall ; Claire Bowern ; Jasmine Calladine ; Angarika Deb ; Anouk Diederen ; Niklas P.  Metsäranta ; Jo Hickey-Hall ; Terhi Honkola ; Alice Mitchell ; Mullan, Keira ; Lucy Poole ; Péter Rácz ; Sean Roberts ; Robert Ross ; Ewan Thomas-Colquhoun ; Nicholas D Evans ; Fiona M Jordan",Sam Passmore,10.5281/zenodo.18501543,10.5281/zenodo.4020441,4020441,2026-02-06T04:01:31.272092+00:00,2026-02-06T04:03:03.945956+00:00,cldf-datasets,cc-by-nc-4.0,https://zenodo.org/records/18501543,18501543,cultural-heritage,dataset,https://github.com/kinbank/kinbank/tree/v1.2
18501515,Kinbank: A global database of kinship terminology,<p>The data repository for the Kinbank dataset </p>,,,v1.2,"Sam Passmore ; Wolfgang Barth ; Simon Greenhill ; Kyla Quinn ; Catherine Sheard ; Paraskevi Argyriou ; Joshua Birchall ; Claire Bowern ; Jasmine Calladine ; Angarika Deb ; Anouk Diederen ; Niklas P.  Metsäranta ; Jo Hickey-Hall ; Terhi Honkola ; Mullan, Keira ; Alice Mitchell ; Lucy Poole ; Péter Rácz ; Sean Roberts ; Robert Ross ; Ewan Thomas-Colquhoun ; Nicholas D Evans ; Fiona M Jordan",Sam Passmore,10.5281/zenodo.18501515,10.5281/zenodo.4020441,4020441,2026-02-06T03:54:52.540622+00:00,2026-02-06T03:59:54.998569+00:00,cldf-datasets,cc-by-nc-4.0,https://zenodo.org/records/18501515,18501515,cultural-heritage,dataset,https://github.com/kinbank/kinbank/tree/v1.2
7679421,Kinbank: A global database of kinship terminology,<p>The data repository for the Kinbank dataset </p>,,,v1.2,Sam Passmore ; Wolfgang Barth ; Simon Greenhill ; Kyla Quinn ; Catherine Sheard ; Paraskevi Argyriou ; Joshua Birchall ; Claire Bowern ; Jasmine Calladine ; Angarika Deb ; Anouk Diederen ; Niklas P.  Metsäranta ; Jo Hickey-Hall ; Terhi Honkola ; Alice Mitchell ; Lucy Poole ; Péter Rácz ; Sean Roberts ; Robert Ross ; Ewan Thomas-Colquhoun ; Nicholas D Evans ; Fiona M Jordan,Sam Passmore,10.5281/zenodo.7679421,10.5281/zenodo.4020441,4020441,2026-02-06T03:50:41.219301+00:00,2026-02-06T03:50:41.608087+00:00,cldf-datasets,cc-by-nc-4.0,https://zenodo.org/records/7679421,7679421,cultural-heritage,dataset,https://github.com/kinbank/kinbank/tree/v1.2
18495287,"CLDF dataset derived from Kim et al's ""The Tripura of Bangladesh: A Sociolinguistic Survey"" from 2011","<p>Cite the source of the dataset as:</p>

<blockquote>
<p>Kim, Amy and Roy, Palash and Sangma, Mridul and Kim, Seung (2011) The Tripura of Bangladesh: A Sociolinguistic Survey. Journal of Language Survey Reports. Dallas: SIL International</p>
</blockquote>",,,v1.0.1,"Kim, Amy ; Roy, Palash ; Sangma, Mridul ; Kim, Seung","van Dam, Kellen Parker ; Johann-Mattis List",10.5281/zenodo.18495287,10.5281/zenodo.17973867,17973867,2026-02-05T13:03:17.228131+00:00,2026-02-05T13:03:17.388852+00:00,,cc-by-4.0,https://zenodo.org/records/18495287,18495287,cldf:Wordlist;linguistics,dataset,https://github.com/phonemica/kimkokborok/tree/v1.0.1
18454471,"Digitised, searchable Holle List in Stokhof (1980)","<p>This repository contains the Cross-Linguistic Data Format (CLDF) dataset (Forkel et al. 2018) of the digitised, searchable Holle List (Holle <a href=""https://hdl.handle.net/2027/coo.31924023363215"">1894</a>) in Stokhof (<a href=""http://hdl.handle.net/1885/144430"">1980</a>) (Rajeg <a href=""https://doi.org/10.25446/oxford.23205173"">2023</a>). Details and the interactive web version of the dataset can be accessed via https://engganolang.github.io/digitised-holle-list/.</p>
<p>The work in this repository is part of the <a href=""https://gtr.ukri.org/projects?ref=AH%2FW007290%2F1"">AHRC-funded research</a> on <a href=""https://portal.sds.ox.ac.uk/Lexical_resources_for_Enggano""><strong><em>Lexical resources for Enggano, a threatened language of Indonesia</em></strong></a> (AH/W007290/1) (visit the central webpage of the <a href=""https://portal.sds.ox.ac.uk/Enggano"">Enggano language research</a> at https://enggano.ling-phil.ox.ac.uk/)</p>
<h2>Updates in version 1.5.1</h2>
<ul>
<li><p>Primary update: addressing issue #2 so that the CLDF dataset and the <a href=""https://engganolang.github.io/digitised-holle-list/"">webpage</a> can also be updated (#4) with commits between <a href=""https://github.com/engganolang/digitised-holle-list/commits/main/?since=2026-02-01&amp;until=2026-02-01"">1 Feb 2026</a> and <a href=""https://github.com/engganolang/digitised-holle-list/commits/main/?since=2026-02-02&amp;until=2026-02-02"">2 Feb 2026</a></p>
<ul>
<li>The item/gloss-index with the ""unspecified"" marker (<code>&lt;unsp.&gt;</code>) in the Dutch gloss column (which then has several combining [e.g., <code>IDa-IDc</code>] or alternating/encompassing gloss-index [e.g., <code>IDx/IDy</code>]) is now given the English and Indonesian glosses by taking the individual English and Indonesian gloss(-indexes) (see Stokhof 1980: 19-21 for details) (see these changes in the <code>holle-cldf.R</code> script at <a href=""https://github.com/engganolang/digitised-holle-list/commit/753b83eaa4942d68051c2839f14a8a296037cf01#diff-4fa7a517193a574ebecee04e3d756708c405c139f7d15618479a213f0d891f6e"">753b83e</a>).</li>
<li>This update is exemplified under the Section 2.1 on the webpage (updates point 3)</li>
</ul>
</li>
<li><p>Updating webpage (due to #1), also to include a citation and URL to the original Holle List published in 1894 (Holle <a href=""https://hdl.handle.net/2027/coo.31924023363215"">1894</a>) (<a href=""https://github.com/engganolang/digitised-holle-list/commit/1a96408d6fd35311886cf48143d645a65f0ce985"">1a96408</a>)</p>
</li>
<li><p>Some <a href=""https://github.com/engganolang/digitised-holle-list/commits/main/?since=2025-04-01&amp;until=2025-04-01"">updates</a> on the Concepticon mapping after the previous release (<a href=""https://github.com/engganolang/digitised-holle-list/releases/tag/1.4.1"">v1.4.1</a>)</p>
</li>
<li><p>Project update on the digitalisation of the entire volumes of the regional Holle List in the <a href=""https://github.com/Holle-List"">Holle List GitHub repository</a></p>
</li>
</ul>
<h2>References</h2>
<p>Forkel, Robert, Johann-Mattis List, Simon J. Greenhill, Christoph Rzymski, Sebastian Bank, Michael Cysouw, Harald Hammarström, Martin Haspelmath, Gereon A. Kaiping &amp; Russell D. Gray. 2018. Cross-Linguistic Data Formats, advancing data sharing and re-use in comparative linguistics. Scientific Data. Nature Publishing Group 5(1). 180205. https://doi.org/10.1038/sdata.2018.205.</p>
<p>Holle, Karel Frederik. 1894. Blanco woordenlijst. Batavia: Landsdrukkerij. https://hdl.handle.net/2027/coo.31924023363215.</p>
<p>Rajeg, Gede Primahadi Wijaya. 2023. Digitised, searchable Holle List in Stokhof (1980). Dataset. University of Oxford. https://doi.org/10.25446/oxford.23205173</p>
<p>Stokhof, W. A. L. (ed.). 1980. Holle lists, vocabularies in languages of Indonesia, vol. 1: Introductory volume. Vol. Materials in Languages of Indonesia. Canberra, A.C.T., Australia: Dept. of Linguistics, Research School of Pacific Studies, The Australian National University. http://hdl.handle.net/1885/144430.</p>",,,1.5.1,"Rajeg, Gede Primahadi Wijaya","Koemba, Fitriani Putri ; Dalrymple, Mary ; Arka, I Wayan",10.5281/zenodo.18454471,10.5281/zenodo.7972273,7972273,2026-02-02T07:30:41.779491+00:00,2026-02-02T07:42:21.897997+00:00,holle-list;lexibank;dumilah-fib-unud;enggano;complexico,cc-by-sa-4.0,https://zenodo.org/records/18454471,18454471,holle-list;word-list;Holle-list;language-documentation;lexical-database,dataset,https://github.com/engganolang/digitised-holle-list/tree/1.5.1
18439527,"Glottography dataset derived from Rantanen et al. 2021 ""Geographical database of the Uralic languages""","<p>Cite the source of the dataset as:</p>

<blockquote>
<p>Rantanen, T., Vesakoski, O., Ylikoski, J., &amp; Tolvanen, H. (2021). Geographical database of the Uralic languages (v1.0) [Data set]. Zenodo. https://doi.org/10.5281/zenodo.4784188</p>
</blockquote>",,,v1.0.1,The Glottography Consortium,,10.5281/zenodo.18439527,10.5281/zenodo.17341267,17341267,2026-01-31T07:36:09.323269+00:00,2026-01-31T07:36:09.507766+00:00,glottography,cc-by-4.0,https://zenodo.org/records/18439527,18439527,cldf:Generic;linguistics,dataset,https://github.com/Glottography/rantanen2021uralic/tree/v1.0.1
18439506,"Glottography dataset derived from Asher and Moseley 2007 ""Atlas of the World's Languages""","<p>Cite the source of the dataset as:</p>

<blockquote>
<p>Asher, R. E. &amp; Christopher J. Moseley (eds.) 2007. Atlas of the World&#x27;s Languages. 2nd edn. Routledge.</p>
</blockquote>",,,v1.0.1,The Glottography Consortium,,10.5281/zenodo.18439506,10.5281/zenodo.15287257,15287257,2026-01-31T07:32:26.404011+00:00,2026-01-31T07:32:26.646312+00:00,glottography,cc-by-4.0,https://zenodo.org/records/18439506,18439506,cldf:Generic;linguistics,dataset,https://github.com/Glottography/asher2007world/tree/v1.0.1
18439497,"Glottography dataset derived from Tarble de Scaramelli and Zucchi 1984 ""Nuevos Datos sobre la Arqueología Tardia del Orinoco: La Serie Valloide""","<p>Cite the source of the dataset as:</p>

<blockquote>
<p>Scaramelli, Kay Tarble de &amp; A. Zucchi. 1984. Nuevos Datos sobre la Arqueología Tardia del Orinoco: La Serie Valloide. Acta Científica Venezolana 35. 434-445.</p>
</blockquote>",,,v1.0.1,The Glottography Consortium,,10.5281/zenodo.18439497,10.5281/zenodo.17341985,17341985,2026-01-31T07:29:41.384759+00:00,2026-01-31T07:29:41.494957+00:00,glottography,cc-by-4.0,https://zenodo.org/records/18439497,18439497,cldf:Generic;linguistics,dataset,https://github.com/Glottography/tarble1984nuevos/tree/v1.0.1
18439437,"Glottography dataset derived from Suttles and Suttles 1985 ""Native languages of the northwest coast""","<p>Cite the source of the dataset as:</p>

<blockquote>
<p>Suttles, Wayne &amp; Cameron Suttles. 1985. Native languages of the northwest coast. The Press of the Oregon Historical Society.</p>
</blockquote>",,,v1.0.1,The Glottography Consortium,,10.5281/zenodo.18439437,10.5281/zenodo.17341947,17341947,2026-01-31T07:23:48.115933+00:00,2026-01-31T07:23:48.226340+00:00,glottography,cc-by-4.0,https://zenodo.org/records/18439437,18439437,cldf:Generic;linguistics,dataset,https://github.com/Glottography/suttles1985northwest/tree/v1.0.1
18439377,"Glottography dataset derived from Hochstetler et al. 2004 ""Sociolinguistic survey of the Dogon language area""","<p>Cite the source of the dataset as:</p>

<blockquote>
<p>Hochstetler, J Lee &amp; Evelin IK Durieux Jude A and Durieux-Boon. 2004. Sociolinguistic survey of the Dogon language area. SIL International. Citeseer.</p>
</blockquote>",,,v1.0.1,The Glottography Consortium,,10.5281/zenodo.18439377,10.5281/zenodo.17340570,17340570,2026-01-31T07:17:26.037296+00:00,2026-01-31T07:17:26.184370+00:00,glottography,cc-by-4.0,https://zenodo.org/records/18439377,18439377,cldf:Generic;linguistics,dataset,https://github.com/Glottography/hochstetler2004sociolinguistic/tree/v1.0.1
18439251,"Glottography dataset derived from Haynie and Gavin 2019 ""Modern language range mapping for the study of language diversity""","<p>Cite the source of the dataset as:</p>

<blockquote>
<p>Haynie, Hannah J. &amp; Michael C. Gavin. 2019. Modern language range mapping for the study of language diversity. doi: 10.31235/osf.io/9fu7g.</p>
</blockquote>",,,v1.0.1,The Glottography Consortium,,10.5281/zenodo.18439251,10.5281/zenodo.17340246,17340246,2026-01-31T07:05:24.812102+00:00,2026-01-31T07:05:24.959250+00:00,glottography,cc-by-nc-4.0,https://zenodo.org/records/18439251,18439251,cldf:Generic;linguistics,dataset,https://github.com/Glottography/haynie2019modern/tree/v1.0.1
18439221,"Glottography dataset derived from Goddard 1999 ""Native Languages and Language Families of North America""","<p>Cite the source of the dataset as:</p>

<blockquote>
<p>Goddard, Ives. 1999. Native Languages and Language Families of North America. (Studies in the Anthropology of North American Indians Series.) In  Smithsonian Institution (ed.) Revised and enlarged edition, with additions and corrections edn. University of Nebraska Press. Sheet map, foldedpp.</p>
</blockquote>",,,v1.0.1,The Glottography Consortium,,10.5281/zenodo.18439221,10.5281/zenodo.17339337,17339337,2026-01-31T07:02:33.579377+00:00,2026-01-31T07:02:33.813203+00:00,glottography,cc-by-4.0,https://zenodo.org/records/18439221,18439221,cldf:Generic;linguistics,dataset,https://github.com/Glottography/goddard1999native/tree/v1.0.1
18439153,"Glottography dataset derived from Zucchi 2017 ""Arqueología de los llanos occidentales y el Orinoco""","<p>Cite the source of the dataset as:</p>

<blockquote>
<p>Zucchi, Alberta. 2017. Arqueología de los llanos occidentales y el Orinoco. (Collección clásicos de la arqueología Venezolana.) Caracas: Centro Nacional de Estudios Históricos.</p>
</blockquote>",,,v1.0.1,The Glottography Consortium,,10.5281/zenodo.18439153,10.5281/zenodo.17342210,17342210,2026-01-31T06:55:01.799941+00:00,2026-01-31T06:55:01.968438+00:00,glottography,cc-by-4.0,https://zenodo.org/records/18439153,18439153,cldf:Generic;linguistics,dataset,https://github.com/Glottography/zucchi2017arqueologia/tree/v1.0.1
18439140,"Glottography dataset derived from Wurm and Hattori 1981/83 ""Language atlas of the pacific area""","<p>Cite the source of the dataset as:</p>

<blockquote>
<p>Wurm, S. &amp; Hattori, S. Language Atlas of the Pacific Area: New Guinea area, Oceania, Australia, vol. 66 of Pacific Linguistics: Series C (Canberra: Research School of Pacific and Asian Studies, Australian National University, Canberra, 1981). Wurm, S. &amp; Hattori, S. Language Atlas of the Pacific Area: Japan area, Taiwan-Formosa, Philippines, Mainland and insular South-East Asia, vol. 67 of Pacific Linguistics: Series C (Canberra: Research School of Pacific and Asian Studies, Australian National University, Canberra, 1983). Registered scans and GIS dataset released by the Electronic Cultural Atlas Initiative (ECAI).</p>
</blockquote>",,,v1.0.1,The Glottography Consortium,,10.5281/zenodo.18439140,10.5281/zenodo.17342179,17342179,2026-01-31T06:53:48.498114+00:00,2026-01-31T06:53:48.649950+00:00,glottography,cc-by-nc-4.0,https://zenodo.org/records/18439140,18439140,cldf:Generic;linguistics,dataset,https://github.com/Glottography/wurm1981pacific/tree/v1.0.1
18439091,"Glottography dataset derived from Wikipedia contributors 2024 ""List of official languages by country and territory --- Wikipedia, The Free Encyclopedia""","<p>Cite the source of the dataset as:</p>

<blockquote>
<p>{Wikipedia contributors}. 2024. List of official languages by country and territory --- Wikipedia, The Free Encyclopedia. ([Online; accessed 18-November-2024]).</p>
</blockquote>",,,v1.0.1,The Glottography Consortium,,10.5281/zenodo.18439091,10.5281/zenodo.17342115,17342115,2026-01-31T06:48:12.116140+00:00,2026-01-31T06:48:12.257767+00:00,glottography,cc-by-4.0,https://zenodo.org/records/18439091,18439091,cldf:Generic;linguistics,dataset,https://github.com/Glottography/wikipedia2024officiallang/tree/v1.0.1
18439071,"Glottography dataset derived from Vuillermet 2012 ""A Grammar of Ese Ejja, a Takanan language of the Bolivian Amazon""","<p>Cite the source of the dataset as:</p>

<blockquote>
<p>Vuillermet, Marine. 2012. A Grammar of Ese Ejja, a Takanan language of the Bolivian Amazon. Université Lumière Lyon 2 dissertation. (xvi+736pp.)</p>
</blockquote>",,,v1.0.1,The Glottography Consortium,,10.5281/zenodo.18439071,10.5281/zenodo.17342020,17342020,2026-01-31T06:46:05.132020+00:00,2026-01-31T06:46:05.335162+00:00,glottography,cc-by-4.0,https://zenodo.org/records/18439071,18439071,cldf:Generic;linguistics,dataset,https://github.com/Glottography/vuillermet2012grammar/tree/v1.0.1
18439062,"Glottography dataset derived from Schapper 2020 ""1. Introduction to The Papuan languages of Timor, Alor and Pantar. Volume 3""","<p>Cite the source of the dataset as:</p>

<blockquote>
<p>Schapper, Antoinette. 2020. 1. Introduction to The Papuan languages of Timor, Alor and Pantar. Volume 3. In  Schapper, Antoinette (ed.) 1–52. Berlin, Boston: De Gruyter Mouton. doi: doi:10.1515/9781501511158-001.</p>
</blockquote>",,,v1.0.1,The Glottography Consortium,,10.5281/zenodo.18439062,10.5281/zenodo.17341889,17341889,2026-01-31T06:44:53.670777+00:00,2026-01-31T06:44:53.832449+00:00,glottography,cc-by-4.0,https://zenodo.org/records/18439062,18439062,cldf:Generic;linguistics,dataset,https://github.com/Glottography/schapper2020papuan/tree/v1.0.1
18439035,"Glottography dataset derived from Queixalos and Renault-Lescure 2000 ""As línguas amazônicas hoje""","<p>Cite the source of the dataset as:</p>

<blockquote>
<p>Queixalos, Francisco &amp; Odile Renault-Lescure. 2000. As línguas amazônicas hoje. In  Queixalós, Francisco and Renault-Lescure, Odile (eds.) São Paulo: IRD/Instituto Socioambiental/MPEG. 432pp.</p>
</blockquote>",,,v1.0.1,The Glottography Consortium,,10.5281/zenodo.18439035,10.5281/zenodo.17341025,17341025,2026-01-31T06:42:45.136111+00:00,2026-01-31T06:42:45.292201+00:00,glottography,cc-by-4.0,https://zenodo.org/records/18439035,18439035,cldf:Generic;linguistics,dataset,https://github.com/Glottography/queixalos2000linguas/tree/v1.0.1
18438995,"Glottography dataset derived from Ministerio de Educación, Ciencia y Tecnología de la Nación and Programa Nacional Mapa Educativo 2009 ""República Argentina – Pueblos Indígenas""","<p>Cite the source of the dataset as:</p>

<blockquote>
<p>Ministerio de Educación, Ciencia y Tecnología de la Nación &amp; Programa Nacional Mapa Educativo (eds.) 2009. República Argentina – Pueblos Indígenas.</p>
</blockquote>",,,v1.0.1,The Glottography Consortium,,10.5281/zenodo.18438995,10.5281/zenodo.17340811,17340811,2026-01-31T06:40:34.762297+00:00,2026-01-31T06:40:34.868665+00:00,glottography,cc-by-4.0,https://zenodo.org/records/18438995,18438995,cldf:Generic;linguistics,dataset,https://github.com/Glottography/ministerio2009pueblos/tree/v1.0.1
18438949,"Glottography dataset derived from Messineo 2011 ""Aproximación tipológica a las lenguas indígenas del Gran Chaco. Rasgos compartidos entre toba (familia guaycurú) y maká (familia mataco-mataguayo)""","<p>Cite the source of the dataset as:</p>

<blockquote>
<p>Messineo, Cristina. 2011. Aproximación tipológica a las lenguas indígenas del Gran Chaco. Rasgos compartidos entre toba (familia guaycurú) y maká (familia mataco-mataguayo). Indiana. 183-225.</p>
</blockquote>",,,v1.0.1,The Glottography Consortium,,10.5281/zenodo.18438949,10.5281/zenodo.17340770,17340770,2026-01-31T06:37:11.543767+00:00,2026-01-31T06:37:11.724910+00:00,glottography,cc-by-4.0,https://zenodo.org/records/18438949,18438949,cldf:Generic;linguistics,dataset,https://github.com/Glottography/messineo2011aproximacion/tree/v1.0.1
18438931,"Glottography dataset derived from Eriksen 2011 ""Nature and Culture in Prehistoric Amazonia Using G.I.S. to reconstruct ancient ethnogenetic processes from archaeology, linguistics, geography, and ethnohistory""","<p>Cite the source of the dataset as:</p>

<blockquote>
<p>Eriksen, Love. 2011. Nature and Culture in Prehistoric Amazonia Using G.I.S. to reconstruct ancient ethnogenetic processes from archaeology, linguistics, geography, and ethnohistory. In.</p>
</blockquote>",,,v1.0.1,The Glottography Consortium,,10.5281/zenodo.18438931,10.5281/zenodo.17339138,17339138,2026-01-31T06:35:46.528780+00:00,2026-01-31T06:35:46.726311+00:00,glottography,cc-by-4.0,https://zenodo.org/records/18438931,18438931,cldf:Generic;linguistics,dataset,https://github.com/Glottography/eriksen2011nature/tree/v1.0.1
18436588,"Glottography dataset derived from Dedio et al. 2019 ""Evidence for Britain and Ireland as a Linguistic Area""","<p>Cite the source of the dataset as:</p>

<blockquote>
<p>Dedio, Stefan, Peter Ranacher &amp; Paul Widmer. 2019. Evidence for Britain and Ireland as a Linguistic Area. Language 95(3). 498–522. doi: 10.1353/lan.2019.0054.</p>
</blockquote>",,,v1.0.1,The Glottography Consortium,,10.5281/zenodo.18436588,10.5281/zenodo.17334235,17334235,2026-01-30T22:07:59.988176+00:00,2026-01-30T22:08:00.203422+00:00,glottography,cc-by-4.0,https://zenodo.org/records/18436588,18436588,cldf:Generic;linguistics,dataset,https://github.com/Glottography/dedio2019britain/tree/v1.0.1
18436586,"Glottography dataset derived from Edwards 2020 ""Metathesis and unmetathesis in Amarasi""","<p>Cite the source of the dataset as:</p>

<blockquote>
<p>Edwards, Owen D. 2020. Metathesis and unmetathesis in Amarasi. Berlin: Language Science Press. doi: 10.5281/zenodo.3700413.</p>
</blockquote>",,,v1.0.1,The Glottography Consortium,,10.5281/zenodo.18436586,10.5281/zenodo.17338065,17338065,2026-01-30T22:07:00.884481+00:00,2026-01-30T22:07:01.077727+00:00,glottography,cc-by-4.0,https://zenodo.org/records/18436586,18436586,cldf:Generic;linguistics,dataset,https://github.com/Glottography/edwards2020metathesis/tree/v1.0.1
18436258,"Glottography dataset derived from Bouckaert et al. 2012 ""Mapping the origins and expansion of the Indo-European language family""","<p>Cite the source of the dataset as:</p>

<blockquote>
<p>Bouckaert, Remco, Philippe Lemey, Michael Dunn, Simon J Greenhill, Alexander V Alekseyenko, Alexei J Drummond, Russell D Gray &amp; Quentin D Suchard Marc A and Atkinson. 2012. Mapping the origins and expansion of the Indo-European language family. Science 337(6097). 957–960. American Association for the Advancement of Science.</p>
</blockquote>",,,v1.0.1,The Glottography Consortium,,10.5281/zenodo.18436258,10.5281/zenodo.17333412,17333412,2026-01-30T20:53:37.022722+00:00,2026-01-30T20:53:37.255515+00:00,glottography,cc-by-4.0,https://zenodo.org/records/18436258,18436258,cldf:Generic;linguistics,dataset,https://github.com/Glottography/bouckaert2012indoeuropean/tree/v1.0.1
18434736,"Glottography dataset derived from Bowern 2021 ""Files for Australian Language Locations""","<p>Cite the source of the dataset as:</p>

<blockquote>
<p>Bowern, C. (2021). Files for Australian Language Locations [Data set]. Zenodo. https://doi.org/10.5281/zenodo.4898185</p>
</blockquote>",,,v1.01,The Glottography Consortium,,10.5281/zenodo.18434736,10.5281/zenodo.17334089,17334089,2026-01-30T17:59:00.231024+00:00,2026-01-30T17:59:00.419900+00:00,glottography,cc-by-nc-4.0,https://zenodo.org/records/18434736,18434736,cldf:Generic;linguistics,dataset,https://github.com/Glottography/bowern2021australia/tree/v1.01
18229037,D-PLACE aggregated dataset,"<p>Cite the source of the dataset as:</p>

<blockquote>
<p>Kathryn R. Kirby, Russell D. Gray, Simon J. Greenhill, Fiona M. Jordan, Stephanie Gomes-Ng, Hans-Jörg Bibiko, Damián E. Blasi, Carlos A. Botero, Claire Bowern, Carol R. Ember, Dan Leehr, Bobbi S. Low, Joe McCarter, William Divale, and Michael C. Gavin. (2016). D-PLACE: A Global Database of Cultural, Linguistic and Environmental Diversity. PLoS ONE, 11(7): e0158391. doi:10.1371/journal.pone.0158391.</p>
</blockquote>",,,v3.3.0,Kathryn R. Kirby ; Russell D. Gray ; Simon J. Greenhill ; Fiona M. Jordan ; Stephanie Gomes-Ng ; Hans-Jörg Bibiko ; Damián E. Blasi ; Carlos A. Botero ; Claire Bowern ; Carol R. Ember ; Dan Leehr ; Bobbi S. Low ; Joe McCarter ; William Divale ; Michael C. Gavin ; Václav Hrnčíř,Robert Forkel,10.5281/zenodo.18229037,10.5281/zenodo.3935419,3935419,2026-01-13T07:13:08.408627+00:00,2026-01-13T07:13:08.579447+00:00,cldf-datasets;dplace,cc-by-nc-4.0,https://zenodo.org/records/18229037,18229037,cldf:StructureDataset;linguistics,dataset,https://github.com/D-PLACE/dplace-cldf/tree/v3.3.0
18223072,D-PLACE dataset derived from Murdock and White 1969 'Standard Cross-Cultural Sample',"<p>Cite the source of the dataset as:</p>

<blockquote>
<p>Murdock GP &amp; White DR. 1969. Standard Cross-Cultural Sample. Ethnology. 9:329–369.</p>
</blockquote>",,,v3.3,"Murdock, George P. ; White, Douglas R.",Kathryn R. Kirby ; Russell D. Gray ; Simon J. Greenhill ; Fiona M. Jordan ; Stephanie Gomes-Ng ; Hans-Jörg Bibiko ; Damián E. Blasi ; Carlos A. Botero ; Claire Bowern ; Carol R. Ember ; Dan Leehr ; Bobbi S. Low ; Joe McCarter ; William Divale ; Michael C. Gavin,10.5281/zenodo.18223072,10.5281/zenodo.10201074,10201074,2026-01-12T14:36:42.668360+00:00,2026-01-12T14:36:42.885960+00:00,dplace,cc-by-nc-4.0,https://zenodo.org/records/18223072,18223072,cldf:StructureDataset;linguistics,dataset,https://github.com/D-PLACE/dplace-dataset-sccs/tree/v3.3
18099159,"CLDF dataset derived from Ugarte et al.'s ""NorthPeruLex - A Lexical Dataset of Small Language Families and Isolates from Northern Peru (forthcoming).","<p>Cite the source of the dataset as:</p>

<blockquote>
<p>Ugarte, Carlos and Blum, Frederic and Ingunza, Adriano and Gonzales, Rosa and Peña, Jaime. Forthcoming. NorthPeruLex - A Lexical Dataset of Small Language Families and Isolates from Northern Peru.</p>
</blockquote>",,,v1.0,Carlos Ugarte ; Frederic Blum ; Adriano Ingunza ; Rosa Gonzales ; Jaime Peña,Carlos Ugarte ; Frederic Blum,10.5281/zenodo.18099159,10.5281/zenodo.13269802,13269802,2025-12-30T18:15:20.367922+00:00,2025-12-30T18:15:20.551541+00:00,lexibank,cc-by-4.0,https://zenodo.org/records/18099159,18099159,cldf:Wordlist;linguistics,dataset,https://github.com/lexibank/northperulex/tree/v1.0
18087900,"CLDF dataset derived from Ugarte et al.'s ""NorthPeruLex - A Lexical Dataset of Small Language Families and Isolates from Northern Peru (forthcoming).","<p>Cite the source of the dataset as:</p>

<blockquote>
<p>Ugarte, Carlos and Blum, Frederic and Ingunza, Adriano and Gonzales, Rosa and Peña, Jaime. Forthcoming. NorthPeruLex - A Lexical Dataset of Small Language Families and Isolates from Northern Peru.</p>
</blockquote>",,,v1.0,Carlos Ugarte ; Frederic Blum ; Adriano Ingunza ; Rosa Gonzales ; Jaime Peña,Carlos Ugarte ; Frederic Blum,10.5281/zenodo.18087900,10.5281/zenodo.13269802,13269802,2025-12-29T16:35:34.223584+00:00,2025-12-29T16:35:34.414093+00:00,lexibank,cc-by-4.0,https://zenodo.org/records/18087900,18087900,cldf:Wordlist;linguistics,dataset,https://github.com/lexibank/northperulex/tree/v1.0
17986360,Wanukaka Dictionary,"<p>Cite the source of the dataset as:</p>

<blockquote>
<p>Leif Asplund, Tomas Tagu Dodu, and Allahverdi Verdizade. 2025. Wanukaka Dictionary. Dictionaria 16. 1-3791 (Available online at https://dictionaria.clld.org/contributions/wanukaka)</p>
</blockquote>",,,v1.0,Leif Asplund ; Tomas Tagu Dodu ; Allahverdi Verdizade,Johannes Englisch ; Iren Hartmann ; Barbara Stiebels ; Martin Haspelmath,10.5281/zenodo.17986360,10.5281/zenodo.17986359,17986359,2025-12-19T10:05:13.878152+00:00,2025-12-19T10:05:14.102322+00:00,dictionaria,cc-by-4.0,https://zenodo.org/records/17986360,17986360,cldf:Dictionary;linguistics,dataset,https://github.com/dictionaria/wanukaka/tree/v1.0
17986053,Sinitic between Altaic and Mainland Southeast Asia,Szeto &amp; Yurayong: Sinitic between Altaic and Mainland Southeast Asia,,,v1.0,Pui Yiu Szeto ; Chingduang Yuradong,Johannes Englisch ; Martin Haspelmath,10.5281/zenodo.17986053,10.5281/zenodo.17986052,17986052,2025-12-19T09:38:20.431392+00:00,2025-12-19T09:38:20.591354+00:00,crossgram,cc-by-4.0,https://zenodo.org/records/17986053,17986053,cldf:StructureDataset;linguistics,dataset,https://github.com/cldf-datasets/siniticbetween/tree/v1.0
17985734,Differential object marking in symmetrical voice languages,CLDF dataset based on Bonmann et al. (2024) 'Differential object marking in Western Malayo-Polynesian symmetrical voice languages',,,v1.0,Svenja Bonmann ; Sonja Riesberg ; Nikolaus P. Himmelmann,Johannes Englisch ; Martin Haspelmath,10.5281/zenodo.17985734,10.5281/zenodo.17985733,17985733,2025-12-19T09:17:08.775866+00:00,2025-12-19T09:31:57.012174+00:00,crossgram,cc-by-4.0,https://zenodo.org/records/17985734,17985734,cldf:StructureDataset;linguistics,dataset,https://github.com/cldf-datasets/bonmannsymmetrical/tree/v1.0
17985722,Special numerals in South Asian languages,Special numerals in South Asian languages,,,v1.0,Kumari Mamta,Johannes Englisch ; Martin Haspelmath,10.5281/zenodo.17985722,10.5281/zenodo.17985721,17985721,2025-12-19T09:16:20.009452+00:00,2025-12-19T09:16:20.214072+00:00,crossgram,cc-by-4.0,https://zenodo.org/records/17985722,17985722,cldf:StructureDataset;linguistics,dataset,https://github.com/cldf-datasets/mamtasouthasia/tree/v1.0
17985706,Indefinite pronoun markers,Haspelmath (1997): 'Indefinite Pronouns',,,v1.0,Martin Haspelmath,Johannes Englisch,10.5281/zenodo.17985706,10.5281/zenodo.17985705,17985705,2025-12-19T09:14:52.813171+00:00,2025-12-19T09:14:52.977041+00:00,crossgram,cc-by-4.0,https://zenodo.org/records/17985706,17985706,cldf:StructureDataset;linguistics,dataset,https://github.com/cldf-datasets/haspelmathindefpro/tree/v1.0
17985692,Adverbial subordinators in European languages,Kortmann 1997 on Adverbial Subordination,,,v1.0,Bernd Kortmann,Johannes Englisch ; Martin Haspelmath,10.5281/zenodo.17985692,10.5281/zenodo.17985691,17985691,2025-12-19T09:13:56.642939+00:00,2025-12-19T09:13:56.789373+00:00,crossgram,cc-by-4.0,https://zenodo.org/records/17985692,17985692,cldf:StructureDataset;linguistics,dataset,https://github.com/cldf-datasets/kortmannadverbial/tree/v1.0
17984267,D-PLACE dataset derived from Murdock et al. 1999 'Ethnographic Atlas',"<p>Cite the source of the dataset as:</p>

<blockquote>
<p>Murdock, G. P., R. Textor, H. Barry, III, D. R. White, J. P. Gray, and W. T. Divale. 1999. Ethnographic Atlas. World Cultures 10:24-136 (codebook)</p>
</blockquote>",,,v3.3,"Murdock, G. P. ; R. Textor ; H. Barry, III ; D. R. White ; J. P. Gray ; W. T. Divale",Kathryn R. Kirby ; Russell D. Gray ; Simon J. Greenhill ; Fiona M. Jordan ; Stephanie Gomes-Ng ; Hans-Jörg Bibiko ; Damián E. Blasi ; Carlos A. Botero ; Claire Bowern ; Carol R. Ember ; Dan Leehr ; Bobbi S. Low ; Joe McCarter ; William Divale ; Michael C. Gavin,10.5281/zenodo.17984267,10.5281/zenodo.10177060,10177060,2025-12-19T07:03:36.113326+00:00,2025-12-19T07:03:36.306685+00:00,dplace,cc-by-nc-4.0,https://zenodo.org/records/17984267,17984267,cldf:StructureDataset;linguistics,dataset,https://github.com/D-PLACE/dplace-dataset-ea/tree/v3.3
17973868,"CLDF dataset derived from Kim et al's ""The Tripura of Bangladesh: A Sociolinguistic Survey"" from 2011","<p>Cite the source of the dataset as:</p>

<blockquote>
<p>Kim, Amy and Roy, Palash and Sangma, Mridul and Kim, Seung (2011) The Tripura of Bangladesh: A Sociolinguistic Survey. Journal of Language Survey Reports. Dallas: SIL International</p>
</blockquote>",,,v1.0.0,"Kim, Amy ; Roy, Palash ; Sangma, Mridul ; Kim, Seung","van Dam, Kellen Parker ; Johann-Mattis List",10.5281/zenodo.17973868,10.5281/zenodo.17973867,17973867,2025-12-18T08:42:17.359922+00:00,2025-12-18T08:42:17.508494+00:00,,cc-by-4.0,https://zenodo.org/records/17973868,17973868,cldf:Wordlist;linguistics,dataset,https://github.com/phonemica/kimkokborok/tree/v1.0.0
17617220,D-PLACE aggregated dataset,"<p>Cite the source of the dataset as:</p>

<blockquote>
<p>Kathryn R. Kirby, Russell D. Gray, Simon J. Greenhill, Fiona M. Jordan, Stephanie Gomes-Ng, Hans-Jörg Bibiko, Damián E. Blasi, Carlos A. Botero, Claire Bowern, Carol R. Ember, Dan Leehr, Bobbi S. Low, Joe McCarter, William Divale, and Michael C. Gavin. (2016). D-PLACE: A Global Database of Cultural, Linguistic and Environmental Diversity. PLoS ONE, 11(7): e0158391. doi:10.1371/journal.pone.0158391.</p>
</blockquote>",,,v3.2.1,Kathryn R. Kirby ; Russell D. Gray ; Simon J. Greenhill ; Fiona M. Jordan ; Stephanie Gomes-Ng ; Hans-Jörg Bibiko ; Damián E. Blasi ; Carlos A. Botero ; Claire Bowern ; Carol R. Ember ; Dan Leehr ; Bobbi S. Low ; Joe McCarter ; William Divale ; Michael C. Gavin ; Václav Hrnčíř,Robert Forkel,10.5281/zenodo.17617220,10.5281/zenodo.3935419,3935419,2025-11-15T11:34:11.171314+00:00,2025-11-15T11:34:11.304623+00:00,cldf-datasets;dplace,cc-by-nc-4.0,https://zenodo.org/records/17617220,17617220,cldf:StructureDataset;linguistics,dataset,https://github.com/D-PLACE/dplace-cldf/tree/v3.2.1
17610140,D-PLACE aggregated dataset,"<p>Cite the source of the dataset as:</p>

<blockquote>
<p>Kathryn R. Kirby, Russell D. Gray, Simon J. Greenhill, Fiona M. Jordan, Stephanie Gomes-Ng, Hans-Jörg Bibiko, Damián E. Blasi, Carlos A. Botero, Claire Bowern, Carol R. Ember, Dan Leehr, Bobbi S. Low, Joe McCarter, William Divale, and Michael C. Gavin. (2016). D-PLACE: A Global Database of Cultural, Linguistic and Environmental Diversity. PLoS ONE, 11(7): e0158391. doi:10.1371/journal.pone.0158391.</p>
</blockquote>",,,v3.2.0,Kathryn R. Kirby ; Russell D. Gray ; Simon J. Greenhill ; Fiona M. Jordan ; Stephanie Gomes-Ng ; Hans-Jörg Bibiko ; Damián E. Blasi ; Carlos A. Botero ; Claire Bowern ; Carol R. Ember ; Dan Leehr ; Bobbi S. Low ; Joe McCarter ; William Divale ; Michael C. Gavin ; Václav Hrnčíř,Robert Forkel,10.5281/zenodo.17610140,10.5281/zenodo.3935419,3935419,2025-11-14T13:59:13.717630+00:00,2025-11-14T13:59:13.925505+00:00,cldf-datasets;dplace,cc-by-nc-4.0,https://zenodo.org/records/17610140,17610140,cldf:StructureDataset;linguistics,dataset,https://github.com/D-PLACE/dplace-cldf/tree/v3.2.0
17607789,D-PLACE dataset derived from Robert L. Carneiro's Dataset (4th Edition),"<p>Cite the D-PLACE dataset as</p>
<p>DOI</p>",,,v1.0.1,Robert L. Carneiro,Václav Hrnčíř ; Václav Hrnčíř ; Robert Forkel ; Robert Forkel,10.5281/zenodo.17607789,10.5281/zenodo.17599042,17599042,2025-11-14T09:33:58.986827+00:00,2025-11-14T09:33:59.244967+00:00,dplace,cc-by-4.0,https://zenodo.org/records/17607789,17607789,cldf:StructureDataset;linguistics,dataset,https://github.com/D-PLACE/dplace-dataset-carneiro4/tree/v1.0.1
17607723,D-PLACE dataset derived from Robert L. Carneiro's Dataset (6th edition),"<p>Cite the D-PLACE dataset as</p>
<p>DOI</p>",,,v1.0.1,Robert L. Carneiro,Václav Hrnčíř ; Václav Hrnčíř ; Robert Forkel ; Robert Forkel,10.5281/zenodo.17607723,10.5281/zenodo.17600554,17600554,2025-11-14T09:24:58.126553+00:00,2025-11-14T09:24:58.258681+00:00,dplace,cc-by-4.0,https://zenodo.org/records/17607723,17607723,cldf:StructureDataset;linguistics,dataset,https://github.com/D-PLACE/dplace-dataset-carneiro6/tree/v1.0.1
17602181,D-PLACE dataset derived from Murdock et al. 1999 'Ethnographic Atlas',"<p>Cite the source of the dataset as:</p>

<blockquote>
<p>Murdock, G. P., R. Textor, H. Barry, III, D. R. White, J. P. Gray, and W. T. Divale. 1999. Ethnographic Atlas. World Cultures 10:24-136 (codebook)</p>
</blockquote>",,,v3.2.1,"Murdock, G. P. ; R. Textor ; H. Barry, III ; D. R. White ; J. P. Gray ; W. T. Divale",Kathryn R. Kirby ; Russell D. Gray ; Simon J. Greenhill ; Fiona M. Jordan ; Stephanie Gomes-Ng ; Hans-Jörg Bibiko ; Damián E. Blasi ; Carlos A. Botero ; Claire Bowern ; Carol R. Ember ; Dan Leehr ; Bobbi S. Low ; Joe McCarter ; William Divale ; Michael C. Gavin,10.5281/zenodo.17602181,10.5281/zenodo.10177060,10177060,2025-11-13T16:10:47.060082+00:00,2025-11-13T16:10:48.338439+00:00,dplace,cc-by-nc-4.0,https://zenodo.org/records/17602181,17602181,cldf:StructureDataset;linguistics,dataset,https://github.com/D-PLACE/dplace-dataset-ea/tree/v3.2.1
17602055,D-PLACE dataset derived from Jorgensen 1980 'Western Indians',"<p>Cite the source of the dataset as:</p>

<blockquote>
<p>Jorgensen, JG. 1980. Western Indians: Comparative Environments, Languages, and Cultures of 172 Western American Indian Tribes. San Francisco: W.H. Freeman and Company.</p>
</blockquote>",,,v3.2,"Jorgensen, JG",Kathryn R. Kirby ; Russell D. Gray ; Simon J. Greenhill ; Fiona M. Jordan ; Stephanie Gomes-Ng ; Hans-Jörg Bibiko ; Damián E. Blasi ; Carlos A. Botero ; Claire Bowern ; Carol R. Ember ; Dan Leehr ; Bobbi S. Low ; Joe McCarter ; William Divale ; Michael C. Gavin,10.5281/zenodo.17602055,10.5281/zenodo.10201103,10201103,2025-11-13T15:58:25.795671+00:00,2025-11-13T15:58:26.974119+00:00,dplace,cc-by-nc-4.0,https://zenodo.org/records/17602055,17602055,cldf:StructureDataset;linguistics,dataset,https://github.com/D-PLACE/dplace-dataset-wnai/tree/v3.2
17601927,D-PLACE dataset derived from Olson et al. 2001 'Terrestrial Ecoregions of the World',"<p>Cite the source of the dataset as:</p>

<blockquote>
<p>Olson, D. M., Dinerstein, E., Wikramanayake, E. D., Burgess, N. D., Powell, G. V. N., Underwood, E. C., D&#x27;Amico, J. A., Itoua, I., Strand, H. E., Morrison, J. C., Loucks, C. J., Allnutt, T. F., Ricketts, T. H., Kura, Y., Lamoreux, J. F., Wettengel, W. W., Hedao, P., Kassem, K. R. 2001. Terrestrial ecoregions of the world: a new map of life on Earth. Bioscience 51(11):933-938.</p>
</blockquote>",,,v3.2,"Olson, D. M. ; Dinerstein, E. ; Wikramanayake, E. D. ; Burgess, N. D. ; Powell, G. V. N. ; Underwood, E. C. ; D'Amico, J. A. ; Itoua, I. ; Strand, H. E. ; Morrison, J. C. ; Loucks, C. J. ; Allnutt, T. F. ; Ricketts, T. H. ; Kura, Y. ; Lamoreux, J. F. ; Wettengel, W. W. ; Hedao, P. ; Kassem, K. R.",Kathryn R. Kirby ; Russell D. Gray ; Simon J. Greenhill ; Fiona M. Jordan ; Stephanie Gomes-Ng ; Hans-Jörg Bibiko ; Damián E. Blasi ; Carlos A. Botero ; Claire Bowern ; Carol R. Ember ; Dan Leehr ; Bobbi S. Low ; Joe McCarter ; William Divale ; Michael C. Gavin,10.5281/zenodo.17601927,10.5281/zenodo.10201086,10201086,2025-11-13T15:43:35.007796+00:00,2025-11-13T15:43:35.114291+00:00,dplace,cc-by-nc-4.0,https://zenodo.org/records/17601927,17601927,cldf:StructureDataset;linguistics,dataset,https://github.com/D-PLACE/dplace-dataset-teow/tree/v3.2
17601873,D-PLACE dataset derived from Murdock and White 1969 'Standard Cross-Cultural Sample',"<p>Cite the source of the dataset as:</p>

<blockquote>
<p>Murdock GP &amp; White DR. 1969. Standard Cross-Cultural Sample. Ethnology. 9:329–369.</p>
</blockquote>",,,v3.2,"Murdock, George P. ; White, Douglas R.",Kathryn R. Kirby ; Russell D. Gray ; Simon J. Greenhill ; Fiona M. Jordan ; Stephanie Gomes-Ng ; Hans-Jörg Bibiko ; Damián E. Blasi ; Carlos A. Botero ; Claire Bowern ; Carol R. Ember ; Dan Leehr ; Bobbi S. Low ; Joe McCarter ; William Divale ; Michael C. Gavin,10.5281/zenodo.17601873,10.5281/zenodo.10201074,10201074,2025-11-13T15:38:21.783378+00:00,2025-11-13T15:38:21.964532+00:00,dplace,cc-by-nc-4.0,https://zenodo.org/records/17601873,17601873,cldf:StructureDataset;linguistics,dataset,https://github.com/D-PLACE/dplace-dataset-sccs/tree/v3.2
17601800,D-PLACE dataset derived from NASA TERRA/MODIS 'Net Primary Productivity',"<p>Cite the source of the dataset as:</p>

<blockquote>
<p>NASA. Net Primary Productivity (1 month - TERRA/MODIS)</p>
</blockquote>",,,v3.2,NASA TERRA/MODIS,Kathryn R. Kirby ; Russell D. Gray ; Simon J. Greenhill ; Fiona M. Jordan ; Stephanie Gomes-Ng ; Hans-Jörg Bibiko ; Damián E. Blasi ; Carlos A. Botero ; Claire Bowern ; Carol R. Ember ; Dan Leehr ; Bobbi S. Low ; Joe McCarter ; William Divale ; Michael C. Gavin,10.5281/zenodo.17601800,10.5281/zenodo.10183956,10183956,2025-11-13T15:30:17.482163+00:00,2025-11-13T15:30:18.860741+00:00,dplace,cc-by-nc-4.0,https://zenodo.org/records/17601800,17601800,cldf:StructureDataset;linguistics,dataset,https://github.com/D-PLACE/dplace-dataset-modis/tree/v3.2
17601737,D-PLACE dataset derived from Kreft and Jetz 2007 'Global patterns and determinants of vascular plant diversity',"<p>Cite the source of the dataset as:</p>

<blockquote>
<p>Kreft H, Jetz W. Global patterns and determinants of vascular plant diversity. Proc Natl Acad Sci. 2007;104: 5925–5930.</p>
</blockquote>",,,v3.2,Kreft H. ; Jetz W.,Kathryn R. Kirby ; Russell D. Gray ; Simon J. Greenhill ; Fiona M. Jordan ; Stephanie Gomes-Ng ; Hans-Jörg Bibiko ; Damián E. Blasi ; Carlos A. Botero ; Claire Bowern ; Carol R. Ember ; Dan Leehr ; Bobbi S. Low ; Joe McCarter ; William Divale ; Michael C. Gavin,10.5281/zenodo.17601737,10.5281/zenodo.10182360,10182360,2025-11-13T15:24:33.801968+00:00,2025-11-13T15:24:35.616051+00:00,dplace,cc-by-nc-4.0,https://zenodo.org/records/17601737,17601737,cldf:StructureDataset;linguistics,dataset,https://github.com/D-PLACE/dplace-dataset-kreft/tree/v3.2
17601675,D-PLACE dataset derived from Jenkins et al. 2013 'Global patterns of terrestrial vertebrate diversity and conservation',"<p>Cite the source of the dataset as:</p>

<blockquote>
<p>Jenkins CN, Pimm SL, Joppa LN. Global patterns of terrestrial vertebrate diversity and conservation. Proc Natl Acad Sci. 2013;110: E2602–E2610.</p>
</blockquote>",,,v3.2,"Jenkins, CN ; SL Pimm ; LN Joppa",Kathryn R. Kirby ; Russell D. Gray ; Simon J. Greenhill ; Fiona M. Jordan ; Stephanie Gomes-Ng ; Hans-Jörg Bibiko ; Damián E. Blasi ; Carlos A. Botero ; Claire Bowern ; Carol R. Ember ; Dan Leehr ; Bobbi S. Low ; Joe McCarter ; William Divale ; Michael C. Gavin,10.5281/zenodo.17601675,10.5281/zenodo.10182355,10182355,2025-11-13T15:18:55.833787+00:00,2025-11-13T15:18:55.986385+00:00,dplace,cc-by-3.0,https://zenodo.org/records/17601675,17601675,cldf:StructureDataset;linguistics,dataset,https://github.com/D-PLACE/dplace-dataset-jenkins/tree/v3.2
17601634,"D-PLACE dataset derived from Wessel and Smith 2015 'Global Self-consistent, Hierarchical, High-resolution Geography Database'","<p>Cite the source of the dataset as:</p>

<blockquote>
<p>Wessel, P., and W. H. F. Smith (1996), A global, self-consistent, hierarchical, high-resolution shoreline database, J. Geophys. Res., 101(B4), 8741–8743, doi:10.1029/96JB00104.

Wessel P, Smith, W. H. F. Global Self-consistent, Hierarchical, High-resolution Geography Database (GSHHS) v2.3.4 [Internet]. 2015. Available: https://www.ngdc.noaa.gov/mgg/shorelines/gshhs.html</p>
</blockquote>",,,v3.2,P. Wessel ; W. H. F. Smith,Kathryn R. Kirby ; Russell D. Gray ; Simon J. Greenhill ; Fiona M. Jordan ; Stephanie Gomes-Ng ; Hans-Jörg Bibiko ; Damián E. Blasi ; Carlos A. Botero ; Claire Bowern ; Carol R. Ember ; Dan Leehr ; Bobbi S. Low ; Joe McCarter ; William Divale ; Michael C. Gavin,10.5281/zenodo.17601634,10.5281/zenodo.10182307,10182307,2025-11-13T15:13:40.626587+00:00,2025-11-13T15:13:40.792839+00:00,dplace,lgpl-3.0,https://zenodo.org/records/17601634,17601634,cldf:StructureDataset;linguistics,dataset,https://github.com/D-PLACE/dplace-dataset-gshhs/tree/v3.2
17601586,D-PLACE dataset derived from 'Global Multi-resolution Terrain Elevation Data 2010',"<p>Cite the source of the dataset as:</p>

<blockquote>
<p>Global Multi-resolution Terrain Elevation Data courtesy of the U.S. Geological Survey (Downloaded 14 Jul 2014)</p>
</blockquote>",,,v3.2,Earth Resources Observation and Science (EROS) Center,Kathryn R. Kirby ; Russell D. Gray ; Simon J. Greenhill ; Fiona M. Jordan ; Stephanie Gomes-Ng ; Hans-Jörg Bibiko ; Damián E. Blasi ; Carlos A. Botero ; Claire Bowern ; Carol R. Ember ; Dan Leehr ; Bobbi S. Low ; Joe McCarter ; William Divale ; Michael C. Gavin,10.5281/zenodo.17601586,10.5281/zenodo.10180042,10180042,2025-11-13T15:07:53.409772+00:00,2025-11-13T15:07:54.578367+00:00,dplace,cc-by-nc-4.0,https://zenodo.org/records/17601586,17601586,cldf:StructureDataset;linguistics,dataset,https://github.com/D-PLACE/dplace-dataset-gmted2010/tree/v3.2
17601193,D-PLACE dataset derived from Lima-Ribeiro et al. 2015 'ecoClimate',"<p>Cite the source of the dataset as:</p>

<blockquote>
<p>Lima-Ribeiro MS; Varela S; González-Hernández J; Oliveira G; Diniz-Filho JAF; Terribile LC. 2015. ecoClimate: a database of climate data from multiple models for past, present, and future for Macroecologists and Biogeographers Biodiversity Informatics 10, 1-21. DOI: 10.17161/bi.v10i0.4955

Lima-Ribeiro MS; Varela S; González-Hernández J; Oliveira G; Diniz-Filho JAF; Peterson AT; Terribile LC. The ecoClimate Database, http://ecoclimate.org</p>
</blockquote>",,,v3.2,Lima-Ribeiro MS ; Varela S ; González-Hernández J ; Oliveira G ; Diniz-Filho JAF ; Peterson AT ; Terribile LC,Kathryn R. Kirby ; Russell D. Gray ; Simon J. Greenhill ; Fiona M. Jordan ; Stephanie Gomes-Ng ; Hans-Jörg Bibiko ; Damián E. Blasi ; Carlos A. Botero ; Claire Bowern ; Carol R. Ember ; Dan Leehr ; Bobbi S. Low ; Joe McCarter ; William Divale ; Michael C. Gavin,10.5281/zenodo.17601193,10.5281/zenodo.10179300,10179300,2025-11-13T14:27:31.508223+00:00,2025-11-13T14:27:32.038122+00:00,dplace,cc-by-nc-sa-4.0,https://zenodo.org/records/17601193,17601193,cldf:StructureDataset;linguistics,dataset,https://github.com/D-PLACE/dplace-dataset-ecoclimate/tree/v3.2
17601108,D-PLACE dataset derived from Murdock et al. 1999 'Ethnographic Atlas',"<p>Cite the source of the dataset as:</p>

<blockquote>
<p>Murdock, G. P., R. Textor, H. Barry, III, D. R. White, J. P. Gray, and W. T. Divale. 1999. Ethnographic Atlas. World Cultures 10:24-136 (codebook)</p>
</blockquote>",,,v3.2,"Murdock, G. P. ; R. Textor ; H. Barry, III ; D. R. White ; J. P. Gray ; W. T. Divale",Kathryn R. Kirby ; Russell D. Gray ; Simon J. Greenhill ; Fiona M. Jordan ; Stephanie Gomes-Ng ; Hans-Jörg Bibiko ; Damián E. Blasi ; Carlos A. Botero ; Claire Bowern ; Carol R. Ember ; Dan Leehr ; Bobbi S. Low ; Joe McCarter ; William Divale ; Michael C. Gavin,10.5281/zenodo.17601108,10.5281/zenodo.10177060,10177060,2025-11-13T14:16:54.490294+00:00,2025-11-13T14:16:55.288584+00:00,dplace,cc-by-nc-4.0,https://zenodo.org/records/17601108,17601108,cldf:StructureDataset;linguistics,dataset,https://github.com/D-PLACE/dplace-dataset-ea/tree/v3.2
17600888,D-PLACE dataset derived from Bertolo et al. 2023 'Cross-cultural music corpus: The Expanded Natural History of Song Discography',"<p>Cite the source of the dataset as:</p>

<blockquote>
<p>Mila Bertolo, Martynas Snarskis, Manvir Singh, &amp; Samuel Mehr. (2023, August 8). Cross-cultural music corpus: The Expanded Natural History of Song Discography. Zenodo. https://doi.org/10.5281/zenodo.8378337</p>
</blockquote>",,,v3.2,Mila Bertolo ; Martynas Snarskis ; Manvir Singh ; Samuel Mehr,Martynas Snarskis ; Robert Forkel ; Robert Forkel,10.5281/zenodo.17600888,10.5281/zenodo.10201381,10201381,2025-11-13T13:49:26.601433+00:00,2025-11-13T13:49:26.932270+00:00,dplace,cc-by-4.0,https://zenodo.org/records/17600888,17600888,cldf:StructureDataset;linguistics,dataset,https://github.com/D-PLACE/dplace-dataset-ccmc/tree/v3.2
17600555,D-PLACE dataset derived from Robert L. Carneiro's Dataset (6th edition),"<p>Cite the D-PLACE dataset as</p>
<p>DOI</p>",,,v1.0,Robert L. Carneiro,Václav Hrnčíř ; Václav Hrnčíř ; Robert Forkel ; Robert Forkel,10.5281/zenodo.17600555,10.5281/zenodo.17600554,17600554,2025-11-13T13:17:09.931947+00:00,2025-11-13T13:17:10.485502+00:00,dplace,cc-by-4.0,https://zenodo.org/records/17600555,17600555,cldf:StructureDataset;linguistics,dataset,https://github.com/D-PLACE/dplace-dataset-carneiro6/tree/v1.0
17599043,D-PLACE dataset derived from Robert L. Carneiro's Dataset (4th Edition),,,,v1.0,"Carneiro, Robert L.","Hrnčíř, Václav ; Forkel, Robert",10.5281/zenodo.17599043,10.5281/zenodo.17599042,17599042,2025-11-13T10:34:39.957701+00:00,2025-11-13T10:38:16.351328+00:00,dplace,cc-by-4.0,https://zenodo.org/records/17599043,17599043,cldf:StructureDataset;linguistics,dataset,https://github.com/D-PLACE/dplace-dataset-carneiro4/tree/v1.0
17597468,CLDF Numeralbank Analysed,"<p>Cite the source of the dataset as:</p>

<blockquote>
<p>Bibiko, H.-H.; Koile, E.; Barlow, R.; Mamta, K.; Korobzow, N.; Appiah Tieku, E.; Rzymski, C.; List, J.-M.; Gray, R. D. (2025): Numeralbank. A Collection of Numeral Systems of the World&#x27;s Languages. Leipzig: Max Planck Institute for Evolutionary Anthropology.</p>
</blockquote>",,,v0.9.1,Russell Barlow ; Hans-Jörg Bibiko ; Ezequiel Koile ; Mamta Kumari ; Johann-Mattis List ; Natalie Korobzow ; Christoph Rzymski ; Enock Appiah Tieku ; Russell D. Gray,Johannes Englisch,10.5281/zenodo.17597468,10.5281/zenodo.10033171,10033171,2025-11-13T08:22:42.427103+00:00,2025-11-13T08:22:42.928660+00:00,,cc-by-4.0,https://zenodo.org/records/17597468,17597468,cldf:Wordlist;linguistics,dataset,https://github.com/numeralbank/numeralbank-analysed/tree/v0.9.1
17591786,Phlorest phylogeny derived from Zhang et al 2019 'Phylogenetic evidence for Sino-Tibetan origin in northern China in the Late Neolithic',"<p>Cite the source of the dataset as:</p>

<blockquote>
<p>Zhang M, Yan S, Pan W, &amp; Jin L. 2019. Phylogenetic evidence for Sino-Tibetan origin in northern China in the Late Neolithic. Nature, 569, 112–115.</p>
</blockquote>",,,v1.2,Menghan Zhang ; Shi Yan ; Wuyun Pan ; Li Jin,Simon J. Greenhill ; Robert Forkel,10.5281/zenodo.17591786,10.5281/zenodo.8250323,8250323,2025-11-12T14:37:53.840529+00:00,2025-11-12T14:37:54.387488+00:00,phlorest;dplace,cc-by-4.0,https://zenodo.org/records/17591786,17591786,cldf:Generic;linguistics,dataset,https://github.com/phlorest/zhang_et_al2019/tree/v1.2
17591444,Phlorest phylogeny derived from Walker & Ribeiro 2011 'Bayesian phylogeography of the Arawak expansion in lowland South America',"<p>Cite the source of the dataset as:</p>

<blockquote>
<p>Walker, R. S., &amp; Ribeiro, L. A. (2011). Bayesian phylogeography of the Arawak expansion in lowland South America. Proceedings of the Royal Society B: Biological Sciences, 278(1718), 2562–2567.</p>
</blockquote>",,,v1.2,R. S. Walker ; L. A. Ribeiro,Simon J. Greenhill ; Robert Forkel,10.5281/zenodo.17591444,10.5281/zenodo.8250306,8250306,2025-11-12T13:54:15.911179+00:00,2025-11-12T13:54:16.113636+00:00,phlorest;dplace,cc-by-4.0,https://zenodo.org/records/17591444,17591444,cldf:Generic;linguistics,dataset,https://github.com/phlorest/walker_and_ribeiro2011/tree/v1.2
17591308,Phlorest phylogeny derived from Sicoli & Holton 2014 'Linguistic phylogenies support back-migration from Beringia to Asia',"<p>Cite the source of the dataset as:</p>

<blockquote>
<p>Sicoli MA &amp; Holton G (2014) Linguistic phylogenies support back-migration from Beringia to Asia. PLoS One 9(3):e91722.</p>
</blockquote>",,,v1.2,"Sicoli, Mark A. ; Holton, Gary",Simon J. Greenhill ; Robert Forkel,10.5281/zenodo.17591308,10.5281/zenodo.8250302,8250302,2025-11-12T13:36:54.045359+00:00,2025-11-12T13:36:54.226209+00:00,phlorest;dplace,cc-by-4.0,https://zenodo.org/records/17591308,17591308,cldf:Generic;linguistics,dataset,https://github.com/phlorest/sicoli_and_holton2014/tree/v1.2
17591022,Phlorest phylogeny derived from Sagart et al. 2019 'Dated language phylogenies shed light on the ancestry of Sino-Tibetan',"<p>Cite the source of the dataset as:</p>

<blockquote>
<p>Sagart L, Jacques G, Lai Y, Ryder RJ, Thouzeau V, Greenhill SJ, List J- M. 2019 Dated language phylogenies shed light on the ancestry of Sino-Tibetan. Proceedings of the National Academy of Sciences, 201817972.</p>
</blockquote>",,,v1.2,"Sagart, Laurent ; Jacques, Guillaume ; Lai, Yunfan ; Ryder, Robin J. ; Thouzeau, Valentin ; List, Johann-Mattis ; Simon J. Greenhill",Simon J. Greenhill ; Robert Forkel,10.5281/zenodo.17591022,10.5281/zenodo.8250294,8250294,2025-11-12T13:11:18.221231+00:00,2025-11-12T13:11:18.430036+00:00,phlorest;dplace,cc-by-4.0,https://zenodo.org/records/17591022,17591022,cldf:Generic;linguistics,dataset,https://github.com/phlorest/sagart_et_al2019/tree/v1.2
17590954,Phlorest phylogeny derived from Robinson and Holton 2012 'Internal Classification of the Alor-Pantar Language Family Using Computational Methods Applied to the Lexicon',"<p>Cite the source of the dataset as:</p>

<blockquote>
<p>Robinson, L. C., &amp; Holton, G. (2012). Internal Classification of the Alor-Pantar Language Family Using Computational Methods Applied to the Lexicon. Language Dynamics and Change, 2(2), 123-149. doi:10.1163/22105832-20120201</p>
</blockquote>",,,v1.2,Laura C. Robinson ; Gary Holton,Simon J. Greenhill ; Robert Forkel,10.5281/zenodo.17590954,10.5281/zenodo.8250285,8250285,2025-11-12T13:04:03.169267+00:00,2025-11-12T13:04:03.331510+00:00,phlorest;dplace,cc-by-4.0,https://zenodo.org/records/17590954,17590954,cldf:Generic;linguistics,dataset,https://github.com/phlorest/robinson_and_holton2012/tree/v1.2
17589994,"CLDF dataset derived from Barlow's ""Numerals of the Pacific"" from 2025","<p>Cite the source of the dataset as:</p>

<blockquote>
<p>Barlow, Russell (ed.). 2025. Numerals of the Pacific: A collection of numeral terms in Austronesian and Papuan languages.</p>
</blockquote>",,,v1.8,Russell Barlow,Christoph Rzymski,10.5281/zenodo.17589994,10.5281/zenodo.5596346,5596346,2025-11-12T11:22:06.577789+00:00,2025-11-12T11:22:06.895089+00:00,lexibank,cc-by-4.0,https://zenodo.org/records/17589994,17589994,cldf:Wordlist;linguistics,dataset,https://github.com/numeralbank/barlowpacific/tree/v1.8
17589886,ideobank,<p>First release for ideobank</p>,,,v0.1,Roberto Zariquiey ; Jaime Montoya ; Frederic Blum,,10.5281/zenodo.17589886,10.5281/zenodo.17589885,17589885,2025-11-12T11:10:02.736467+00:00,2025-11-12T11:10:02.974324+00:00,cldf-datasets,cc-by-4.0,https://zenodo.org/records/17589886,17589886,cldf:Wordlist;linguistics,dataset,https://github.com/lexibank/ideobank/tree/v0.1
17589029,Phlorest phylogeny derived from Lee & Hasegawa 2013 'Evolution of the Ainu Language in Space and Time',"<p>Cite the source of the dataset as:</p>

<blockquote>
<p>Lee S, Hasegawa T (2013) Evolution of the Ainu Language in Space and Time. PLoS ONE 8(4): e62243. doi: 10.1371/journal.pone.0062243</p>
</blockquote>",,,v1.2,Sean Lee ; Toshikazu Hasegawa,Simon J. Greenhill ; Robert Forkel,10.5281/zenodo.17589029,10.5281/zenodo.8250179,8250179,2025-11-12T09:32:21.380591+00:00,2025-11-12T09:32:21.605987+00:00,phlorest;dplace,cc-by-4.0,https://zenodo.org/records/17589029,17589029,cldf:Generic;linguistics,dataset,https://github.com/phlorest/lee_and_hasegawa2013/tree/v1.2
17588983,Phlorest phylogeny derived from Lee & Hasegawa 2011 'Bayesian phylogenetic analysis supports an agricultural origin of Japonic languages',"<p>Cite the source of the dataset as:</p>

<blockquote>
<p>Lee S, Hasegawa T (2011) Bayesian phylogenetic analysis supports an agricultural origin of Japonic languages. Proceedings of the Royal Society B: Biological Sciences, 278(1725):3662–9.</p>
</blockquote>",,,v1.2,"Lee, Sean ; Hasegawa, Toshikazu",Simon J. Greenhill ; Robert Forkel,10.5281/zenodo.17588983,10.5281/zenodo.8250174,8250174,2025-11-12T09:28:08.453874+00:00,2025-11-12T09:28:08.624314+00:00,phlorest;dplace,cc-by-4.0,https://zenodo.org/records/17588983,17588983,cldf:Generic;linguistics,dataset,https://github.com/phlorest/lee_and_hasegawa2011/tree/v1.2
17588865,Phlorest phylogeny derived from Lee 2015 'A Sketch of Language History in the Korean Peninsula',"<p>Cite the source of the dataset as:</p>

<blockquote>
<p>Lee S (2015) A Sketch of Language History in the Korean Peninsula. PLoS ONE 10(5): e0128448. doi:10.1371/journal.pone.0128448</p>
</blockquote>",,,v1.2,"Lee, Sean",Simon J. Greenhill ; Robert Forkel,10.5281/zenodo.17588865,10.5281/zenodo.8250162,8250162,2025-11-12T09:15:47.460878+00:00,2025-11-12T09:15:47.848411+00:00,phlorest;dplace,cc-by-4.0,https://zenodo.org/records/17588865,17588865,cldf:Generic;linguistics,dataset,https://github.com/phlorest/lee2015/tree/v1.2
17588770,Phlorest phylogeny derived from Kolipakam et al. 2018 'A Bayesian phylogenetic study of the Dravidian language family',"<p>Cite the source of the dataset as:</p>

<blockquote>
<p>Kolipakam V, Jordan FM, Dunn M, Greenhill SJ, Bouckaert R, Gray RD &amp; Verkerk A. 2018. A Bayesian phylogenetic study of the Dravidian language family. R. Soc. Open Sci. 5: 171504.</p>
</blockquote>",,,v1.2,"Kolipakam, Vishnupriya ; Jordan, Fiona M. ; Dunn, Michael ; Bouckaert, Remco ; Gray, Russell D. ; Verkerk, Annemarie ; Simon J. Greenhill",Simon J. Greenhill ; Robert Forkel,10.5281/zenodo.17588770,10.5281/zenodo.8250129,8250129,2025-11-12T09:06:52.871700+00:00,2025-11-12T09:06:53.065355+00:00,phlorest;dplace,cc-by-4.0,https://zenodo.org/records/17588770,17588770,cldf:Generic;linguistics,dataset,https://github.com/phlorest/kolipakam_et_al2018/tree/v1.2
17588546,Phlorest phylogeny derived from Kitchen et al. 2009 'Bayesian phylogenetic analysis of Semitic languages identifies an Early Bronze Age origin of Semitic in the Near East',"<p>Cite the source of the dataset as:</p>

<blockquote>
<p>Kitchen A, Ehret C, Assefa S &amp; Mulligan CJ. 2009. Bayesian phylogenetic analysis of Semitic languages identifies an Early Bronze Age origin of Semitic in the Near East. Proceedings of the Royal Society B: Biological Sciences, 270(1668), 2703-2710.</p>
</blockquote>",,,v1.2,A. Kitchen ; C. Ehret ; S. Assefa ; C. J. Mulligan,Simon J. Greenhill ; Robert Forkel,10.5281/zenodo.17588546,10.5281/zenodo.8250115,8250115,2025-11-12T08:46:49.239967+00:00,2025-11-12T08:46:50.310932+00:00,phlorest;dplace,cc-by-4.0,https://zenodo.org/records/17588546,17588546,cldf:Generic;linguistics,dataset,https://github.com/phlorest/kitchen_et_al2009/tree/v1.2
17587592,Phlorest phylogeny derived from Hruschka et al. 2015 'Detecting regular sound changes in linguistics as events of concerted evolution',"<p>Cite the source of the dataset as:</p>

<blockquote>
<p>Hruschka, D. J., Branford, S., Smith, E. D., Wilkins, J., Meade, A., Pagel, M., &amp; Bhattacharya, T. (2015). Detecting regular sound changes in linguistics as events of concerted evolution. Current Biology, 25(1), 1-9.</p>
</blockquote>",,,v1.2,Daniel J. Hruschka ; Simon Branford ; Eric D. Smith ; Jon Wilkins ; Andrew Meade ; Mark Pagel ; Tanmoy Bhattacharya,Simon J. Greenhill ; Robert Forkel,10.5281/zenodo.17587592,10.5281/zenodo.8250105,8250105,2025-11-12T07:21:50.531518+00:00,2025-11-12T07:21:50.761742+00:00,phlorest;dplace,cc-by-4.0,https://zenodo.org/records/17587592,17587592,cldf:Generic;linguistics,dataset,https://github.com/phlorest/hruschka_et_al2015/tree/v1.2
17587191,Phlorest phylogeny derived from Honkola et al. 2013 'Cultural and climatic changes shape the evolutionary history of the Uralic languages',"<p>Cite the source of the dataset as:</p>

<blockquote>
<p>Honkola T, Vesakoski O, Korhonen K, Lehtinen J, Syrjänen K &amp; Wahlberg N. 2013. Cultural and climatic changes shape the evolutionary history of the Uralic languages. Journal of Evolutionary Biology, 26(6):1244–1253.</p>
</blockquote>",,,v1.2,"Honkola, T ; Vesakoski, O ; Korhonen, K ; Lehtinen, J ; Syrjänen, K ; Wahlberg, N",Simon J. Greenhill ; Robert Forkel,10.5281/zenodo.17587191,10.5281/zenodo.8250097,8250097,2025-11-12T06:35:52.929158+00:00,2025-11-12T06:35:53.360717+00:00,phlorest;dplace,cc-by-4.0,https://zenodo.org/records/17587191,17587191,cldf:Generic;linguistics,dataset,https://github.com/phlorest/honkola_et_al2013/tree/v1.2
17583936,Phlorest phylogeny derived from Grollemund et al. 2015 'Bantu expansion shows habitat alters the route and pace of human dispersals',"<p>Cite the source of the dataset as:</p>

<blockquote>
<p>Grollemund R, Branford S, Bostoen K, Meade A, Venditti C &amp; Pagel M. 2015. Bantu expansion shows habitat alters the route and pace of human dispersals. Proceedings of the National Academy of Sciences of the USA, 112(43), 13296-13301.</p>
</blockquote>",,,v1.2,Rebecca Grollemund ; Simon Branford ; Koen Bostoen ; Andrew Meade ; Chris Venditti ; Mark Pagel,Simon J. Greenhill ; Robert Forkel,10.5281/zenodo.17583936,10.5281/zenodo.8250088,8250088,2025-11-11T19:07:15.349670+00:00,2025-11-11T19:07:15.891903+00:00,phlorest;dplace,cc-by-4.0,https://zenodo.org/records/17583936,17583936,cldf:Generic;linguistics,dataset,https://github.com/phlorest/grollemund_et_al2015/tree/v1.2
17583895,Phlorest phylogeny derived from Greenhill 2015 'TransNewGuinea.org: An Online Database of New Guinea Languages',"<p>Cite the source of the dataset as:</p>

<blockquote>
<p>Greenhill, S. J. (2015). TransNewGuinea.org: An Online Database of New Guinea Languages. PLOS ONE, 10(10), e0141563. doi:10.1371/journal.pone.0141563</p>
</blockquote>",,,v1.2,Simon J. Greenhill,Simon J. Greenhill ; Robert Forkel,10.5281/zenodo.17583895,10.5281/zenodo.8250076,8250076,2025-11-11T19:01:20.522058+00:00,2025-11-11T19:01:20.903935+00:00,phlorest;dplace,cc-by-4.0,https://zenodo.org/records/17583895,17583895,cldf:Generic;linguistics,dataset,https://github.com/phlorest/greenhill2015/tree/v1.2
17583742,Phlorest phylogeny derived from Gray et al. 2009 'Language phylogenies reveal expansion pulses and pauses in Pacific settlement',"<p>Cite the source of the dataset as:</p>

<blockquote>
<p>Gray RD, Drummond AJ, &amp; Greenhill SJ 2009. Language phylogenies reveal expansion pulses and pauses in Pacific settlement. Science, 323(5913), 479-483.</p>
</blockquote>",,,v1.2,Russell D. Gray ; Alexei J. Drummond ; Simon J. Greenhill,Simon J. Greenhill ; Robert Forkel,10.5281/zenodo.17583742,10.5281/zenodo.8250067,8250067,2025-11-11T18:37:41.841769+00:00,2025-11-11T18:37:42.579195+00:00,phlorest;dplace,cc-by-4.0,https://zenodo.org/records/17583742,17583742,cldf:Generic;linguistics,dataset,https://github.com/phlorest/gray_et_al2009/tree/v1.2
17583660,Phlorest phylogeny derived from Dunn et al. 2011 'Evolved structure of language shows lineage-specific trends in word-order universals',"<p>Cite the source of the dataset as:</p>

<blockquote>
<p>Dunn M, Greenhill SJ, Levinson SC &amp; Gray RD. 2011. Evolved structure of language shows lineage-specific trends in word-order universals. Nature, 473(7345), 79-82.</p>
</blockquote>",,,v1.2,Michael Dunn ; S.C. Levinson ; Russell D. Gray ; Simon J. Greenhill,Simon J. Greenhill ; Robert Forkel,10.5281/zenodo.17583660,10.5281/zenodo.8250052,8250052,2025-11-11T18:24:46.076419+00:00,2025-11-11T18:24:46.410008+00:00,phlorest;dplace,cc-by-4.0,https://zenodo.org/records/17583660,17583660,cldf:Generic;linguistics,dataset,https://github.com/phlorest/dunn_et_al2011/tree/v1.2
17583636,Phlorest phylogeny derived from De Filippo et al. 2012 'Bringing together linguistic and genetic evidence to test the Bantu expansion',"<p>Cite the source of the dataset as:</p>

<blockquote>
<p>De Filippo, C., Bostoen, K., Stoneking, M., &amp; Pakendorf, B. (2012). Bringing together linguistic and genetic evidence to test the Bantu expansion. Proceedings of the Royal Society B: Biological Sciences, 279(1741), 3256–3263. doi:10.1098/rspb.2012.0318</p>
</blockquote>",,,v1.2,Cesare de Filippo ; Koen Bostoen ; Mark Stoneking ; Brigitte Pakendorf,Simon J. Greenhill ; Robert Forkel,10.5281/zenodo.17583636,10.5281/zenodo.8250038,8250038,2025-11-11T18:18:53.343408+00:00,2025-11-11T18:18:53.693690+00:00,phlorest;dplace,cc-by-4.0,https://zenodo.org/records/17583636,17583636,cldf:Generic;linguistics,dataset,https://github.com/phlorest/defilippo_et_al2012/tree/v1.2
17583531,Phlorest phylogeny derived from Chang et al. 2015 'Ancestry-constrained phylogenetic analysis supports the Indo-European steppe hypothesis',"<p>Cite the source of the dataset as:</p>

<blockquote>
<p>Chang W, Cathcart C, Hall D, &amp; Garrett A. 2015. Ancestry-constrained phylogenetic analysis supports the Indo-European steppe hypothesis. Language, 91(1):194-244.</p>
</blockquote>",,,v1.2,"Chang, Will ; Cathcart, Chundra ; Hall, David ; Garrett, Andrew",Simon J. Greenhill ; Robert Forkel,10.5281/zenodo.17583531,10.5281/zenodo.8250014,8250014,2025-11-11T18:04:56.992080+00:00,2025-11-11T18:04:57.170513+00:00,phlorest;dplace,cc-by-4.0,https://zenodo.org/records/17583531,17583531,cldf:Generic;linguistics,dataset,https://github.com/phlorest/chang_et_al2015/tree/v1.2
17582630,Phlorest phylogeny derived from Chacon & List 2015 'Improved computational models of sound change shed light on the history of the Tukanoan languages',"<p>Cite the source of the dataset as:</p>

<blockquote>
<p>Chacon TC, List J-M (2015) Improved computational models of sound change shed light on the history of the Tukanoan languages. Journal of Language Relationship, 3:177–203.</p>
</blockquote>",,,v1.2,"Chacon, Thiago Costa ; List, Johann-Mattis",Simon J. Greenhill ; Robert Forkel,10.5281/zenodo.17582630,10.5281/zenodo.8249988,8249988,2025-11-11T16:15:02.764630+00:00,2025-11-11T16:15:03.422186+00:00,phlorest;dplace,cc-by-4.0,https://zenodo.org/records/17582630,17582630,cldf:Generic;linguistics,dataset,https://github.com/phlorest/chacon_and_list2015/tree/v1.2
17582392,Phlorest phylogeny derived from Bowern & Atkinson 2012 'Computational phylogenetics and the internal structure of Pama-Nyungan',"<p>Cite the source of the dataset as:</p>

<blockquote>
<p>Bowern C &amp; Atkinson QD. 2012. Computational phylogenetics and the internal structure of Pama-Nyungan. Language, 88(4), 817-845.</p>
</blockquote>",,,v1.2,Claire Bowern ; Quentin Atkinson,Simon J. Greenhill ; Robert Forkel,10.5281/zenodo.17582392,10.5281/zenodo.8249977,8249977,2025-11-11T15:40:36.927711+00:00,2025-11-11T15:40:38.336254+00:00,phlorest;dplace,cc-by-4.0,https://zenodo.org/records/17582392,17582392,cldf:Generic;linguistics,dataset,https://github.com/phlorest/bowern_and_atkinson2012/tree/v1.2
17581679,Phlorest phylogeny derived from Bouckaert et al. 2018 'The origin and expansion of Pama–Nyungan languages across Australia',"<p>Cite the source of the dataset as:</p>

<blockquote>
<p>Bouckaert RR, Bowern C &amp; Atkinson QD. 2018. The origin and expansion of Pama–Nyungan languages across Australia. Nature Ecology and Evolution. 2: 741–749</p>
</blockquote>",,,v1.2,"Bouckaert, Remco R. ; Bowern, Claire ; Atkinson, Quentin D.",Simon J. Greenhill ; Robert Forkel,10.5281/zenodo.17581679,10.5281/zenodo.8249941,8249941,2025-11-11T14:14:53.130691+00:00,2025-11-11T14:14:53.353065+00:00,phlorest;dplace,cc-by-4.0,https://zenodo.org/records/17581679,17581679,cldf:Generic;linguistics,dataset,https://github.com/phlorest/bouckaert_et_al2018/tree/v1.2
17581594,Phlorest phylogeny derived from Bouckaert et al. 2012 'Mapping the Origins and Expansion of the Indo-European Language Family',"<p>Cite the source of the dataset as:</p>

<blockquote>
<p>Bouckaert RR, Lemey P, Dunn M, Greenhill SJ, Alekseyenko AV, Drummond AJ, Gray RD, Suchard MA &amp; Atkinson QD. 2012. Mapping the Origins and Expansion of the Indo-European Language Family. Science, 337(6097), 957-960.</p>
</blockquote>",,,v1.2,R. Bouckaert ; P. Lemey ; M. Dunn ; A. V. Alekseyenko ; A. J. Drummond ; R. D. Gray ; M. A. Suchard ; Q. D. Atkinson ; Simon J. Greenhill,Simon J. Greenhill ; Robert Forkel,10.5281/zenodo.17581594,10.5281/zenodo.8249915,8249915,2025-11-11T14:05:45.463988+00:00,2025-11-11T14:05:46.738825+00:00,phlorest;dplace,cc-by-4.0,https://zenodo.org/records/17581594,17581594,cldf:Generic;linguistics,dataset,https://github.com/phlorest/bouckaert_et_al2012/tree/v1.2
17581525,Phlorest phylogeny derived from Birchall et al. 2016 'A combined comparative and phylogenetic analysis of the Chapacuran language family',"<p>Cite the source of the dataset as:</p>

<blockquote>
<p>Birchall, Joshua, Michael Dunn, and Simon J. Greenhill. 2016. A combined comparative and phylogenetic analysis of the Chapacuran language family. International Journal of American Linguistics 82 (3): 255–84. doi: 10.1086/687383</p>
</blockquote>",,,v1.2,Joshua Birchall ; Michael Dunn ; Simon J. Greenhill,Simon J. Greenhill ; Robert Forkel,10.5281/zenodo.17581525,10.5281/zenodo.8248751,8248751,2025-11-11T13:56:36.601881+00:00,2025-11-11T13:56:36.898038+00:00,phlorest;dplace,cc-by-4.0,https://zenodo.org/records/17581525,17581525,cldf:Generic;linguistics,dataset,https://github.com/phlorest/birchall_et_al2016/tree/v1.2
17581426,Phlorest phylogeny derived from Atkinson 2006 'From Species to Languages: a phylogenetic approach to human prehistory',"<p>Cite the source of the dataset as:</p>

<blockquote>
<p>Atkinson, Quentin D. 2006. From Species to Languages: a phylogenetic approach to human prehistory. PhD Thesis, University of Auckland, New Zealand.</p>
</blockquote>",,,v1.3,Quentin D. Atkinson,Simon J. Greenhill ; Robert Forkel,10.5281/zenodo.17581426,10.5281/zenodo.8248388,8248388,2025-11-11T13:44:25.259872+00:00,2025-11-11T13:44:25.483335+00:00,phlorest;dplace,cc-zero,https://zenodo.org/records/17581426,17581426,cldf:Generic;linguistics,dataset,https://github.com/phlorest/atkinson2006/tree/v1.3
17580172,D-PLACE dataset derived from Binford 2001 'Constructing Frames of Reference',"<p>Cite the source of the dataset as:</p>

<blockquote>
<p>Binford, L. 2001. Constructing Frames of Reference: An Analytical Method for Archaeological Theory Building Using Hunter-gatherer and Environmental Data Sets. University of California Press</p>
</blockquote>",,,v3.2,Lewis R. Binford,Kathryn R. Kirby ; Russell D. Gray ; Simon J. Greenhill ; Fiona M. Jordan ; Stephanie Gomes-Ng ; Hans-Jörg Bibiko ; Damián E. Blasi ; Carlos A. Botero ; Claire Bowern ; Carol R. Ember ; Dan Leehr ; Bobbi S. Low ; Joe McCarter ; William Divale ; Michael C. Gavin,10.5281/zenodo.17580172,10.5281/zenodo.10171857,10171857,2025-11-11T11:12:40.651312+00:00,2025-11-11T11:12:40.846745+00:00,dplace,cc-by-nc-4.0,https://zenodo.org/records/17580172,17580172,cldf:StructureDataset;linguistics,dataset,https://github.com/D-PLACE/dplace-dataset-binford/tree/v3.2
17579490,Phlorest phylogeny derived from Rexová et al. 2006 'Cladistic analysis of Bantu languages: a new tree based on combined lexical and grammatical data',"<p>Cite the source of the dataset as:</p>

<blockquote>
<p>Rexová, K., Bastin, Y., &amp; Frynta, D. (2006). Cladistic analysis of Bantu languages: a new tree based on combined lexical and grammatical data. Naturwissenschaften, 93(4), 189–194. https://doi.org/10.1007/s00114-006-0088-z</p>
</blockquote>",,,v1.0,"Rexová, Kateřina ; Bastin, Yvonne ; Frynta, Daniel","Greenhill, Simon ; Forkel, Robert",10.5281/zenodo.17579490,10.5281/zenodo.17579489,17579489,2025-11-11T10:07:35.936959+00:00,2025-11-11T10:15:39.043732+00:00,phlorest;dplace,cc-by-4.0,https://zenodo.org/records/17579490,17579490,cldf:Generic;linguistics,dataset,https://github.com/phlorest/rexova_et_al2006/tree/v1.0
17578947,Phlorest phylogeny derived from Michael et al. 2015 'A Bayesian Phylogenetic Classification of Tupi-Guarani',"<p>Cite the source of the dataset as:</p>

<blockquote>
<p>Michael L, Chousou-Polydouri N, Bartolomei K, Donnelly E, Wauters V, Meira S &amp; O&#x27;Hagan Z. 2015. A Bayesian Phylogenetic Classification of Tupi-Guarani. LIAMES 15(2):1–36.</p>
</blockquote>",,,v1.1,"Michael, Lev ; Chousou-polydouri, Natalia ; Bartolomei, Keith ; Donnelly, Erin ; Wauters, Vivian ; Hagan, Zachary O",Simon J. Greenhill ; Robert Forkel,10.5281/zenodo.17578947,10.5281/zenodo.8250218,8250218,2025-11-11T08:59:09.837073+00:00,2025-11-11T08:59:10.024167+00:00,phlorest;dplace,cc-by-4.0,https://zenodo.org/records/17578947,17578947,cldf:Generic;linguistics,dataset,https://github.com/phlorest/michael_et_al2015/tree/v1.1
17578733,Phlorest phylogeny derived from Holden et al. 2005 'Comparison of Maximum Parsimony and Bayesian Bantu Language trees',"<p>Cite the source of the dataset as:</p>

<blockquote>
<p>Holden CJ, Meade A, &amp; Pagel M. 2005. Comparison of Maximum Parsimony and Bayesian Bantu Language trees. In R Mace, CJ Holden &amp; SJ Shennan (Eds.) The Evolution of Cultural Diversity: A Phylogenetic Approach (pp. 53–66). UCL Press.</p>
</blockquote>",,,v1.0,Claire J. Holden ; Andrew Meade ; Mark Pagel,Simon J. Greenhill ; Robert Forkel,10.5281/zenodo.17578733,10.5281/zenodo.17578732,17578732,2025-11-11T08:25:51.909044+00:00,2025-11-11T08:25:52.345893+00:00,phlorest;dplace,cc-by-4.0,https://zenodo.org/records/17578733,17578733,cldf:Generic;linguistics,dataset,https://github.com/phlorest/holden_et_al2005/tree/v1.0
17578198,Phlorest phylogeny derived from Hartmann & Walkden 2024 'The strength of the phylogenetic signal in syntactic data',"<p>Cite the source of the dataset as:</p>

<blockquote>
<p>Hartmann, F. &amp; Walkden, G. (2024) The strength of the phylogenetic signal in syntactic data, Glossa: a journal of general linguistics 9(1). doi: https://doi.org/10.16995/glossa.10598</p>
</blockquote>",,,v1.0,Frederik Hartmann ; George Walkden,Simon J. Greenhill ; Robert Forkel,10.5281/zenodo.17578198,10.5281/zenodo.17578197,17578197,2025-11-11T07:17:31.327687+00:00,2025-11-11T07:17:31.500597+00:00,phlorest;dplace,cc-by-4.0,https://zenodo.org/records/17578198,17578198,cldf:Generic;linguistics,dataset,https://github.com/phlorest/hartmann_and_walkden2024/tree/v1.0
17572679,"Phlorest phylogeny derived from Greenhill, Haynie et al. 2023 'Uto-Aztecan (Greenhill, Haynie et al.)'","<p>Cite the source of the dataset as:</p>

<blockquote>
<p>Greenhill, S., Haynie, H., Ross, R., Chira, A., List, J.-M., Campbell, L., Botero, C., &amp; Gray, R. (2023). A recent northern origin for the Uto-Aztecan family. Language. https://doi.org/10.1353/lan.0.0276</p>
</blockquote>",,,v1.0,Hannah J. Haynie ; Robert M. Ross ; Angela M. Chira ; Johann-Mattis List ; Lyle Campbell ; Carlos A. Botero ; Russell D. Gray ; Simon J. Greenhill,Simon J. Greenhill,10.5281/zenodo.17572679,10.5281/zenodo.17572678,17572678,2025-11-10T14:55:51.351336+00:00,2025-11-10T14:55:51.533459+00:00,phlorest;dplace,cc-zero,https://zenodo.org/records/17572679,17572679,cldf:Generic;linguistics,dataset,https://github.com/phlorest/greenhill_et_al2023/tree/v1.0
17510140,"CLDF dataset derived from Kitchen et al.'s ""Bayesian phylogenetic analysis of Semitic languages"" from 2009","<p>Cite the source of the dataset as:</p>

<blockquote>
<p>Bayesian phylogenetic analysis of Semitic languages identifies an Early Bronze Age origin of Semitic in the Near East. Andrew Kitchen, Christopher Ehret, Shiferaw Assefa, Connie J. Mulligan. Proc. R. Soc. B 2009 -; DOI: 10.1098/rspb.2009.0408. Published 29 April 2009</p>
</blockquote>",,,v2.1,Andrew Kitchen ; Christopher Ehret ; Shiferaw Assefa ; Connie J. Mulligan,Ben Sapirstein ; Johann-Mattis List ; Simon Greenhill,10.5281/zenodo.17510140,10.5281/zenodo.8171664,8171664,2025-11-03T05:54:10.555636+00:00,2025-11-03T05:54:10.734871+00:00,lexibank,cc-by-nc-4.0,https://zenodo.org/records/17510140,17510140,cldf:Wordlist;linguistics,dataset,https://github.com/lexibank/kitchensemitic/tree/v2.1
17472996,CLDF dataset for Pano languages.,"<p>Cite the source of the dataset as:</p>

<blockquote>
<p>Zariquiey, Roberto and Blum, Frederic and Greenhill, Simon J. and List, Johann-Mattis. Cognate-annotated CLDF dataset for Pano languages (work in progress).</p>
</blockquote>",,,v0.2,Roberto Zariquiey ; Frederic Blum ; Johann-Mattis List ; Simon J. Greenhill,,10.5281/zenodo.17472996,10.5281/zenodo.10988937,10988937,2025-10-29T09:40:14.565014+00:00,2025-10-29T09:40:14.803666+00:00,,cc-by-4.0,https://zenodo.org/records/17472996,17472996,cldf:Wordlist;linguistics,dataset,https://github.com/pano-takanan-history/zariquieypano/tree/v0.2
17471548,Vanuatu Voices,"<p>Cite the source of the dataset as:</p>

<blockquote>
<p>Lana Takau, Tom Fitzpatrick, Mary Walworth, Aviva Shimelman, Sandrine Bessis, Tom Ennever, Iveth Rodriguez, Hans-Jörg Bibiko, Daria Dërmaku, Murray Garde, Marie-France Duhamel, Giovanni Abete, Laura Wägerle, Kaitip W. Kami, Tihomir Rangelov, &amp; Russell Gray. (2025). Vanuatu Voices (v1.4.1) [Data set]. Zenodo. https://doi.org/10.5281/zenodo.4309140</p>
</blockquote>",,,v1.4.1,Lana Takau ; Tom Fitzpatrick ; Mary Walworth ; Aviva Shimelman ; Sandrine Bessis ; Tom Ennever ; Iveth Rodriguez ; Hans-Jörg Bibiko ; Daria Dërmaku ; Murray Garde ; Marie-France Duhamel ; Giovanni Abete ; Laura Wägerle ; Kaitip W. Kami ; Tihomir Rangelov ; Russell Gray,Robert Forkel ; Johann-Mattis List,10.5281/zenodo.17471548,10.5281/zenodo.4309140,4309140,2025-10-29T06:50:56.958727+00:00,2025-10-29T06:50:57.086399+00:00,lexibank,cc-by-nc-4.0,https://zenodo.org/records/17471548,17471548,cldf:Wordlist;linguistics,dataset,https://github.com/lexibank/vanuatuvoices/tree/v1.4.1
17433568,cldf-datasets/ewave: The Electronic World Atlas of Varieties of English,"<p>Cite as</p>
<blockquote>
<p>Kortmann, Bernd &amp; Lunkenheimer, Kerstin &amp; Ehret, Katharina (eds.) 2020. The Electronic World Atlas of Varieties of English. Zenodo. (Available online at https://ewave-atlas.org/)</p>
</blockquote>",,,v3.0.1,Robert Forkel,,10.5281/zenodo.17433568,10.5281/zenodo.3603136,3603136,2025-10-24T11:10:54.873412+00:00,2025-10-24T11:10:55.177593+00:00,cldf-datasets;clld,cc-by-4.0,https://zenodo.org/records/17433568,17433568,,software,https://github.com/cldf-datasets/ewave/tree/v3.0.1
17417888,CLDF Numeralbank Analysed,"<p>Cite the source of the dataset as:</p>

<blockquote>
<p>Bibiko, H.-H.; Koile, E.; Barlow, R.; Mamta, K.; Korobzow, N.; Appiah Tieku, E.; Rzymski, C.; List, J.-M.; Gray, R. D. (2025): Numeralbank. A Collection of Numeral Systems of the World&#x27;s Languages. Leipzig: Max Planck Institute for Evolutionary Anthropology.</p>
</blockquote>",,,v0.9,Russell Barlow ; Hans-Jörg Bibiko ; Ezequiel Koile ; Mamta Kumari ; Johann-Mattis List ; Natalie Korobzow ; Christoph Rzymski ; Enock Appiah Tieku ; Russell D. Gray,Johannes Englisch,10.5281/zenodo.17417888,10.5281/zenodo.10033171,10033171,2025-10-22T16:18:39.808106+00:00,2025-10-22T16:18:39.943428+00:00,,cc-by-4.0,https://zenodo.org/records/17417888,17417888,cldf:Wordlist;linguistics,dataset,https://github.com/numeralbank/numeralbank-analysed/tree/v0.9
17407434,Vanuatu Voices,"<p>Cite the source of the dataset as:</p>

<blockquote>
<p>Lana Takau, Mary Walworth, Aviva Shimelman, Sandrine Bessis, Tom Ennever, Iveth Rodriguez, Hans-Jörg Bibiko, Daria Dërmaku, Murray Garde, Marie-France Duhamel, Giovanni Abete, Laura Wägerle, Kaitip W. Kami, Tihomir Rangelov, Russell Gray. 2025. Vanuatu Voices.</p>
</blockquote>",,,v1.4,Lana Takau ; Tom Fitzpatrick ; Mary Walworth ; Aviva Shimelman ; Sandrine Bessis ; Tom Ennever ; Iveth Rodriguez ; Hans-Jörg Bibiko ; Daria Dërmaku ; Murray Garde ; Marie-France Duhamel ; Giovanni Abete ; Laura Wägerle ; Kaitip W. Kami ; Tihomir Rangelov ; Russell Gray,Robert Forkel ; Johann-Mattis List,10.5281/zenodo.17407434,10.5281/zenodo.4309140,4309140,2025-10-21T14:06:10.869172+00:00,2025-10-21T14:06:11.218646+00:00,lexibank,cc-by-nc-4.0,https://zenodo.org/records/17407434,17407434,cldf:Wordlist;linguistics,dataset,https://github.com/lexibank/vanuatuvoices/tree/v1.4
17342211,"Glottography dataset derived from Zucchi 2017 ""Arqueología de los llanos occidentales y el Orinoco""","<p>Cite the source of the dataset as:</p>

<blockquote>
<p>Zucchi, Alberta. 2017. Arqueología de los llanos occidentales y el Orinoco. (Collección clásicos de la arqueología Venezolana.) Caracas: Centro Nacional de Estudios Históricos.</p>
</blockquote>",,,v1.0,The Glottography Consortium,,10.5281/zenodo.17342211,10.5281/zenodo.17342210,17342210,2025-10-13T15:24:46.596254+00:00,2025-10-13T15:24:46.859584+00:00,glottography,cc-by-4.0,https://zenodo.org/records/17342211,17342211,cldf:Generic;linguistics,dataset,https://github.com/Glottography/zucchi2017arqueologia/tree/v1.0
17342180,"Glottography dataset derived from Wurm and Hattori 1981/83 ""Language atlas of the pacific area""","<p>Cite the source of the dataset as:</p>

<blockquote>
<p>Wurm, S. &amp; Hattori, S. Language Atlas of the Pacific Area: New Guinea area, Oceania, Australia, vol. 66 of Pacific Linguistics: Series C (Canberra: Research School of Pacific and Asian Studies, Australian National University, Canberra, 1981). Wurm, S. &amp; Hattori, S. Language Atlas of the Pacific Area: Japan area, Taiwan-Formosa, Philippines, Mainland and insular South-East Asia, vol. 67 of Pacific Linguistics: Series C (Canberra: Research School of Pacific and Asian Studies, Australian National University, Canberra, 1983). Registered scans and GIS dataset released by the Electronic Cultural Atlas Initiative (ECAI).</p>
</blockquote>",,,v1.0,The Glottography Consortium,,10.5281/zenodo.17342180,10.5281/zenodo.17342179,17342179,2025-10-13T15:21:16.380675+00:00,2025-10-13T15:21:16.568344+00:00,glottography,cc-by-nc-4.0,https://zenodo.org/records/17342180,17342180,cldf:Generic;linguistics,dataset,https://github.com/Glottography/wurm1981pacific/tree/v1.0
17342116,"Glottography dataset derived from Wikipedia contributors 2024 ""List of official languages by country and territory --- Wikipedia, The Free Encyclopedia""","<p>Cite the source of the dataset as:</p>

<blockquote>
<p>{Wikipedia contributors}. 2024. List of official languages by country and territory --- Wikipedia, The Free Encyclopedia. ([Online; accessed 18-November-2024]).</p>
</blockquote>",,,v1.0,The Glottography Consortium,,10.5281/zenodo.17342116,10.5281/zenodo.17342115,17342115,2025-10-13T15:13:48.356522+00:00,2025-10-13T15:13:48.555522+00:00,glottography,cc-by-4.0,https://zenodo.org/records/17342116,17342116,cldf:Generic;linguistics,dataset,https://github.com/Glottography/wikipedia2024officiallang/tree/v1.0
17342060,"Glottography dataset derived from Walker and Ribeiro 2011 ""Bayesian Phylogeography of the Arawak Expansion in Lowland South America""","<p>Cite the source of the dataset as:</p>

<blockquote>
<p>Walker, Robert S. &amp; Lincoln A. Ribeiro. 2011. Bayesian Phylogeography of the Arawak Expansion in Lowland South America. 278(1718). 2562–2567. doi: 10.1098/rspb.2010.2579. Royal Society.</p>
</blockquote>",,,v1.0,The Glottography Consortium,,10.5281/zenodo.17342060,10.5281/zenodo.17342059,17342059,2025-10-13T15:07:04.721907+00:00,2025-10-13T15:07:04.877248+00:00,glottography,cc-by-4.0,https://zenodo.org/records/17342060,17342060,cldf:Generic;linguistics,dataset,https://github.com/Glottography/walker2011bayesian/tree/v1.0
17342021,"Glottography dataset derived from Vuillermet 2012 ""A Grammar of Ese Ejja, a Takanan language of the Bolivian Amazon""","<p>Cite the source of the dataset as:</p>

<blockquote>
<p>Vuillermet, Marine. 2012. A Grammar of Ese Ejja, a Takanan language of the Bolivian Amazon. Université Lumière Lyon 2 dissertation. (xvi+736pp.)</p>
</blockquote>",,,v1.0,The Glottography Consortium,,10.5281/zenodo.17342021,10.5281/zenodo.17342020,17342020,2025-10-13T15:02:39.975208+00:00,2025-10-13T15:02:40.126886+00:00,glottography,cc-by-4.0,https://zenodo.org/records/17342021,17342021,cldf:Generic;linguistics,dataset,https://github.com/Glottography/vuillermet2012grammar/tree/v1.0
17341986,"Glottography dataset derived from Tarble de Scaramelli and Zucchi 1984 ""Nuevos Datos sobre la Arqueología Tardia del Orinoco: La Serie Valloide""","<p>Cite the source of the dataset as:</p>

<blockquote>
<p>Scaramelli, Kay Tarble de &amp; A. Zucchi. 1984. Nuevos Datos sobre la Arqueología Tardia del Orinoco: La Serie Valloide. Acta Científica Venezolana 35. 434-445.</p>
</blockquote>",,,v1.0,The Glottography Consortium,,10.5281/zenodo.17341986,10.5281/zenodo.17341985,17341985,2025-10-13T14:58:38.857249+00:00,2025-10-13T14:58:38.994940+00:00,glottography,cc-by-4.0,https://zenodo.org/records/17341986,17341986,cldf:Generic;linguistics,dataset,https://github.com/Glottography/tarble1984nuevos/tree/v1.0
17341948,"Glottography dataset derived from Suttles and Suttles 1985 ""Native languages of the northwest coast""","<p>Cite the source of the dataset as:</p>

<blockquote>
<p>Suttles, Wayne &amp; Cameron Suttles. 1985. Native languages of the northwest coast. The Press of the Oregon Historical Society.</p>
</blockquote>",,,v1.0,The Glottography Consortium,,10.5281/zenodo.17341948,10.5281/zenodo.17341947,17341947,2025-10-13T14:55:24.360342+00:00,2025-10-13T14:55:24.654501+00:00,glottography,cc-by-4.0,https://zenodo.org/records/17341948,17341948,cldf:Generic;linguistics,dataset,https://github.com/Glottography/suttles1985northwest/tree/v1.0
17341914,"Glottography dataset derived from Steever 2019 ""The Dravidian Languages""","<p>Cite the source of the dataset as:</p>

<blockquote>
<p>Steever, S.B. 2019. The Dravidian Languages. (Routledge Language Family Series.) Taylor \&amp; Francis.</p>
</blockquote>",,,v1.0,The Glottography Consortium,,10.5281/zenodo.17341914,10.5281/zenodo.17341913,17341913,2025-10-13T14:52:11.934157+00:00,2025-10-13T14:52:12.225540+00:00,glottography,cc-by-4.0,https://zenodo.org/records/17341914,17341914,cldf:Generic;linguistics,dataset,https://github.com/Glottography/steever2019dravidian/tree/v1.0
17341890,"Glottography dataset derived from Schapper 2020 ""1. Introduction to The Papuan languages of Timor, Alor and Pantar. Volume 3""","<p>Cite the source of the dataset as:</p>

<blockquote>
<p>Schapper, Antoinette. 2020. 1. Introduction to The Papuan languages of Timor, Alor and Pantar. Volume 3. In  Schapper, Antoinette (ed.) 1–52. Berlin, Boston: De Gruyter Mouton. doi: doi:10.1515/9781501511158-001.</p>
</blockquote>",,,v1.0,The Glottography Consortium,,10.5281/zenodo.17341890,10.5281/zenodo.17341889,17341889,2025-10-13T14:49:31.151564+00:00,2025-10-13T14:49:31.250506+00:00,glottography,cc-by-4.0,https://zenodo.org/records/17341890,17341890,cldf:Generic;linguistics,dataset,https://github.com/Glottography/schapper2020papuan/tree/v1.0
17341268,"Glottography dataset derived from Rantanen et al. 2021 ""Geographical database of the Uralic languages""","<p>Cite the source of the dataset as:</p>

<blockquote>
<p>Rantanen, T., Vesakoski, O., Ylikoski, J., &amp; Tolvanen, H. (2021). Geographical database of the Uralic languages (v1.0) [Data set]. Zenodo. https://doi.org/10.5281/zenodo.4784188</p>
</blockquote>",,,v1.0,The Glottography Consortium,,10.5281/zenodo.17341268,10.5281/zenodo.17341267,17341267,2025-10-13T13:26:18.881897+00:00,2025-10-13T13:26:19.120201+00:00,glottography,cc-by-4.0,https://zenodo.org/records/17341268,17341268,cldf:Generic;linguistics,dataset,https://github.com/Glottography/rantanen2021uralic/tree/v1.0
17341026,"Glottography dataset derived from Queixalos and Renault-Lescure 2000 ""As línguas amazônicas hoje""","<p>Cite the source of the dataset as:</p>

<blockquote>
<p>Queixalos, Francisco &amp; Odile Renault-Lescure. 2000. As línguas amazônicas hoje. In  Queixalós, Francisco and Renault-Lescure, Odile (eds.) São Paulo: IRD/Instituto Socioambiental/MPEG. 432pp.</p>
</blockquote>",,,v1.0,The Glottography Consortium,,10.5281/zenodo.17341026,10.5281/zenodo.17341025,17341025,2025-10-13T13:04:01.149625+00:00,2025-10-13T13:04:01.291085+00:00,glottography,cc-by-4.0,https://zenodo.org/records/17341026,17341026,cldf:Generic;linguistics,dataset,https://github.com/Glottography/queixalos2000linguas/tree/v1.0
17340812,"Glottography dataset derived from Ministerio de Educación, Ciencia y Tecnología de la Nación and Programa Nacional Mapa Educativo 2009 ""República Argentina – Pueblos Indígenas""","<p>Cite the source of the dataset as:</p>

<blockquote>
<p>Ministerio de Educación, Ciencia y Tecnología de la Nación &amp; Programa Nacional Mapa Educativo (eds.) 2009. República Argentina – Pueblos Indígenas.</p>
</blockquote>",,,v1.0,The Glottography Consortium,,10.5281/zenodo.17340812,10.5281/zenodo.17340811,17340811,2025-10-13T12:39:25.237996+00:00,2025-10-13T12:39:25.391019+00:00,glottography,cc-by-4.0,https://zenodo.org/records/17340812,17340812,cldf:Generic;linguistics,dataset,https://github.com/Glottography/ministerio2009pueblos/tree/v1.0
17340771,"Glottography dataset derived from Messineo 2011 ""Aproximación tipológica a las lenguas indígenas del Gran Chaco. Rasgos compartidos entre toba (familia guaycurú) y maká (familia mataco-mataguayo)""","<p>Cite the source of the dataset as:</p>

<blockquote>
<p>Messineo, Cristina. 2011. Aproximación tipológica a las lenguas indígenas del Gran Chaco. Rasgos compartidos entre toba (familia guaycurú) y maká (familia mataco-mataguayo). Indiana. 183-225.</p>
</blockquote>",,,v1.0,The Glottography Consortium,,10.5281/zenodo.17340771,10.5281/zenodo.17340770,17340770,2025-10-13T12:36:08.405825+00:00,2025-10-13T12:36:08.563246+00:00,glottography,cc-by-4.0,https://zenodo.org/records/17340771,17340771,cldf:Generic;linguistics,dataset,https://github.com/Glottography/messineo2011aproximacion/tree/v1.0
17340654,"Glottography dataset derived from Matsumae et al. 2021 ""Exploring correlations in genetic and cultural variation across language families in northeast Asia""","<p>Cite the source of the dataset as:</p>

<blockquote>
<p>Matsumae, Hiromi, Peter Ranacher, Patrick E. Savage, Damián E. Blasi, Thomas E. Currie, Kae Koganebuchi, Nao Nishida, Takehiro Sato, Hideyuki Tanabe, Atsushi Tajima, Steven Brown, Mark Stoneking, Kentaro K. Shimizu, Hiroki Oota &amp; Balthasar Bickel. 2021. Exploring correlations in genetic and cultural variation across language families in northeast Asia. Science Advances 7(34). eabd9223. doi: 10.1126/sciadv.abd9223.</p>
</blockquote>",,,v1.0,The Glottography Consortium,,10.5281/zenodo.17340654,10.5281/zenodo.17340653,17340653,2025-10-13T12:23:11.630080+00:00,2025-10-13T12:23:11.779503+00:00,glottography,cc-by-4.0,https://zenodo.org/records/17340654,17340654,cldf:Generic;linguistics,dataset,https://github.com/Glottography/matsumae2021exploring/tree/v1.0
17340571,"Glottography dataset derived from Hochstetler et al. 2004 ""Sociolinguistic survey of the Dogon language area""","<p>Cite the source of the dataset as:</p>

<blockquote>
<p>Hochstetler, J Lee &amp; Evelin IK Durieux Jude A and Durieux-Boon. 2004. Sociolinguistic survey of the Dogon language area. SIL International. Citeseer.</p>
</blockquote>",,,v1.0,The Glottography Consortium,,10.5281/zenodo.17340571,10.5281/zenodo.17340570,17340570,2025-10-13T12:14:17.052584+00:00,2025-10-13T12:14:17.314321+00:00,glottography,cc-by-4.0,https://zenodo.org/records/17340571,17340571,cldf:Generic;linguistics,dataset,https://github.com/Glottography/hochstetler2004sociolinguistic/tree/v1.0
17340247,"Glottography dataset derived from Haynie and Gavin 2019 ""Modern language range mapping for the study of language diversity""","<p>Cite the source of the dataset as:</p>

<blockquote>
<p>Haynie, Hannah J. &amp; Michael C. Gavin. 2019. Modern language range mapping for the study of language diversity. doi: 10.31235/osf.io/9fu7g.</p>
</blockquote>",,,v1.0,The Glottography Consortium,,10.5281/zenodo.17340247,10.5281/zenodo.17340246,17340246,2025-10-13T11:25:59.674555+00:00,2025-10-13T11:25:59.830055+00:00,glottography,cc-by-nc-4.0,https://zenodo.org/records/17340247,17340247,cldf:Generic;linguistics,dataset,https://github.com/Glottography/haynie2019modern/tree/v1.0
17340138,Glottography dataset derived from Grierson's Linguistic Survey of India,"<p>Cite the source of the dataset as:</p>

<blockquote>
<p>Linguistic survey of India / [compiled and edited] by George Abraham Grierson. Calcutta : Office of the Superintendent of Government Printing, India, 1903-1928. 11 v. in 20 : maps (part fold.) ; 36 cm.</p>
</blockquote>",,,v1.0,The Glottography Consortium,,10.5281/zenodo.17340138,10.5281/zenodo.17340137,17340137,2025-10-13T11:10:08.828886+00:00,2025-10-13T11:10:08.953236+00:00,glottography,cc-by-4.0,https://zenodo.org/records/17340138,17340138,cldf:Generic;linguistics,dataset,https://github.com/Glottography/grierson1903lsi/tree/v1.0
17339338,"Glottography dataset derived from Goddard 1999 ""Native Languages and Language Families of North America""","<p>Cite the source of the dataset as:</p>

<blockquote>
<p>Goddard, Ives. 1999. Native Languages and Language Families of North America. (Studies in the Anthropology of North American Indians Series.) In  Smithsonian Institution (ed.) Revised and enlarged edition, with additions and corrections edn. University of Nebraska Press. Sheet map, foldedpp.</p>
</blockquote>",,,v1.0,The Glottography Consortium,,10.5281/zenodo.17339338,10.5281/zenodo.17339337,17339337,2025-10-13T10:00:48.244453+00:00,2025-10-13T10:00:48.623154+00:00,glottography,cc-by-4.0,https://zenodo.org/records/17339338,17339338,cldf:Generic;linguistics,dataset,https://github.com/Glottography/goddard1999native/tree/v1.0
17339172,"Glottography dataset derived from Figueira n.d. ""Atlas total de la República Argentina""","<p>Cite the source of the dataset as:</p>

<blockquote>
<p>Figueira, Ricardo. 1982. Atlas total de la República Argentina. In  Chiozza, Elena (ed.) Centro Editor de América Latina.</p>
</blockquote>",,,v1.0,The Glottography Consortium,,10.5281/zenodo.17339172,10.5281/zenodo.17339171,17339171,2025-10-13T09:42:20.128871+00:00,2025-10-13T09:42:20.285110+00:00,glottography,cc-by-4.0,https://zenodo.org/records/17339172,17339172,cldf:Generic;linguistics,dataset,https://github.com/Glottography/figueira1982atlastotalargentina/tree/v1.0
17339139,"Glottography dataset derived from Eriksen 2011 ""Nature and Culture in Prehistoric Amazonia Using G.I.S. to reconstruct ancient ethnogenetic processes from archaeology, linguistics, geography, and ethnohistory""","<p>Cite the source of the dataset as:</p>

<blockquote>
<p>Eriksen, Love. 2011. Nature and Culture in Prehistoric Amazonia Using G.I.S. to reconstruct ancient ethnogenetic processes from archaeology, linguistics, geography, and ethnohistory. In.</p>
</blockquote>",,,v1.0,The Glottography Consortium,,10.5281/zenodo.17339139,10.5281/zenodo.17339138,17339138,2025-10-13T09:38:15.518798+00:00,2025-10-13T09:38:15.783415+00:00,glottography,cc-by-4.0,https://zenodo.org/records/17339139,17339139,cldf:Generic;linguistics,dataset,https://github.com/Glottography/eriksen2011nature/tree/v1.0
17338066,"Glottography dataset derived from Edwards 2020 ""Metathesis and unmetathesis in Amarasi""","<p>Cite the source of the dataset as:</p>

<blockquote>
<p>Edwards, Owen D. 2020. Metathesis and unmetathesis in Amarasi. Berlin: Language Science Press. doi: 10.5281/zenodo.3700413.</p>
</blockquote>",,,v1.0,The Glottography Consortium,,10.5281/zenodo.17338066,10.5281/zenodo.17338065,17338065,2025-10-13T07:16:37.004542+00:00,2025-10-13T07:16:37.106167+00:00,glottography,cc-by-4.0,https://zenodo.org/records/17338066,17338066,cldf:Generic;linguistics,dataset,https://github.com/Glottography/edwards2020metathesis/tree/v1.0
17334281,"Glottography dataset derived from Denevan 1966 ""The aboriginal cultural geography of the Llanos de Mojos of Bolivia""","<p>Cite the source of the dataset as:</p>

<blockquote>
<p>Denevan, William M. 1966. The aboriginal cultural geography of the Llanos de Mojos of Bolivia. (Ibero-Americana, 48.) Berkeley: University of California Press.</p>
</blockquote>",,,v1.0,The Glottography Consortium,,10.5281/zenodo.17334281,10.5281/zenodo.17334280,17334280,2025-10-12T15:30:33.884930+00:00,2025-10-12T15:30:33.994516+00:00,glottography,cc-by-4.0,https://zenodo.org/records/17334281,17334281,cldf:Generic;linguistics,dataset,https://github.com/Glottography/denevan1966aboriginal/tree/v1.0
17334236,"Glottography dataset derived from Dedio et al. 2019 ""Evidence for Britain and Ireland as a Linguistic Area""","<p>Cite the source of the dataset as:</p>

<blockquote>
<p>Dedio, Stefan, Peter Ranacher &amp; Paul Widmer. 2019. Evidence for Britain and Ireland as a Linguistic Area. Language 95(3). 498–522. doi: 10.1353/lan.2019.0054.</p>
</blockquote>",,,v1.0,The Glottography Consortium,,10.5281/zenodo.17334236,10.5281/zenodo.17334235,17334235,2025-10-12T15:22:15.787698+00:00,2025-10-12T15:22:15.926532+00:00,glottography,cc-by-4.0,https://zenodo.org/records/17334236,17334236,cldf:Generic;linguistics,dataset,https://github.com/Glottography/dedio2019britain/tree/v1.0
17334192,Glottography dataset derived from the Geographical Presences in the DiACL/TITUS Polygon Archive,"<p>Cite the source of the dataset as:</p>

<blockquote>
<p>Carling, Gerd &amp; Jost Gippert (eds.) 2025. DiACL/TITUS Polygon Archive. Frankfurt am Main: Goethe University (URL: https://diacl.uni-frankfurt.de/GeographicalPresence/Index)</p>
</blockquote>",,,v1.0,The Glottography Consortium,,10.5281/zenodo.17334192,10.5281/zenodo.17334191,17334191,2025-10-12T15:13:19.961250+00:00,2025-10-12T15:13:20.089115+00:00,glottography,cc-by-4.0,https://zenodo.org/records/17334192,17334192,cldf:Generic;linguistics,dataset,https://github.com/Glottography/carling2025diacl/tree/v1.0
17334090,"Glottography dataset derived from Bowern 2021 ""Files for Australian Language Locations""","<p>Cite the source of the dataset as:</p>

<blockquote>
<p>Bowern, C. (2021). Files for Australian Language Locations [Data set]. Zenodo. https://doi.org/10.5281/zenodo.4898185</p>
</blockquote>",,,v1.0,The Glottography Consortium,,10.5281/zenodo.17334090,10.5281/zenodo.17334089,17334089,2025-10-12T14:54:56.249505+00:00,2025-10-12T14:54:56.397436+00:00,glottography,cc-by-nc-4.0,https://zenodo.org/records/17334090,17334090,cldf:Generic;linguistics,dataset,https://github.com/Glottography/bowern2021australia/tree/v1.0
17333460,"Glottography dataset derived from Bowern and Atkinson 2012 ""Computational phylogenetics and the internal structure of Pama-Nyungan""","<p>Cite the source of the dataset as:</p>

<blockquote>
<p>Bowern, Claire &amp; Quentin Atkinson. 2012. Computational phylogenetics and the internal structure of Pama-Nyungan. Language 88. 817-845. doi: 10.2307/23357554.</p>
</blockquote>",,,v1.0,The Glottography Consortium,,10.5281/zenodo.17333460,10.5281/zenodo.17333459,17333459,2025-10-12T12:46:52.085205+00:00,2025-10-12T12:46:52.247609+00:00,glottography,cc-by-4.0,https://zenodo.org/records/17333460,17333460,cldf:Generic;linguistics,dataset,https://github.com/Glottography/bowern2012pamanyungan/tree/v1.0
17333413,"Glottography dataset derived from Bouckaert et al. 2012 ""Mapping the origins and expansion of the Indo-European language family""","<p>Cite the source of the dataset as:</p>

<blockquote>
<p>Bouckaert, Remco, Philippe Lemey, Michael Dunn, Simon J Greenhill, Alexander V Alekseyenko, Alexei J Drummond, Russell D Gray &amp; Quentin D Suchard Marc A and Atkinson. 2012. Mapping the origins and expansion of the Indo-European language family. Science 337(6097). 957–960. American Association for the Advancement of Science.</p>
</blockquote>",,,v1.0,The Glottography Consortium,,10.5281/zenodo.17333413,10.5281/zenodo.17333412,17333412,2025-10-12T12:38:48.494549+00:00,2025-10-12T12:38:48.650788+00:00,glottography,cc-by-4.0,https://zenodo.org/records/17333413,17333413,cldf:Generic;linguistics,dataset,https://github.com/Glottography/bouckaert2012indoeuropean/tree/v1.0
17333165,"Glottography dataset derived from Allen et al. 2016 ""Resource scarcity drives lethal aggression among prehistoric hunter-gatherers in central California""","<p>Cite the source of the dataset as:</p>

<blockquote>
<p>M.W. Allen, R.L. Bettinger, B.F. Codding, T.L. Jones, A.W. Schwitalla, Resource scarcity drives lethal aggression among prehistoric hunter-gatherers in central California, Proc. Natl. Acad. Sci. U.S.A. 113 (43) 12120-12125, https://doi.org/10.1073/pnas.1607996113 (2016).</p>
</blockquote>",,,v1.0,The Glottography Consortium,The Glottography Consortium,10.5281/zenodo.17333165,10.5281/zenodo.17333164,17333164,2025-10-12T11:48:07.585588+00:00,2025-10-12T11:48:07.724110+00:00,glottography,cc-by-4.0,https://zenodo.org/records/17333165,17333165,cldf:Generic;linguistics,dataset,https://github.com/Glottography/allen2016resource/tree/v1.0
10033312,CLDF Numeralbank Analysed,"<p>Cite the source of the dataset as:</p>

<blockquote>
<p>Bibiko, H.-H.; Koile, E.; Barlow, R.; Mamta, K.; Appiah Tieku, E.; Rzymski, C.; List, J.-M.; Gray, R. D. (2023): Numeralbank. A Collection of Numeral Systems of the World&#x27;s Languages. Leipzig: Max Planck Institute for Evolutionary Anthropology.</p>
</blockquote>",,,v0.8.1,Hans-Jörg Bibiko ; Ezequiel Koile ; Russell Barlow ; Mamta Kumari ; Enock Appiah Tieku ; Christoph Rzymski ; Johann-Mattis List ; Russell D. Gray,,10.5281/zenodo.10033312,10.5281/zenodo.10033171,10033171,2023-10-23T09:20:41.183622+00:00,2025-10-01T12:31:18.013152+00:00,,cc-by-4.0,https://zenodo.org/records/10033312,10033312,cldf:Wordlist;linguistics,dataset,https://github.com/numeralbank/numeralbank-analysed/tree/v0.8.1
16900180,CLICS 4,"<p>Cite the source of the dataset as:</p>

<blockquote>
<p>Tjuka, Annika; Forkel, Robert; Rzymski, Christoph; and List, Johann-Mattis (2025): CLICS 4: An Improved Database of Cross-Linguistic Colexifications [Dataset, Version 0.5]. Passau: MCL Chair at the University of Passau.</p>
</blockquote>",,,v0.5,Annika Tjuka ; Robert Forkel ; Christoph Rzymski ; Johann-Mattis List,,10.5281/zenodo.16900180,10.5281/zenodo.16900179,16900179,2025-08-19T06:19:33.497897+00:00,2025-08-19T06:19:33.717419+00:00,,cc-by-4.0,https://zenodo.org/records/16900180,16900180,cldf:Wordlist;linguistics,dataset,https://github.com/clics/clics4/tree/v0.5
16736409,"CLDF dataset derived from Wichmann et al.'s ""ASJP Database"" v21 from 2025","<p>Cite the source of the dataset as:</p>

<blockquote>
<p>Wichmann, Søren, Eric W. Holman, Cecil H. Brown, Matthew S. Dryer, and Qibin Ran (eds.). 2025. The ASJP Database (version 21).</p>
</blockquote>",,,v21,"Søren Wichmann ; Eric W. Holman ; Cecil H. Brown ; Dryer, Matthew S. ; Ran, Qibin","Søren Wichmann ; Søren Wichmann ; Søren Wichmann ; Søren Wichmann ; André Müller ; Ann-Katrin Wett ; Viveka Velupillai ; Julia Bischoffberger ; Eric W. Holman ; Cecil H. Brown ; Cecil H. Brown ; Sebastian Sauppe ; Zarina Molochieva ; Pamela Brown ; Oleg Belyaev ; Johann-Mattis List ; Dmitry Egorov ; Matthias Urban ; Robert Mailhammer ; Agustina Carrizo ; Matthew S. Dryer ; Evgenia Korovina ; David Beck ; Helen Geyer ; Patience Epps ; Anthony Grant ; Arjan Mossel ; Darja Appelganz ; Dickson Pagente ; Danli Wu ; Guillaume Segerer ; Ke Xu ; Mark Donohue ; Matthias Pache ; Pengfei Chen ; Paul Sidwell ; Qibin Ran ; Tessa de Mol-van Valen ; Yuzhu Liang ; Yue Sun ; Robert Forkel ; Tiago Tresoldi ; Jiang, Di ; Wang, Guilin ; Deng, Hongli ; Li, Huachen ; Wang, Hongyu ; Ding, Jun ; Song, Jiening ; Han, Lulu ; Deng, Qiuling ; Steinke, Robin ; Wang, Shuai ; Smirnova, Viktoria ; Ma, Xinyi ; Liu, Yanting ; Lin, Yifan ; Ma, Yanxia ; Zhang, Yanyong ; Zhao, Zhijing ; Dryer, Matthew S. ; Ran, Qibin",10.5281/zenodo.16736409,10.5281/zenodo.3835822,3835822,2025-08-04T07:57:57.589854+00:00,2025-08-04T08:23:26.342201+00:00,lexibank,cc-by-4.0,https://zenodo.org/records/16736409,16736409,cldf:Wordlist;linguistics,dataset,https://github.com/lexibank/asjp/tree/v21
13606075,Zero marking and the order of core arguments,CLDF version of Sinnemäki 2010's dataset on zero marking and word order,,,v1.0,Kaius Sinnemäki ; Noora Ahola,Johannes Englisch ; Martin Haspelmath,10.5281/zenodo.13606075,10.5281/zenodo.13606074,13606074,2024-08-30T11:26:54.997302+00:00,2025-07-18T08:55:31.748430+00:00,crossgram,cc-by-4.0,https://zenodo.org/records/13606075,13606075,cldf:StructureDataset;linguistics,dataset,https://github.com/cldf-datasets/sinnemakizeromarking/tree/v1.0
15779678,"CLDF dataset derived from Kitchen et al.'s ""Bayesian phylogenetic analysis of Semitic languages"" from 2009","<p>Cite the source of the dataset as:</p>

<blockquote>
<p>Bayesian phylogenetic analysis of Semitic languages identifies an Early Bronze Age origin of Semitic in the Near East. Andrew Kitchen, Christopher Ehret, Shiferaw Assefa, Connie J. Mulligan. Proc. R. Soc. B 2009 -; DOI: 10.1098/rspb.2009.0408. Published 29 April 2009</p>
</blockquote>",,,v2.0,Andrew Kitchen ; Christopher Ehret ; Shiferaw Assefa ; Connie J. Mulligan,Ben Sapirstein ; Johann-Mattis List ; Simon Greenhill,10.5281/zenodo.15779678,10.5281/zenodo.8171664,8171664,2025-07-01T05:23:59.386697+00:00,2025-07-01T05:23:59.604674+00:00,lexibank,cc-by-nc-4.0,https://zenodo.org/records/15779678,15779678,cldf:Wordlist;linguistics,dataset,https://github.com/lexibank/kitchensemitic/tree/v2.0
15719681,"CLDF dataset derived from Alekseeva et al's ""Atlas of Rutul Dialects"" from 2025","<p>Cite the source of the dataset as:</p>

<blockquote>
<p>A. Alekseeva, N. Beklemishev, M. Daniel, N. Dobrushina, K. Filatov, A. Ivanova, T. Maisak, M. Melenchenko, G. Moroz, I. Netkachev, I. Sadakov. 2025. Atlas of Rutul dialects. Moscow: Linguistic Convergence Laboratory, HSE University. https://lingconlab.github.io/rutul_dialectology/index.html</p>
</blockquote>",,,v0.2,A. Alekseeva ; N. Beklemishev ; M. Daniel ; N. Dobrushina ; K. Filatov ; A. Ivanova ; T. Maisak ; M. Melenchenko ; G. Moroz ; I. Netkachev ; I. Sadakov,Johann-Mattis List,10.5281/zenodo.15719681,10.5281/zenodo.15711274,15711274,2025-06-23T08:59:59.624529+00:00,2025-06-23T08:59:59.819482+00:00,lexibank,cc-by-4.0,https://zenodo.org/records/15719681,15719681,cldf:Wordlist;linguistics,dataset,https://github.com/lexibank/rutulbasiclexicon/tree/v0.2
15711275,"CLDF dataset derived from Aleseeva's's ""Atlas of Rutul Dailects"" from 2025","<p>Cite the source of the dataset as:</p>

<blockquote>
<p>A. Alekseeva, N. Beklemishev, M. Daniel, N. Dobrushina, K. Filatov, A. Ivanova, T. Maisak, M. Melenchenko, G. Moroz, I. Netkachev, I. Sadakov. 2025. Atlas of Rutul dialects. Moscow: Linguistic Convergence Laboratory, HSE University. https://lingconlab.github.io/rutul_dialectology/index.html</p>
</blockquote>",,,v0.1,A. Alekseeva ; N. Beklemishev ; M. Daniel ; N. Dobrushina ; K. Filatov ; A. Ivanova ; T. Maisak ; M. Melenchenko ; G. Moroz ; I. Netkachev ; I. Sadakov,Johann-Mattis List,10.5281/zenodo.15711275,10.5281/zenodo.15711274,15711274,2025-06-21T13:25:57.966363+00:00,2025-06-21T13:25:58.103308+00:00,lexibank,cc-by-4.0,https://zenodo.org/records/15711275,15711275,cldf:Wordlist;linguistics,dataset,https://github.com/lexibank/rutulbasiclexicon/tree/v0.1
15687121,"CLDF dataset derived from Lee's ""Phonological Features of Caijia"" from 2023","<p>Cite the source of the dataset as:</p>

<blockquote>
<p>Lee, Man Hei (2023): Phonological features of Caijia that are notable from a diachronic perspective. Journal of Historical Linguistics. DOI: https://doi.org/10.1075/jhl.21025.lee</p>
</blockquote>",,,v1.3,"Lee, Man Hei",Johann-Mattis List,10.5281/zenodo.15687121,10.5281/zenodo.13253593,13253593,2025-06-18T05:22:08.008289+00:00,2025-06-18T05:22:08.151072+00:00,lexibank,cc-by-4.0,https://zenodo.org/records/15687121,15687121,cldf:Wordlist;linguistics,dataset,https://github.com/lexibank/leecaijia/tree/v1.3
15687074,Pulotu: Database of Austronesian Religions,"<p>Cite the source of the dataset as:</p>

<blockquote>
<p>Watts J., Sheehan O., Greenhill S.J., Gomes-Ng S., Atkinson Q.D., Bulbulia J., Gray R.D. (2015). Pulotu: Database of Austronesian Supernatural Beliefs and Practices. PLoS ONE 10(9). DOI: https://doi.org/10.1371/journal.pone.0136783</p>
</blockquote>",,,v1.3,Joseph Watts ; Oliver Sheehan ; Simon Greenhill ; Stephanie Gomes-Ng ; Quentin Atkinson ; Joseph Bulbulia ; Russell Gray,Carlos Botero ; Carlos Botero ; Angeline Song ; Angeline Song ; Joanne Ong ; Joanne Ong ; Sam Passmore ; Sam Passmore ; Kirsty Maurits ; Kirsty Maurits ; Goldie Hamilton ; Goldie Hamilton ; Kelsey Buntain ; Kelsey Buntain ; Alex Thomson ; Alex Thomson ; Robert Forkel,10.5281/zenodo.15687074,10.5281/zenodo.5669235,5669235,2025-06-18T05:15:49.749901+00:00,2025-06-18T05:15:49.930266+00:00,dplace;cldf-datasets,cc-by-4.0,https://zenodo.org/records/15687074,15687074,cldf:StructureDataset;linguistics,dataset,https://github.com/D-PLACE/dplace-dataset-pulotu/tree/v1.3
15686941,"CLDF dataset derived from Lee's ""Phonological Features of Caijia"" from 2022","<p>Cite the source of the dataset as:</p>

<blockquote>
<p>Lee, Man Hei (2022): Phonological features of Caijia that are notable from a diachronic perspective. Journal of Historical Linguistics. DOI: https://doi.org/10.1075/jhl.21025.lee</p>
</blockquote>",,,v1.2,"Lee, Man Hei",Johann-Mattis List,10.5281/zenodo.15686941,10.5281/zenodo.13253593,13253593,2025-06-18T04:53:23.737598+00:00,2025-06-18T04:53:23.916695+00:00,lexibank,cc-by-4.0,https://zenodo.org/records/15686941,15686941,cldf:Wordlist;linguistics,dataset,https://github.com/lexibank/leecaijia/tree/v1.2
15682950,"CLDF dataset derived from Lee's ""Phonological Features of Caijia"" from 2022","<p>Cite the source of the dataset as:</p>

<blockquote>
<p>Lee, Man Hei (2022): Phonological features of Caijia that are notable from a diachronic perspective. Journal of Historical Linguistics. DOI: https://doi.org/10.1075/jhl.21025.lee</p>
</blockquote>",,,v1.1,"Lee, Man Hei",Johann-Mattis List,10.5281/zenodo.15682950,10.5281/zenodo.13253593,13253593,2025-06-17T13:11:21.978602+00:00,2025-06-17T13:11:22.176290+00:00,lexibank,cc-by-4.0,https://zenodo.org/records/15682950,15682950,cldf:Wordlist;linguistics,dataset,https://github.com/lexibank/leecaijia/tree/v1.1
15656420,"CLDF Dataset presenting Rubehn et al.'s ""Compositional Structures in Numeral Systems Across Languages"" from 2025","<p>Cite the source of the dataset as:</p>

<blockquote>
<p>Rubehn, A., C. Rzymski, L. Ciucci, K. van Dam, A. Kučerová, K. Bocklage, D. Snee, A. Stephen, and J.-M. List (forthcoming): Annotating and Inferring Compositional Structures in Numeral Systems Across Languages. In: Proceedings of the 7th Workshop on Research in Computational Linguistic Typology and Multilingual NLP (SIGTYP 2025). 1-13. https://doi.org/10.48550/arXiv.2503.01625</p>
</blockquote>",,,v1.1,Arne Rubehn ; Christoph Rzymski ; Luca Ciucci ; Katja Bocklage ; Alžběta Kučerová ; David Snee ; Kellen Parker van Dam ; Johann-Mattis List,,10.5281/zenodo.15656420,10.5281/zenodo.15654140,15654140,2025-06-13T10:48:50.815729+00:00,2025-06-13T10:48:50.994847+00:00,cldf-datasets,cc-by-4.0,https://zenodo.org/records/15656420,15656420,cldf:Wordlist;linguistics,dataset,https://github.com/numeralbank/cosinus/tree/v1.1
15654191,"CLDF dataset derived from Chan's ""Numeral Systems of the World's Languages."" from 2019","<p>Cite the source of the dataset as:</p>

<blockquote>
<p>Chan, Eugene (eds.) 2019. Numeral Systems of the World&#x27;s Languages. Accessed: 2019-09-30</p>
</blockquote>",,,v1.0.2,Eugene Chan,Eugene Chan ; Hans-Jörg Bibiko ; Hans-Jörg Bibiko ; Christoph Rzymski ; Robert Forkel,10.5281/zenodo.15654191,10.5281/zenodo.3475911,3475911,2025-06-13T04:53:00.974925+00:00,2025-06-13T04:53:01.144053+00:00,lexibank,cc-by-4.0,https://zenodo.org/records/15654191,15654191,cldf:Wordlist;linguistics,dataset,https://github.com/numeralbank/channumerals/tree/v1.0.2
15654141,"CLDF Dataset presenting Rubehn et al.'s ""Compositional Structures in Numeral Systems Across Languages"" from 2025","<p>Cite the source of the dataset as:</p>

<blockquote>
<p>Rubehn, A., C. Rzymski, L. Ciucci, K. van Dam, A. Kučerová, K. Bocklage, D. Snee, A. Stephen, and J.-M. List (forthcoming): Annotating and Inferring Compositional Structures in Numeral Systems Across Languages. In: Proceedings of the 7th Workshop on Research in Computational Linguistic Typology and Multilingual NLP (SIGTYP 2025). 1-13. https://doi.org/10.48550/arXiv.2503.01625</p>
</blockquote>",,,v1.0,Arne Rubehn ; Christoph Rzymski ; Luca Ciucci ; Katja Bocklage ; Alžběta Kučerová ; David Snee ; Kellen Parker van Dam ; Johann-Mattis List,,10.5281/zenodo.15654141,10.5281/zenodo.15654140,15654140,2025-06-13T04:45:04.332838+00:00,2025-06-13T04:45:04.445080+00:00,cldf-datasets,cc-by-4.0,https://zenodo.org/records/15654141,15654141,cldf:Wordlist;linguistics,dataset,https://github.com/numeralbank/cosinus/tree/v1.0
15649312,"CLDF dataset derived from Chan's ""Numeral Systems of the World's Languages."" from 2019","<p>Cite the source of the dataset as:</p>

<blockquote>
<p>Chan, Eugene (eds.) 2019. Numeral Systems of the World&#x27;s Languages. https://mpi-lingweb.shh.mpg.de/numeral - accessed: 2019-09-30</p>
</blockquote>",,,v1.0.1,Eugene Chan ; Hans-Jörg Bibiko ; Christoph Rzymski,Eugene Chan ; Hans-Jörg Bibiko ; Hans-Jörg Bibiko ; Christoph Rzymski ; Robert Forkel,10.5281/zenodo.15649312,10.5281/zenodo.3475911,3475911,2025-06-12T13:30:13.845592+00:00,2025-06-12T13:30:14.020265+00:00,lexibank,cc-by-4.0,https://zenodo.org/records/15649312,15649312,cldf:Wordlist;linguistics,dataset,https://github.com/numeralbank/channumerals/tree/v1.0.1
15463198,"CLDF dataset derived from Mamta's ""South Asian Numerals Database"" from 2024","<p>Cite the source of the dataset as:</p>

<blockquote>
<p>Mamta, K. (2024): South Asian Numerals Database (SAND). Leipzig: Max Planck Institute for Evolutionary Anthropology.</p>
</blockquote>",,,v1.0,Mamta Kumari,Johann-Mattis List ; Christoph Rzymski,10.5281/zenodo.15463198,10.5281/zenodo.10033150,10033150,2025-05-19T10:48:13.208969+00:00,2025-05-19T10:48:13.330647+00:00,,cc-by-4.0,https://zenodo.org/records/15463198,15463198,cldf:Wordlist;linguistics,dataset,https://github.com/numeralbank/sand/tree/v1.0
15287258,"Glottography dataset derived from Asher and Moseley 2007 ""Atlas of the World's Languages""","<p>Cite the source of the dataset as:</p>

<blockquote>
<p>Asher, R. E. &amp; Christopher J. Moseley (eds.) 2007. Atlas of the World&#x27;s Languages. 2nd edn. Routledge.</p>
</blockquote>",,,v1.0.0,The Glottography Consortium,,10.5281/zenodo.15287258,10.5281/zenodo.15287257,15287257,2025-04-26T12:18:41.531936+00:00,2025-04-26T12:18:41.723077+00:00,glottography,cc-by-4.0,https://zenodo.org/records/15287258,15287258,cldf:Generic;linguistics,dataset,https://github.com/Glottography/asher2007world/tree/v1.0.0
15239866,"CLDF dataset with data and supplements for Barlow ""Loss of colexification of 'hand' and 'five' in Austronesian languages""","CLDF dataset with data and supplements for Barlow ""Loss of colexification of 'hand' and 'five' in Austronesian languages""",,,v1.3,Russell Barlow ; Robert Forkel,,10.5281/zenodo.15239866,10.5281/zenodo.13889023,13889023,2025-04-18T07:18:24.785226+00:00,2025-04-18T07:18:24.914509+00:00,cldf-datasets,cc-by-4.0,https://zenodo.org/records/15239866,15239866,cldf:StructureDataset;linguistics,dataset,https://github.com/cldf-datasets/barlowhandandfive/tree/v1.3
15227808,davidainman/atlas-data: The Areal Typology of Languages of the Americas,<p>This is version 1.0 of the ATLAs database.</p>,,,v2025.1,davidainman ; Natalia Chousou-Polydouri,,10.5281/zenodo.15227808,10.5281/zenodo.14504419,14504419,2025-04-16T07:39:14.075001+00:00,2025-04-16T08:10:28.600720+00:00,,cc-by-4.0,https://zenodo.org/records/15227808,15227808,,software,https://github.com/davidainman/atlas-data/tree/v2025.1
15196305,GramAdapt Crosslinguistic Social Contact Dataset,"<p>Cite the source of the dataset as:</p>

<blockquote>
<p>Eri Kashima, Francesca Di Garbo, Oona Raatikainen, Rosnátaly Avelino, Sacha Beck, Anna Berge, Ana Blanco, Ross Bowden, Nicolás Brid, Joseph M Brincat, María Belén Carpio, Alexander Cobbinah, Paola Cúneo, Anne-Maria Fehn, Saloumeh Gholami, Arun Ghosh, Hannah Gibson, Elizabeth Hall, Katja Hannß, Hannah Haynie, Jerry Jacka, Matias Jenny, Richard Kowalik, Sonal Kulkarni-Joshi, Maarten Mous, Marcela Mendoza, Cristina Messineo, Francesca Moro, Hank Nater, Michelle A Ocasio, Bruno Olsson, Ana María Ospina Bozzi, Agustina Paredes, Admire Phiri, Nicolas Quint, Erika Sandman, Dineke Schokkin, Ruth Singer, Ellen Smith-Dennis, Lameen Souag, Yunus Sulistyono, Yvonne Treis, Matthias Urban, Jill Vaughan, Deginet Wotango Doyiso, Georg Ziegelmeyer, Veronika Zikmundová. (2023). GramAdapt Crosslinguistic Social Contact Dataset. (1.0.0) [Data set]. Zenodo. https://doi.org/10.5281/zenodo.7508054</p>
</blockquote>",,,v1.2,Eri Kashima ; Francesca Di Garbo ; Oona Raatikainen ; Kaius Sinnemäki ; Ricardo Napoleão de Souza ; Anu Hyvönen ; Kayleigh Karinen ; Rosnátaly Avelino ; Sacha Beck ; Anna Berge ; Ana Blanco ; Ross Bowden ; Nicolás Brid ; Joseph Brincat ; María Belén Carpio ; Alexander Cobbinah ; Paola Cúneo ; Anne-Maria Fehn ; Saloumeh Gholami ; Arun Ghosh ; Hannah Gibson ; Elizabeth Hall ; Katja Hannß ; Hannah Haynie ; Jerry Jacka ; Matias Jenny ; Richard Kowalik ; Sonal Kulkarni-Joshi ; Maarten Mous ; Marcela Mendoza ; Cristina Messineo ; Francesca Moro ; Hank Nater ; Michelle Ocasio ; Bruno Olsson ; Ana María Ospina Bozzi ; Agustina Paredes ; Admire Phiri ; Nicolas Quint ; Erika Sandman ; Dineke Schokkin ; Ruth Singer ; Ellen Smith-Dennis ; Lameen Souag ; Yunus Sulistyono ; Yvonne Treis ; Matthias Urban ; Jill Vaughan ; Deginet Wotango Doyiso ; Georg Ziegelmeyer ; Veronika Zikmundová ; Robert Forkel,Eri Kashima ; Francesca Di Garbo ; Oona Raatikainen ; Kaius Sinnemäki ; Robert Forkel,10.5281/zenodo.15196305,10.5281/zenodo.14872293,14872293,2025-04-11T13:19:32.408481+00:00,2025-04-11T13:19:32.542002+00:00,eu;cldf-datasets,cc-by-4.0,https://zenodo.org/records/15196305,15196305,cldf:StructureDataset;linguistics,dataset,https://github.com/cldf-datasets/gramadapt/tree/v1.2
15194559,Lexibank Analysed,"<p>Cite the source of the dataset as:</p>

<blockquote>
<p>Blum, Frederic; Barrientos, Carlos; Englisch, Johannes; Forkel, Robert; Gray, Russell D.; Greenhill, Simon J.; Rzymski, Christoph and List, Johann-Mattis (2025): Lexibank²: Precomputed Features for Large-Scale Lexical Data [Dataset, Version 2.0]. Leipzig: Max Planck Institute for Evolutionary Anthropology.</p>
</blockquote>",,,v2.1,Frederic Blum ; Carlos Barrientos ; Johannes Englisch ; Robert Forkel ; Russell D. Gray ; Simon J. Greenhill ; Christoph Rzymski ; Johann-Mattis List,,10.5281/zenodo.15194559,10.5281/zenodo.5227817,5227817,2025-04-11T09:22:17.334942+00:00,2025-04-11T09:22:17.509343+00:00,calc;produsemy;eu;lexibank,cc-by-4.0,https://zenodo.org/records/15194559,15194559,cldf:Wordlist;linguistics,dataset,https://github.com/lexibank/lexibank-analysed/tree/v2.1
15183865,"CLDF dataset derived from the ECAI digitization of Wurm and Hattori's ""Language Atlas of the Pacific Area"" from 1981 and 1983","<p>Cite the source of the dataset as:</p>

<blockquote>
<p>Wurm, S. &amp; Hattori, S. Language Atlas of the Pacific Area: New Guinea area, Oceania, Australia, vol. 66 of Pacific Linguistics: Series C (Canberra: Research School of Pacific and Asian Studies, Australian National University, Canberra, 1981).
Wurm, S. &amp; Hattori, S. Language Atlas of the Pacific Area: Japan area, Taiwan-Formosa, Philippines, Mainland and insular South-East Asia, vol. 67 of Pacific Linguistics: Series C (Canberra: Research School of Pacific and Asian Studies, Australian National University, Canberra, 1983).
Registered scans and GIS dataset released by the Electronic Cultural Atlas Initiative (ECAI).</p>
</blockquote>",,,v2.1,Stephen Wurm ; Shirô Hattori,David Blundell ; Lawrence Crissman ; Jeanette Zerneke ; Robert Forkel ; Harald Hammarström,10.5281/zenodo.15183865,10.5281/zenodo.11046587,11046587,2025-04-09T15:37:09.415935+00:00,2025-04-09T15:37:09.536528+00:00,cldf-datasets,cc-by-nc-4.0,https://zenodo.org/records/15183865,15183865,cldf:Generic;linguistics,dataset,https://github.com/cldf-datasets/languageatlasofthepacificarea/tree/v2.1
15161504,"CLDF dataset derived from von Rosenberg's ""De Mentawei-Eilanden en Hunne Bewoners"" from 1853 for comparative numeral data","<p>Cite the source of the dataset as:</p>
<blockquote>
<p>Von Rosenberg, Carl Benjamin Hermann. 1853. De Mentawei-Eilanden en Hunne Bewoners. Tijdschrift voor Indische Taal-, Land- en Volkenkunde 1. 403&ndash;440. <a href=""https://www.digitale-sammlungen.de/en/view/bsb10433845?page=424,425"" target=""_blank"" rel=""noopener"">https://www.digitale-sammlungen.de/en/view/bsb10433845?page=424,425</a></p>
</blockquote>
<p>Cite the particular released version of this dataset as:</p>
<blockquote>
<p>Rajeg, Gede Primahadi Wijaya (2025). CLDF dataset derived from von Rosenberg's ""De Mentawei-Eilanden en Hunne Bewoners"" from 1853 for comparative numeral data. University of Oxford &amp; Zenodo. Dataset. <a title=""Oxford SDS release"" href=""https://doi.org/10.25446/oxford.28358708"" target=""_blank"" rel=""noopener"">https://doi.org/10.25446/oxford.28358708</a> <a title=""Zenodo release (v2.0.0)"" href=""https://doi.org/10.5281/zenodo.15161504"" target=""_blank"" rel=""noopener"">https://doi.org/10.5281/zenodo.15161504</a></p>
</blockquote>
<p>Notes for the updates in version 2.0.0 are available on the <a title=""Version 2.0.0"" href=""https://github.com/complexico/vrosenberg1853-numeral/releases/tag/2.0.0"" target=""_blank"" rel=""noopener"">releases page</a>.</p>",,,2.0.0,"Rajeg, Gede Primahadi Wijaya",,10.5281/zenodo.15161504,10.5281/zenodo.15161503,15161503,2025-04-06T02:27:45.525938+00:00,2025-04-06T02:39:36.720923+00:00,,cc-by-nc-sa-4.0,https://zenodo.org/records/15161504,15161504,cldf:Wordlist;linguistics;barrier islands languages;Indonesian languages;Sumatran languages,dataset,https://github.com/complexico/vrosenberg1853-numeral/tree/2.0.0
14794542,"Digitised, searchable Holle List in Stokhof (1980)","<p>This repository contains the digitised Holle List in Stokhof (<a href=""https://core.ac.uk/reader/159464813"">1980</a>). Details and the interactive web version of the list can be accessed via <a title=""Digitised, searchable Holle List"" href=""https://engganolang.github.io/digitised-holle-list/"" target=""_blank"" rel=""noopener"">https://engganolang.github.io/digitised-holle-list/</a> (Rajeg 2023).</p>
<p>The work in this repository is part of the <a href=""https://gtr.ukri.org/projects?ref=AH%2FW007290%2F1"">AHRC-funded research</a> on <a title=""Lexical resources for Enggano"" href=""https://portal.sds.ox.ac.uk/Lexical_resources_for_Enggano"" target=""_blank"" rel=""noopener""><em>Lexical resources for Enggano, a threatened language of Indonesia</em></a> (central webpage of the Enggano project: <a title=""Enggano research"" href=""https://enggano.ling-phil.ox.ac.uk/"" target=""_blank"" rel=""noopener"">https://enggano.ling-phil.ox.ac.uk/</a>)</p>
<h2>Updates in version 1.4.1</h2>
<ul>
<li>Adding the Transcription table (Stokhof 1980: 75-77, &sect;6.2) on the interactive webpage version (see <a title=""Transcription Symbols"" href=""https://engganolang.github.io/digitised-holle-list/#:~:text=Transcription%20Symbols"" target=""_blank"" rel=""noopener"">Table 4 ""Transcription Symbols""</a>)</li>
<li>Adding an update on the potential for the list to be included in the <em>Concepticon</em> (cf. the note&nbsp;<a href=""https://github.com/concepticon/concepticon-data/issues/1324"">here</a>)</li>
<li>Adding reference to <em>EnoLEX</em>, a diachronic lexical database for the Enggano language (cf. <a href=""https://doi.org/10.25446/oxford.28282169"">here</a>)</li>
</ul>
<h2>References</h2>
<p>Forkel, Robert, Johann-Mattis List, Simon J. Greenhill, Christoph Rzymski, Sebastian Bank, Michael Cysouw, Harald Hammarstr&ouml;m, Martin Haspelmath, Gereon A. Kaiping &amp; Russell D. Gray. 2018. Cross-Linguistic Data Formats, advancing data sharing and re-use in comparative linguistics. Scientific Data. Nature Publishing Group 5(1). 180205. <a href=""https://doi.org/10.1038/sdata.2018.205"" target=""_blank"" rel=""noopener"">https://doi.org/10.1038/sdata.2018.205</a>.</p>
<p>Krau&szlig;e, Daniel; Rajeg, Gede Primahadi Wijaya; Pramartha, Cokorda Rai Adi; Zobel, Erik; Nothofer, Bernd; Hemmings, Charlotte; et al. (2024). EnoLEX: A diachronic lexical database for the Enggano language. University of Oxford. Online database. <a title=""EnoLEX metadata record"" href=""https://doi.org/10.25446/oxford.28282169"" target=""_blank"" rel=""noopener"">https://doi.org/10.25446/oxford.28282169</a>.</p>
<p>Rajeg, Gede Primahadi Wijaya. 2023. Digitised, searchable Holle List in Stokhof (1980). Dataset. University of Oxford. <a href=""https://doi.org/10.25446/oxford.23205173"" target=""_blank"" rel=""noopener"">https://doi.org/10.25446/oxford.23205173</a></p>
<p>Stokhof, W. A. L. (ed.). 1980. Holle lists, vocabularies in languages of Indonesia, vol. 1: Introductory volume. Vol. Materials in Languages of Indonesia. Canberra, A.C.T., Australia: Dept. of Linguistics, Research School of Pacific Studies, The Australian National University. <a title=""Source Holle List in PDF"" href=""https://core.ac.uk/reader/159464813"" target=""_blank"" rel=""noopener"">https://core.ac.uk/reader/159464813</a>.</p>",,,1.4.1,"Rajeg, Gede Primahadi Wijaya","Koemba, Fitriani Putri ; Dalrymple, Mary ; Arka, I Wayan",10.5281/zenodo.14794542,10.5281/zenodo.7972273,7972273,2025-02-03T13:10:16.782082+00:00,2025-04-04T01:28:08.438206+00:00,dumilah-fib-unud;enggano;complexico;holle-list;lexibank,cc-by-sa-4.0,https://zenodo.org/records/14794542,14794542,holle-list;word-list;Holle-list;language-documentation;lexical-database;Holle List;Cross-Linguistic Data Format;CLDF;Digital Humanities;Indonesian Languages;Legacy Material;Wordlist,dataset,https://github.com/engganolang/digitised-holle-list/tree/1.4.1
15131172,CLDF dataset of the Enggano word list from 1895 in Stokhof and Almanar's (1987) Holle List,"<p>The repository for the digitised Enggano word list from 1895 (see Stokhof and Almanar 1987 for the original source) that has been matched with the <a href=""https://engganolang.github.io/digitised-holle-list/"">digitised Holle List</a> (Rajeg 2023a; cf. Stokhof 1980), providing the English and Indonesian glosses for the Enggano forms. The data set <a href=""https://github.com/engganolang/holle-list-enggano-1895/actions/workflows/cldf-validation.yml"">conforms</a> to the Wordlist module of the Cross-Linguistic Data Format (<a href=""https://cldf.clld.org/"">CLDF</a>) (Forkel et al. 2018).</p>
<p><em>The work in this repository is part of the <a href=""https://gtr.ukri.org/project/8AB0C3DC-F1C9-4CFA-BB4D-5BE748213372"">AHRC-funded research</a> on <strong>Lexical resources for Enggano, a threatened language of Indonesia</strong> (visit the <a href=""https://enggano.ling-phil.ox.ac.uk/"">central webpage of the Enggano research</a> and the specific repository of the <a href=""https://portal.sds.ox.ac.uk/Lexical_resources_for_Enggano"">Lexical Resources for Enggano</a> project as well the <a href=""https://portal.sds.ox.ac.uk/Enggano/groups"">main Enggano repository</a> on the University of Oxford's Sustainable Digital Scholarship (SDS))</em></p>
<h1>Updates in version 2.0.0</h1>
<p>The following items summarise the major updates in version 2.0.0:</p>
<ul>
<li>
<p><strong>Adding <a href=""https://github.com/engganolang/holle-list-enggano-1895/blob/main/cldf/media.csv"">MediaTable</a></strong> to accommodate <a href=""https://github.com/engganolang/holle-list-enggano-1895/tree/main/img"">images</a> in/for note ID &lt;26&gt; (commits <a href=""https://github.com/engganolang/holle-list-enggano-1895/commit/dab95401f128bd4203a81294f2e9f4620d45b145"">dab9540</a> &amp; <a href=""https://github.com/engganolang/holle-list-enggano-1895/commit/a0040038e2577cb37ff8ad3ac68e8bbdedc26291"">a004003</a> <a href=""https://github.com/engganolang/holle-list-enggano-1895/blob/a0040038e2577cb37ff8ad3ac68e8bbdedc26291/code/Enggano-Holle-List-with-NBL.R#L229-L232"">at this line</a> and <a href=""https://github.com/engganolang/holle-list-enggano-1895/blob/2aab3ab385fc82c0613de2aacb5947ca4981b417/code/Enggano-Holle-List-with-NBL.R#L370-L397"">these lines</a>)</p>
</li>
<li>
<p><strong>Splitting multiple forms in a cell</strong> into their own rows, both for the original list and the forms in the Notes (commit <a href=""https://github.com/engganolang/holle-list-enggano-1895/commit/39cdc663843b265aa8f3c5bbdcb11628fcc17b5e"">39cdc66</a> at <a href=""https://github.com/engganolang/holle-list-enggano-1895/commit/39cdc663843b265aa8f3c5bbdcb11628fcc17b5e#diff-ac46f8a3edb85868970d77f55bb86c5f0449feb25c37295895c4a9e560564301R83"">this line</a> and <a href=""https://github.com/engganolang/holle-list-enggano-1895/commit/39cdc663843b265aa8f3c5bbdcb11628fcc17b5e#diff-ac46f8a3edb85868970d77f55bb86c5f0449feb25c37295895c4a9e560564301R83"">this line</a>, and commit <a href=""https://github.com/engganolang/holle-list-enggano-1895/commit/a0040038e2577cb37ff8ad3ac68e8bbdedc26291"">a004003</a> at <a href=""https://github.com/engganolang/holle-list-enggano-1895/commit/a0040038e2577cb37ff8ad3ac68e8bbdedc26291#diff-5b59e4a74b953f80c8867a60c422bd8405c9d6236bd61239a0d3f20b0d582b78R69"">this line</a>)</p>
</li>
<li>
<p><strong>Orthography transliteration</strong> into Enggano's common orthography and IPA (across several commits and [closed] issues [#1 #3 #4 #5 #7], but see <a href=""https://github.com/engganolang/holle-list-enggano-1895/blob/2aab3ab385fc82c0613de2aacb5947ca4981b417/code/Enggano-Holle-List-with-NBL.R#L32-L93"">these lines</a> for retrieving the existing orthography profile and doing the editing, and <a href=""https://github.com/engganolang/holle-list-enggano-1895/blob/2aab3ab385fc82c0613de2aacb5947ca4981b417/code/Enggano-Holle-List-with-NBL.R#L220-L306"">these lines</a> for running the transliteration using the <a href=""https://cran.r-project.org/web/packages/qlcData/index.html"">qlcData</a> R package [Moran &amp; Cysouw 2018; Cysouw 2024])</p>
<ul>
<li>In the <a href=""https://github.com/engganolang/holle-list-enggano-1895/blob/main/cldf/forms.csv"">FormTable</a>, the <code>Form</code> column contains the Enggano forms in their common orthography; the <code>Value</code> column contains their original transcription/orthography, with their tokenised/segmented formats available under the <code>Graphemes</code> column; the <code>Segments</code> column, finally, contains the segmented IPA transliteration of the Enggano forms (cf. #6 ). The <code>Comment</code> column is derived from the contents of the Notes. It includes, if any, Enggano forms in their original transcription followed by their segmented/tokenised forms in IPA in square brackets, their glosses in English (<strong>EN</strong>) and/or Indonesian (<strong>ID</strong>) inside the bracket, and finally the ID of the Notes in the original document inside angular brackets. The <code>English</code> and <code>Indonesian</code> columns respectively are glosses of the given language from the master/main Holle List (Stokhof 1980) that has been digitised (Rajeg 2023a).</li>
<li>The output files of the orthography profiling and transliteration (commit <a href=""https://github.com/engganolang/holle-list-enggano-1895/commit/2aab3ab385fc82c0613de2aacb5947ca4981b417"">2aab3ab</a>) are available in <a href=""https://github.com/engganolang/holle-list-enggano-1895/tree/main/data-raw"">data-raw</a> with the file names prefixed with <code>ortho-...</code>.</li>
</ul>
</li>
</ul>
<h2>References</h2>
<p>Cysouw, Michael. 2024. qlcData: Processing Data for Quantitative Language Comparison. https://cran.r-project.org/web/packages/qlcData/index.html. (25 December, 2024). Version 0.3</p>
<p>Forkel, Robert, Johann-Mattis List, Simon J. Greenhill, Christoph Rzymski, Sebastian Bank, Michael Cysouw, Harald Hammarstr&ouml;m, Martin Haspelmath, Gereon A. Kaiping &amp; Russell D. Gray. 2018. Cross-Linguistic Data Formats, advancing data sharing and re-use in comparative linguistics. Scientific Data. Nature Publishing Group 5(1). 180205. https://doi.org/10.1038/sdata.2018.205.</p>
<p>Moran, Steven &amp; Michael Cysouw. 2018. The Unicode cookbook for linguists: Managing writing systems using orthography profiles (Translation and Multilingual Natural Language Processing 10). Berlin: Language Science Press. https://doi.org/10.5281/zenodo.1296780.</p>
<p>Rajeg, Gede Primahadi Wijaya. 2023a. Digitised, Searchable Holle List in Stokhof (1980) [Data set]. (1.3.0). Zenodo. https://doi.org/10.5281/ZENODO.7972273. https://engganolang.github.io/digitised-holle-list/. https://ora.ox.ac.uk/objects/uuid:a511951b-86fb-4019-94d4-280efa83de02</p>
<p>Rajeg, Gede Primahadi Wijaya. 2023b. CLDF dataset of the Enggano word list from 1895 in Stokhof and Almanar's (1987) Holle List [Data set]. https://github.com/engganolang/holle-list-enggano-1895 https://doi.org/10.25446/oxford.23515788</p>
<p>Stokhof, W. A. L., ed. 1980. Holle Lists, Vocabularies in Languages of Indonesia, Vol. 1: Introductory Volume. Vol. Materials in Languages of Indonesia. Canberra, A.C.T., Australia: Dept. of Linguistics, Research School of Pacific Studies, The Australian National University. https://core.ac.uk/reader/159464813.</p>
<p>Stokhof, W. A. L., and Alma E. Almanar. 1987. Holle Lists, Vocabularies in Languages of Indonesia, Vol. 10/3: Islands Off the West Coast of Sumatra. Vol. Materials in Languages of Indonesia. Pacific Linguistics (Series d) 76. Canberra, A.C.T., Australia: Dept. of Linguistics, Research School of Pacific Studies, The Australian National University. http://hdl.handle.net/1885/144589.</p>",,,2.0.0,"Rajeg, Gede Primahadi Wijaya","Pamphila, Utei Charaleghy ; Dalrymple, Mary ; Arka, I Wayan",10.5281/zenodo.15131172,10.5281/zenodo.8038974,8038974,2025-04-03T12:52:41.528427+00:00,2025-04-04T01:07:58.310888+00:00,complexico;holle-list;lexibank;enggano,cc-by-sa-4.0,https://zenodo.org/records/15131172,15131172,Enggano;Holle List;Lexical database;Cross-Linguistic Data Format;CLDF;Austronesian;Digital Humanities;Legacy Material;Old Enggano;Indonesian Languages;Digital Scholarship,dataset,https://github.com/engganolang/holle-list-enggano-1895/tree/2.0.0
15094175,"CLDF dataset derived from Deepadung et al.'s ""Lexical Comparison of Palaung Dialects"" from 2015","<p>Cite the source of the dataset as:</p>

<blockquote>
<p>Deepadung, Sujaritlak; Buakaw, Supakit; and Rattanapitak, Ampica (2015): A lexical comparison of the Palaung dialects spoken in China, Myanmar, and Thailand. Mon-Khmer Studies 44. 19-38.</p>
</blockquote>",,,v1.3,"Deepadung, Sujaritlak ; Buakaw, Supakit ; Rattanapitak, Ampika","Johann-Mattis List ; Dan Briggs ; Deepadung, Sujaritlak ; Buakaw, Supakit ; Rattanapitak, Ampika",10.5281/zenodo.15094175,10.5281/zenodo.5121401,5121401,2025-03-27T08:07:13.509985+00:00,2025-03-27T08:07:13.884656+00:00,lexibank,cc-by-4.0,https://zenodo.org/records/15094175,15094175,cldf:Wordlist;linguistics,dataset,https://github.com/lexibank/deepadungpalaung/tree/v1.3
15076306,"CLDF dataset derived from Grollemund et al.'s ""Bantu expansion shows habitat alters the route and pace of human dispersals"" from 2015","<p>Cite the source of the dataset as:</p>

<blockquote>
<p>Grollemund, Rebecca, Branford, Simon, Bostoen, Koen, Meade, Andrew, Venditti, Chris, &amp; Pagel, Mark (2015) Bantu expansion shows habitat alters the route and pace of human dispersals. Proc Natl Acad Sci USA. doi:10.1073/pnas.1503793112.</p>
</blockquote>",,,v1.1,lexibank,Robert Forkel ; Tiago Tresoldi ; Johann-Mattis List ; Rebecca Grollemund ; Mark Pagel,10.5281/zenodo.15076306,10.5281/zenodo.3755518,3755518,2025-03-24T12:39:23.544044+00:00,2025-03-24T12:39:23.706757+00:00,lexibank,cc-by-nc-4.0,https://zenodo.org/records/15076306,15076306,cldf:Wordlist;linguistics,dataset,https://github.com/lexibank/grollemundbantu/tree/v1.1
14982997,"Geographic data for Australian languages in CLDF derived from Bowern ""Files for Australian Language Locations""","<p>Cite the source of the dataset as:</p>

<blockquote>
<p>Bowern, Claire. (2021). Files for Australian Language Locations [Data set]. Zenodo. http://doi.org/10.5281/zenodo.4898185</p>
</blockquote>",,,v1.0,Claire Bowern,Robert Forkel ; Robert Forkel,10.5281/zenodo.14982997,10.5281/zenodo.14982996,14982996,2025-03-06T15:42:07.813992+00:00,2025-03-07T07:37:49.057053+00:00,cldf-datasets,cc-by-nc-4.0,https://zenodo.org/records/14982997,14982997,cldf:Generic;linguistics,dataset,https://github.com/cldf-datasets/bowernpnygeo/tree/v1.0
14925245,"Database of Cross-Linguistic Norms, Ratings, and Relations for Words and Concepts as CLDF dataset","<p>Cite the source of the dataset as:</p>

<blockquote>
<p>Tjuka, Annika, Robert Forkel, and Johann-Mattis List. 2022. Linking Norms, Ratings, and Relations of Words and Concepts Across Multiple Language Varieties. Behavior Research Methods 54. 864–884. DOI: 10.3758/s13428-021-01650-1</p>
</blockquote>",,,v1.1,Annika Tjuka ; Robert Forkel ; Johann-Mattis List,,10.5281/zenodo.14925245,10.5281/zenodo.7312926,7312926,2025-02-25T14:50:27.212872+00:00,2025-02-25T14:50:27.330590+00:00,eu;cldf-datasets,cc-by-4.0,https://zenodo.org/records/14925245,14925245,cldf:Wordlist;linguistics,dataset,https://github.com/concepticon/norare-cldf/tree/v1.1
14887395,"CLDF dataset derived from Oudemans' ""Woordenlijst van de Talen van Enggano, Mentawei en Nias"" from 1879","<p>Cite the source of the dataset as:</p>

<blockquote>
<p>Oudemans, Jean Abraham Chrétien. 1879. Woordenlijst van de Talen van Enggano, Mentawei en Nias. Tijdschrift voor Indische Taal-, Land- en Volkenkunde XXV(5–6). 484–488.</p>
</blockquote>",,,1.0.0,"Rajeg, Gede Primahadi Wijaya",Gede Primahadi Wijaya Rajeg ; Daniel Krauße ; I Wayan Arka ; Mary Dalrymple,10.5281/zenodo.14887395,10.5281/zenodo.14887394,14887394,2025-02-18T12:20:26.098222+00:00,2025-02-18T12:32:30.183626+00:00,complexico;dumilah-fib-unud;lexibank;enggano,cc-by-nc-4.0,https://zenodo.org/records/14887395,14887395,cldf:Wordlist;linguistics,dataset,https://github.com/engganolang/oudemans-1879/tree/1.0.0
14872294,GramAdapt Crosslinguistic Social Contact Dataset,"<p>Cite the source of the dataset as:</p>

<blockquote>
<p>Eri Kashima, Francesca Di Garbo, Oona Raatikainen, Rosnátaly Avelino, Sacha Beck, Anna Berge, Ana Blanco, Ross Bowden, Nicolás Brid, Joseph M Brincat, María Belén Carpio, Alexander Cobbinah, Paola Cúneo, Anne-Maria Fehn, Saloumeh Gholami, Arun Ghosh, Hannah Gibson, Elizabeth Hall, Katja Hannß, Hannah Haynie, Jerry Jacka, Matias Jenny, Richard Kowalik, Sonal Kulkarni-Joshi, Maarten Mous, Marcela Mendoza, Cristina Messineo, Francesca Moro, Hank Nater, Michelle A Ocasio, Bruno Olsson, Ana María Ospina Bozzi, Agustina Paredes, Admire Phiri, Nicolas Quint, Erika Sandman, Dineke Schokkin, Ruth Singer, Ellen Smith-Dennis, Lameen Souag, Yunus Sulistyono, Yvonne Treis, Matthias Urban, Jill Vaughan, Deginet Wotango Doyiso, Georg Ziegelmeyer, Veronika Zikmundová. (2023). GramAdapt Crosslinguistic Social Contact Dataset. (1.0.0) [Data set]. Zenodo. https://doi.org/10.5281/zenodo.7508054</p>
</blockquote>",,,v1.1,Eri Kashima ; Francesca Di Garbo ; Oona Raatikainen ; Kaius Sinnemäki ; Ricardo Napoleão de Souza ; Anu Hyvönen ; Kayleigh Karinen ; Rosnátaly Avelino ; Sacha Beck ; Anna Berge ; Ana Blanco ; Ross Bowden ; Nicolás Brid ; Joseph Brincat ; María Belén Carpio ; Alexander Cobbinah ; Paola Cúneo ; Anne-Maria Fehn ; Saloumeh Gholami ; Arun Ghosh ; Hannah Gibson ; Elizabeth Hall ; Katja Hannß ; Hannah Haynie ; Jerry Jacka ; Matias Jenny ; Richard Kowalik ; Sonal Kulkarni-Joshi ; Maarten Mous ; Marcela Mendoza ; Cristina Messineo ; Francesca Moro ; Hank Nater ; Michelle Ocasio ; Bruno Olsson ; Ana María Ospina Bozzi ; Agustina Paredes ; Admire Phiri ; Nicolas Quint ; Erika Sandman ; Dineke Schokkin ; Ruth Singer ; Ellen Smith-Dennis ; Lameen Souag ; Yunus Sulistyono ; Yvonne Treis ; Matthias Urban ; Jill Vaughan ; Deginet Wotango Doyiso ; Georg Ziegelmeyer ; Veronika Zikmundová ; Robert Forkel,Eri Kashima ; Francesca Di Garbo ; Oona Raatikainen ; Kaius Sinnemäki ; Robert Forkel,10.5281/zenodo.14872294,10.5281/zenodo.14872293,14872293,2025-02-14T16:45:25.449556+00:00,2025-02-14T16:50:12.300119+00:00,eu;cldf-datasets,cc-by-4.0,https://zenodo.org/records/14872294,14872294,cldf:StructureDataset;linguistics,dataset,https://github.com/cldf-datasets/gramadapt/tree/v1.1
14800315,Lexibank Analysed,"<p>Cite the source of the dataset as:</p>

<blockquote>
<p>Blum, Frederic; Barrientos, Carlos; Englisch, Johannes; Forkel, Robert; Gray, Russell D.; Greenhill, Simon J.; Rzymski, Christoph and List, Johann-Mattis (2025): Lexibank²: Precomputed Features for Large-Scale Lexical Data [Dataset, Version 2.0]. Leipzig: Max Planck Institute for Evolutionary Anthropology.</p>
</blockquote>",,,v2.0,Frederic Blum ; Carlos Barrientos ; Johannes Englisch ; Robert Forkel ; Russell D. Gray ; Simon J. Greenhill ; Christoph Rzymski ; Johann-Mattis List,,10.5281/zenodo.14800315,10.5281/zenodo.5227817,5227817,2025-02-04T08:40:47.740293+00:00,2025-02-04T08:40:47.940376+00:00,calc;produsemy;eu;lexibank,cc-by-4.0,https://zenodo.org/records/14800315,14800315,cldf:Wordlist;linguistics,dataset,https://github.com/lexibank/lexibank-analysed/tree/v2.0
14777803,TuLeD. Tupían Lexical Database,"<p>Cite the source of the dataset as:</p>

<blockquote>
<p>Fabrício Ferraz Gerardi, Stanislav Reichert, Carolina Aragon, Johann-Mattis List, &amp; Tim Wientzek. (2021). TuLeD: Tupían lexical database. Max Planck Institute for Evolutionary Anthropology: Leipzig</p>
</blockquote>",,,v1.0,Fabrício Ferraz Gerardi ; Stanislav Reichert ; Carolina Aragon ; Tim Wientzek ; Johann-Mattis List ; Robert Forkel,Agnaldo Makuráp ; Denny Moore ; Françoise Rose ; Gustavo Godoy ; Iram Káv Sona Gavião ; Nilson Gabas Júnior ; Swintha Danielsen ; Wolf Dietrich ; Zachary O'Hagan ; Tiago Tresoldi,10.5281/zenodo.14777803,10.5281/zenodo.14777802,14777802,2025-01-31T08:38:40.696865+00:00,2025-01-31T08:38:40.850934+00:00,,cc-by-4.0,https://zenodo.org/records/14777803,14777803,cldf:Wordlist;linguistics,dataset,https://github.com/lexibank/tuled/tree/v1.0
14619055,"CLDF Dataset accompanying Greenhill et al.'s ""Origin of Uto-Aztecan"" from 2022","<p>Cite the source of the dataset as:</p>

<blockquote>
<p>Greenhill, Simon J., Hannah J. Haynie, Robert M. Ross, Angela M. Chira, List, Johann-Mattis, Lyle Campbell, Carlos A. Botero, and Russell D. Gray (2022): A recent northern origin for the Uto-Aztecan family. Leipzig: Max Planck Institute for Evolutionary Anthropology.</p>
</blockquote>",,,v1.4,"Greenhill, Simon J. ; Hannah J. Haynie ; Robert M. Ross ; Angela M. Chira ; List, Johann-Mattis ; Lyle Campbell ; Carlos A. Botero ; Russell D. Gray","Greenhill, Simon J. ; List, Johann-Mattis",10.5281/zenodo.14619055,10.5281/zenodo.4691101,4691101,2025-01-09T02:21:29.213380+00:00,2025-01-09T02:21:29.343113+00:00,lexibank,cc-by-4.0,https://zenodo.org/records/14619055,14619055,cldf:Wordlist;linguistics,dataset,https://github.com/lexibank/utoaztecan/tree/v1.4
14614178,Vanuatu Voices,"<p>Cite the source of the dataset as:</p>

<blockquote>
<p>Lana Takau, Mary Walworth, Aviva Shimelman, Sandrine Bessis, Tom Ennever, Iveth Rodriguez, Hans-Jörg Bibiko, Daria Dërmaku, Murray Garde, Marie-France Duhamel, Giovanni Abete, Laura Wägerle, Kaitip W. Kami, Russell Gray. 2024. Vanuatu Voices.</p>
</blockquote>",,,v1.3,Lana Takau ; Mary Walworth ; Aviva Shimelman ; Sandrine Bessis ; Tom Ennever ; Iveth Rodriguez ; Hans-Jörg Bibiko ; Daria Dërmaku ; Murray Garde ; Marie-France Duhamel ; Giovanni Abete ; Laura Wägerle ; Kaitip W. Kami ; Russell Gray,Robert Forkel ; Johann-Mattis List ; Tihomir Rangelov,10.5281/zenodo.14614178,10.5281/zenodo.4309140,4309140,2025-01-08T07:23:20.098567+00:00,2025-01-08T07:23:20.249425+00:00,lexibank,cc-by-nc-4.0,https://zenodo.org/records/14614178,14614178,cldf:Wordlist;linguistics,dataset,https://github.com/lexibank/vanuatuvoices/tree/v1.3
14614177,"CLDF dataset derived from Robbeets et al.'s ""Triangulation of Transeurasian Languages"" from 2021","<p>Cite the source of the dataset as:</p>

<blockquote>
<p>Robbeets, M., Bouckaert, R., Conte, M. et al. Triangulation supports agricultural spread of the Transeurasian languages. Nature 599, 616–621 (2021). https://doi.org/10.1038/s41586-021-04108-8</p>
</blockquote>",,,v0.3,Martine Robbeets,,10.5281/zenodo.14614177,10.5281/zenodo.14506168,14506168,2025-01-08T07:23:18.984751+00:00,2025-01-08T07:23:19.072408+00:00,cldf-datasets,cc-by-4.0,https://zenodo.org/records/14614177,14614177,cldf:Wordlist;linguistics,dataset,https://github.com/lexibank/robbeetstriangulation/tree/v0.3
14610312,Papuan Voices,"<p>Cite the source of the dataset as:</p>

<blockquote>
<p>Yusuf Sawaki, Jeanete Lekeneny, Apriani Arilaha, Jimmi Kirihio, Emanuel Tutorop, Boas Wabia, Infak Mayor, Simon Tabuni, Stevani Karesina, Paul Heggarty, Darja Dërmaku-Appelganz (2020). Papuan Voices.</p>
</blockquote>",,,v1.2,Yusuf Sawaki ; Jeanete Lekeneny ; Apriani Arilaha ; Jimmi Kirihio ; Emanuel Tutorop ; Boas Wabia ; Infak Mayor ; Simon Tabuni ; Stevani Karesina ; Paul Heggarty ; Darja Dërmaku-Appelganz ; Russell Gray,Hans-Jörg Bibiko,10.5281/zenodo.14610312,10.5281/zenodo.4350690,4350690,2025-01-07T16:06:23.157910+00:00,2025-01-07T16:06:23.266513+00:00,lexibank,cc-by-nc-4.0,https://zenodo.org/records/14610312,14610312,cldf:Wordlist;linguistics,dataset,https://github.com/lexibank/papuanvoices/tree/v1.2
14609827,Papuan Voices,"<p>Cite the source of the dataset as:</p>

<blockquote>
<p>Yusuf Sawaki, Jeanete Lekeneny, Apriani Arilaha, Jimmi Kirihio, Emanuel Tutorop, Boas Wabia, Infak Mayor, Simon Tabuni, Stevani Karesina, Paul Heggarty, Darja Dërmaku-Appelganz (2020). Papuan Voices.</p>
</blockquote>",,,v1.2,Yusuf Sawaki ; Jeanete Lekeneny ; Apriani Arilaha ; Jimmi Kirihio ; Emanuel Tutorop ; Boas Wabia ; Infak Mayor ; Simon Tabuni ; Stevani Karesina ; Paul Heggarty ; Darja Dërmaku-Appelganz ; Russell Gray,Hans-Jörg Bibiko,10.5281/zenodo.14609827,10.5281/zenodo.4350690,4350690,2025-01-07T14:22:33.612533+00:00,2025-01-07T14:22:33.735887+00:00,lexibank,cc-by-nc-4.0,https://zenodo.org/records/14609827,14609827,cldf:Wordlist;linguistics,dataset,https://github.com/lexibank/papuanvoices/tree/v1.2
14608975,Austronesian Comparative Dictionary,"<p>Cite the source of the dataset as:</p>

<blockquote>
<p>Robert Blust and Stephen Trussel 2020. The Austronesian Comparative Dictionary. Web edition</p>
</blockquote>",,,v2.0,Robert Blust ; Stephen Trussel ; Robert Forkel ; Alexander D. Smith,Robert Forkel,10.5281/zenodo.14608975,10.5281/zenodo.7737547,7737547,2025-01-07T11:21:49.744072+00:00,2025-01-07T11:21:49.886576+00:00,lexibank,cc-by-4.0,https://zenodo.org/records/14608975,14608975,cldf:Wordlist;linguistics,dataset,https://github.com/lexibank/acd/tree/v2.0
14608119,"CLDF Dataset derived from Bender et al. 2003 ""Proto-Micronesian Reconstructions""","<p>Cite the source of the dataset as:</p>
<blockquote>
<p>Byron W. Bender, Ward H. Goodenough, Frederick H. Jackson, Jeffrey C. Marck, Kenneth L. Rehg, Ho-min Sohn, Stephen Trussel, and Judith W. Wang. 2003. Proto-Micronesian Reconstructions&mdash;1. Oceanic Linguistics Vol. 42(1),&nbsp;1-110, DOI: 10.2307/3623449</p>
<p>Byron W. Bender, Ward H. Goodenough, Frederick H. Jackson, Jeffrey C. Marck, Kenneth L. Rehg, Ho-min Sohn, Stephen Trussel, and Judith W. Wang. 2003. Proto-Micronesian Reconstructions&mdash;2. Oceanic Linguistics Vol. 42(2), 271-358, DOI: 10.2307/3623243</p>
</blockquote>",,,v2.0,Byron W. Bender ; Ward H. Goodenough ; Frederick H. Jackson ; Jeffrey C. Marck ; Kenneth L. Rehg ; Ho-min Sohn ; Stephen Trussel ; Judith W. Wang,Robert Forkel ; Robert Forkel ; Lev Blumenfeld ; Lev Blumenfeld,10.5281/zenodo.14608119,10.5281/zenodo.7973419,7973419,2025-01-07T08:23:20.020019+00:00,2025-01-07T10:23:54.025667+00:00,lexibank,cc-by-4.0,https://zenodo.org/records/14608119,14608119,cldf:Wordlist;linguistics,dataset,https://github.com/lexibank/mcd/tree/v2.0
14602182,Vanuatu Voices,Sound-Comparisons Vanuatu,,,v1.2,Lana Takau ; Mary Walworth ; Aviva Shimelman ; Sandrine Bessis ; Tom Ennever ; Iveth Rodriguez ; Hans-Jörg Bibiko ; Daria Dërmaku ; Murray Garde ; Marie-France Duhamel ; Giovanni Abete ; Laura Wägerle ; Kaitip W. Kami ; Russell Gray,Robert Forkel ; Johann-Mattis List ; Tihomir Rangelov,10.5281/zenodo.14602182,10.5281/zenodo.4309140,4309140,2025-01-05T19:31:34.168278+00:00,2025-01-05T19:31:34.345172+00:00,lexibank,cc-by-nc-4.0,https://zenodo.org/records/14602182,14602182,cldf:Wordlist;linguistics,dataset,https://github.com/lexibank/vanuatuvoices/tree/v1.2
14602173,"CLDF dataset derived from Barlow and Killian's ""Tomoip Wordlist"" from 2023","<p>Cite the source of the dataset as:</p>

<blockquote>
<p>Barlow, Russell &amp; Killian, Don. 2023. Tomoip wordlist: Based on elicitation sessions with Simon Mangil from Milim village, recorded in Kokopo, East New Britain, October to November 2022. https://doi.org/10.5281/zenodo.8435080</p>
</blockquote>",,,v1.2,Russell Barlow ; Don Killian,Christoph Rzymski,10.5281/zenodo.14602173,10.5281/zenodo.10016899,10016899,2025-01-05T19:29:27.323519+00:00,2025-01-05T19:29:27.421156+00:00,cldf-datasets,cc-by-4.0,https://zenodo.org/records/14602173,14602173,cldf:Wordlist;linguistics,dataset,https://github.com/lexibank/barlowkilliantomoip/tree/v1.2
14602162,"CLDF dataset derived from Barlow and Killian's ""Tomoip Wordlist"" from 2023","<p>Cite the source of the dataset as:</p>

<blockquote>
<p>Barlow, Russell &amp; Killian, Don. 2023. Tomoip wordlist: Based on elicitation sessions with Simon Mangil from Milim village, recorded in Kokopo, East New Britain, October to November 2022. https://doi.org/10.5281/zenodo.8435080</p>
</blockquote>",,,v1.3.0,Russell Barlow ; Don Killian,Christoph Rzymski,10.5281/zenodo.14602162,10.5281/zenodo.10016899,10016899,2025-01-05T19:26:25.313277+00:00,2025-01-05T19:26:25.399702+00:00,cldf-datasets,cc-by-4.0,https://zenodo.org/records/14602162,14602162,cldf:Wordlist;linguistics,dataset,https://github.com/lexibank/barlowkilliantomoip/tree/v1.3.0
14602159,"CLDF dataset derived from Barlow and Killian's ""Tomoip Wordlist"" from 2023","<p>Cite the source of the dataset as:</p>

<blockquote>
<p>Barlow, Russell &amp; Killian, Don. 2023. Tomoip wordlist: Based on elicitation sessions with Simon Mangil from Milim village, recorded in Kokopo, East New Britain, October to November 2022. https://doi.org/10.5281/zenodo.8435080</p>
</blockquote>",,,v1.0.3,Russell Barlow ; Don Killian,Christoph Rzymski,10.5281/zenodo.14602159,10.5281/zenodo.10016899,10016899,2025-01-05T19:23:30.862895+00:00,2025-01-05T19:23:30.997597+00:00,cldf-datasets,cc-by-4.0,https://zenodo.org/records/14602159,14602159,cldf:Wordlist;linguistics,dataset,https://github.com/lexibank/barlowkilliantomoip/tree/v1.0.3
14602150,"CLDF dataset derived from Barlow and Killian's ""Tomoip Wordlist"" from 2023","<p>Cite the source of the dataset as:</p>

<blockquote>
<p>Barlow, Russell &amp; Killian, Don. 2023. Tomoip wordlist: Based on elicitation sessions with Simon Mangil from Milim village, recorded in Kokopo, East New Britain, October to November 2022. https://doi.org/10.5281/zenodo.8435080</p>
</blockquote>",,,v1.1,Russell Barlow ; Don Killian,Christoph Rzymski,10.5281/zenodo.14602150,10.5281/zenodo.10016899,10016899,2025-01-05T19:19:23.323164+00:00,2025-01-05T19:19:23.435148+00:00,cldf-datasets,cc-by-4.0,https://zenodo.org/records/14602150,14602150,cldf:Wordlist;linguistics,dataset,https://github.com/lexibank/barlowkilliantomoip/tree/v1.1
14602137,"CLDF Dataset accompanying Greenhill et al.'s ""Origin of Uto-Aztecan"" from 2022","<p>Cite the source of the dataset as:</p>

<blockquote>
<p>Greenhill, Simon J., Hannah J. Haynie, Robert M. Ross, Angela M. Chira, List, Johann-Mattis, Lyle Campbell, Carlos A. Botero, and Russell D. Gray (2022): A recent northern origin for the Uto-Aztecan family. Leipzig: Max Planck Institute for Evolutionary Anthropology.</p>
</blockquote>",,,v1.3,"Greenhill, Simon J. ; Hannah J. Haynie ; Robert M. Ross ; Angela M. Chira ; List, Johann-Mattis ; Lyle Campbell ; Carlos A. Botero ; Russell D. Gray","Greenhill, Simon J. ; List, Johann-Mattis",10.5281/zenodo.14602137,10.5281/zenodo.4691101,4691101,2025-01-05T19:10:19.349018+00:00,2025-01-05T19:10:19.459640+00:00,lexibank,cc-by-4.0,https://zenodo.org/records/14602137,14602137,cldf:Wordlist;linguistics,dataset,https://github.com/lexibank/utoaztecan/tree/v1.3
14602119,"CLDF dataset derived from Lee and Hasegawa's ""Evolution of the Ainu Language in Space and Time"" from 2013","<p>Cite the source of the dataset as:</p>

<blockquote>
<p>Lee Sean, Hasegawa Toshikazu (2013). Evolution of the Ainu Language in Space and Time. PLOS ONE 8(4): e62243. https://doi.org/10.1371/journal.pone.0062243</p>
</blockquote>",,,v1.2,"Lee, Sean ; Hasegawa, Toshikazu",Christoph Rzymski,10.5281/zenodo.14602119,10.5281/zenodo.5126889,5126889,2025-01-05T18:58:45.775112+00:00,2025-01-05T18:58:45.992293+00:00,lexibank,cc-by-4.0,https://zenodo.org/records/14602119,14602119,cldf:Wordlist;linguistics,dataset,https://github.com/lexibank/leeainu/tree/v1.2
14602106,"CLDF dataset derived from Ugarte et al.'s ""NorthPeruLex - A Lexical Dataset of Small Language Families and Isolates from Northern Peru (forthcoming).","<p>Cite the source of the dataset as:</p>

<blockquote>
<p>Ugarte, Carlos and Blum, Frederic and Ingunza, Adriano and Gonzales, Rosa and Peña, Jaime. Forthcoming. NorthPeruLex - A Lexical Dataset of Small Language Families and Isolates from Northern Peru.</p>
</blockquote>",,,v0.2,Carlos Ugarte ; Frederic Blum ; Adriano Ingunza ; Rosa Gonzales ; Jaime Peña,Carlos Ugarte ; Frederic Blum,10.5281/zenodo.14602106,10.5281/zenodo.13269802,13269802,2025-01-05T18:54:39.956626+00:00,2025-01-05T18:54:40.060196+00:00,lexibank,cc-by-4.0,https://zenodo.org/records/14602106,14602106,cldf:Wordlist;linguistics,dataset,https://github.com/lexibank/northperulex/tree/v0.2
14601765,Papuan Voices,No description provided.,,,v1.1,Yusuf Sawaki ; Jeanete Lekeneny ; Apriani Arilaha ; Jimmi Kirihio ; Emanuel Tutorop ; Boas Wabia ; Infak Mayor ; Simon Tabuni ; Stevani Karesina ; Paul Heggarty ; Darja Dërmaku-Appelganz ; Russell Gray,Hans-Jörg Bibiko,10.5281/zenodo.14601765,10.5281/zenodo.4350690,4350690,2025-01-05T15:52:03.501831+00:00,2025-01-05T15:52:03.684456+00:00,lexibank,cc-by-nc-4.0,https://zenodo.org/records/14601765,14601765,cldf:Wordlist;linguistics,dataset,https://github.com/lexibank/papuanvoices/tree/v1.1
14601745,"CLDF dataset derived from Berry and Berry's ""Survey of some West Papuan phylum languages"" from 1987","<p>Cite the source of the dataset as:</p>

<blockquote>
<p>Berry, Christine and Berry, Keith (1987): A survey of some West Papuan Phylum languages. Workpapers in Indonesian Languages and Cultures. 4. 25-80. https://www.sil.org/resources/archives/37738</p>
</blockquote>",,,v0.1,"Berry, Christine ; Berry, Keith",David Kamholz ; Anne van Schie ; Allahverdi Verdizade ; Maria Zielenbach ; Antoinette Schapper ; Johann-Mattis List,10.5281/zenodo.14601745,10.5281/zenodo.14601744,14601744,2025-01-05T15:42:09.501866+00:00,2025-01-05T15:42:09.621403+00:00,,cc-by-4.0,https://zenodo.org/records/14601745,14601745,cldf:Wordlist;linguistics,dataset,https://github.com/lexibank/berrywestpapuan/tree/v0.1
14599868,"CLDF dataset derived from Douanla Taffre's ""Étude comparative des dialectes du nda'nda'"" from 2021","<p>Cite the source of the dataset as:</p>

<blockquote>
<p>Douanla Taffre, Angèle Vanessa. Etude comparative du point de vue lexicostatistique et morphologique des dialectes du nda'nda'. MA thesis. University of Yaounde 1.</p>
</blockquote>",,,v1.1,Angèle Taffre,Abbie Hantgan ; Johann-Mattis List,10.5281/zenodo.14599868,10.5281/zenodo.14589544,14589544,2025-01-04T20:08:30.361471+00:00,2025-01-04T20:08:30.444941+00:00,,cc-by-4.0,https://zenodo.org/records/14599868,14599868,cldf:Wordlist;linguistics,dataset,https://github.com/kpaam-cam/ndanda/tree/v1.1
14597363,"CLDF dataset derived from Liu et al.'s ""Comparative Wordlist of Newari Varieties"" from 2023","<p>Cite the source of the dataset as:</p>

<blockquote>
<p>Liu, Zhenyang; Jacques, Guillaume; List, Johann-Mattis (2023): Creating a Standardized Comparative Wordlist of Newari Varieties. (26/07/2023), URL: https://calc.hypotheses.org/6269.</p>
</blockquote>",,,v1.1,Zhenyang Liu ; Guillaume Jacques ; Johann-Mattis List,,10.5281/zenodo.14597363,10.5281/zenodo.8169352,8169352,2025-01-03T20:56:21.208244+00:00,2025-01-03T20:56:21.408944+00:00,lexibank,cc-by-4.0,https://zenodo.org/records/14597363,14597363,cldf:Wordlist;linguistics,dataset,https://github.com/lexibank/liunewari/tree/v1.1
14591833,"CLDF dataset derived from Barlow's ""Numerals of the Pacific"" from 2025","<p>Cite the source of the dataset as:</p>

<blockquote>
<p>Barlow, Russell (ed.). 2025. Numerals of the Pacific: A collection of numeral terms in Austronesian and Papuan languages.</p>
</blockquote>",,,v1.7,Russell Barlow,Christoph Rzymski,10.5281/zenodo.14591833,10.5281/zenodo.5596346,5596346,2025-01-03T11:25:49.875834+00:00,2025-01-03T11:25:50.027843+00:00,lexibank,cc-by-4.0,https://zenodo.org/records/14591833,14591833,cldf:Wordlist;linguistics,dataset,https://github.com/numeralbank/barlowpacific/tree/v1.7
14591604,"CLDF dataset derived from Barlow's ""Lote Wordlist"" from 2025","<p>Cite the source of the dataset as:</p>

<blockquote>
<p>Barlow, Russell. 2025. Lote wordlist: Based on elicitation sessions with Leo Lang from Uvol village, recorded in Kokopo, East New Britain, November 2022. https://doi.org/10.5281/zenodo.14505729.</p>
</blockquote>",,,v1.1,Russell Barlow,Christoph Rzymski,10.5281/zenodo.14591604,10.5281/zenodo.14505729,14505729,2025-01-03T10:25:06.131859+00:00,2025-01-03T10:25:06.287452+00:00,lexibank,cc-by-4.0,https://zenodo.org/records/14591604,14591604,cldf:Wordlist;linguistics,dataset,https://github.com/lexibank/barlowlote/tree/v1.1
14506169,"CLDF dataset derived from Robbeets et al.'s ""Triangulation of Transeurasian Languages"" from 2021","<p>Cite the source of the dataset as:</p>

<blockquote>
<p>Robbeets, M., Bouckaert, R., Conte, M. et al. Triangulation supports agricultural spread of the Transeurasian languages. Nature 599, 616–621 (2021). https://doi.org/10.1038/s41586-021-04108-8</p>
</blockquote>",,,v0.2,Martine Robbeets,,10.5281/zenodo.14506169,10.5281/zenodo.14506168,14506168,2024-12-17T10:52:56.543999+00:00,2024-12-17T10:52:56.698541+00:00,cldf-datasets,cc-by-4.0,https://zenodo.org/records/14506169,14506169,cldf:Wordlist;linguistics,dataset,https://github.com/lexibank/robbeetstriangulation/tree/v0.2
14505927,Maltese IDS wordlist by Michael Spagnol and Bernard Comrie,"<p>Cite the source of the dataset as:</p>

<blockquote>
<p>Michael Spagnol and Bernard Comrie. 2020. Maltese dictionary. In: Key, Mary Ritchie &amp; Comrie, Bernard (eds.) The Intercontinental Dictionary Series. Leipzig: Max Planck Institute for Evolutionary Anthropology. (Available online at http://ids.clld.org/)</p>
</blockquote>",,,v1.1,Michael Spagnol ; Bernard Comrie ; Hans-Jörg Bibiko,Michael Spagnol ; Robert Forkel ; Johann-Mattis List ; Jessica Nieder,10.5281/zenodo.14505927,10.5281/zenodo.4280595,4280595,2024-12-17T10:22:12.199355+00:00,2024-12-17T10:22:12.369671+00:00,lexibank,cc-by-4.0,https://zenodo.org/records/14505927,14505927,cldf:Wordlist;linguistics,dataset,https://github.com/intercontinental-dictionary-series/spagnolmaltese/tree/v1.1
14505730,"CLDF dataset derived from Barlow's ""Lote Wordlist"" from 2023","<p>Cite the source of the dataset as:</p>
<blockquote>
<p>Barlow, Russell. 2024. Lote wordlist: Based on elicitation sessions with Leo Lang from Uvol village, recorded in Kokopo, East New Britain, November 2022. <a href=""https://doi.org/10.5281/zenodo.14505729"" rel=""nofollow"">https://doi.org/10.5281/zenodo.14505729</a>.</p>
</blockquote>",,,v1.0,Russell Barlow,Christoph Rzymski,10.5281/zenodo.14505730,10.5281/zenodo.14505729,14505729,2024-12-17T09:44:14.800374+00:00,2024-12-17T09:47:10.174497+00:00,lexibank,cc-by-4.0,https://zenodo.org/records/14505730,14505730,cldf:Wordlist;linguistics,dataset,https://github.com/lexibank/barlowlote/tree/v1.0
14504420,davidainman/atlas-data: Prerelease 0.2,"<p>This is a pre-release of the ATLAs database, with the underlying data finalized, but with the metadata still being updated.</p>",,,v2024.2,davidainman,,10.5281/zenodo.14504420,10.5281/zenodo.14504419,14504419,2024-12-17T05:33:37.766025+00:00,2024-12-17T05:33:38.054361+00:00,,cc-by-4.0,https://zenodo.org/records/14504420,14504420,,software,https://github.com/davidainman/atlas-data/tree/v2024.2
14281745,"CLDF dataset with data and supplements for Barlow ""Loss of colexification of 'hand' and 'five' in Austronesian languages""","CLDF dataset with data and supplements for Barlow ""Loss of colexification of 'hand' and 'five' in Austronesian languages""",,,v1.2,Russell Barlow ; Robert Forkel,,10.5281/zenodo.14281745,10.5281/zenodo.13889023,13889023,2024-12-05T10:27:33.276457+00:00,2024-12-05T10:27:33.393074+00:00,cldf-datasets,cc-by-4.0,https://zenodo.org/records/14281745,14281745,cldf:StructureDataset;linguistics,dataset,https://github.com/cldf-datasets/barlowhandandfive/tree/v1.2
14162587,"CLDF dataset derived from Greenhill's ""TransNewGuinea.org"" from 2015","<p>Cite the source of the dataset as:</p>

<blockquote>
<p>Greenhill, Simon J. (2015): TransNewGuinea.org: An Online Database of New Guinea Languages. PLoS ONE 10.10: e0141563.</p>
</blockquote>",,,v3.2,Simon J. Greenhill,Simon J. Greenhill ; Robert Forkel ; Tiago Tresoldi ; Johann-Mattis List,10.5281/zenodo.14162587,10.5281/zenodo.2634949,2634949,2024-11-14T12:43:17.514013+00:00,2024-11-14T12:43:17.783258+00:00,lexibank,cc-by-4.0,https://zenodo.org/records/14162587,14162587,cldf:Wordlist;linguistics,dataset,https://github.com/lexibank/transnewguineaorg/tree/v3.2
14044192,IMTVault,"<p>Cite the source of the dataset as:</p>

<blockquote>
<p>Krämer, Thomas, and Sebastian Nordhoff. 2022. &quot;IMTVault: Extracting and Enriching Low-resource Language Interlinear Glossed Text from Grammatical Descriptions and Typological Survey Articles: Proceedings of The 8th Workshop on Linked Data in Linguistics within the 13th Language Resources and Evaluation Conference.&quot; 13th Language Resources and Evaluation Conference lREC 2022, LREC 2022, Marseille, 24.06.2022.</p>
</blockquote>",,,v1.2,Sebastian Nordhoff ; Robert Forkel,,10.5281/zenodo.14044192,10.5281/zenodo.7371911,7371911,2024-11-06T08:32:19.286433+00:00,2024-11-06T08:32:19.406052+00:00,cldf-datasets,cc-by-4.0,https://zenodo.org/records/14044192,14044192,cldf:Generic;linguistics,dataset,https://github.com/cldf-datasets/imtvault/tree/v1.2
14024635,dictionaria/diidxaza: La Ventosa Diidxazá Lexico-Botanical Dictionary,"Pérez Báez, Gabriela and Kaufman, Terrence. 2018. La Ventosa Diidxazá Lexico-Botanical Dictionary. Dictionaria 5. 1-952 (Available online at https://dictionaria.clld.org/contributions/diidxaza)",,,v1.3,Gabriela Pérez Báez ; Terrence Kaufman,,10.5281/zenodo.14024635,10.5281/zenodo.3451856,3451856,2024-11-01T11:29:39.836894+00:00,2024-11-01T11:29:40.085051+00:00,clld;cldf-datasets;dictionaria,cc-by-4.0,https://zenodo.org/records/14024635,14024635,cldf:Dictionary;linguistics,dataset,https://github.com/dictionaria/diidxaza/tree/v1.3
14001762,"CLDF dataset derived from Lai and List's ""Comparison of Rgyalrongic Languages"" from 2023","<p>Cite the source of the dataset as:</p>

<blockquote>
<p>Lai, Yunfan and List, Johann-Mattis (2023): Lexical Data for the Historical Comparison of Rgyalrongic Languages [Dataset, Version 1.0]. Leipzig: Max Planck Institute for Evolutionary Anthropology.</p>
</blockquote>",,,v0.4,Yunfan Lai ; Johann-Mattis List,Johann-Mattis List,10.5281/zenodo.14001762,10.5281/zenodo.7866795,7866795,2024-10-28T12:24:16.178089+00:00,2024-10-28T12:24:16.325814+00:00,eu;lexibank,cc-by-4.0,https://zenodo.org/records/14001762,14001762,cldf:Wordlist;linguistics,dataset,https://github.com/lexibank/lairgyalrong/tree/v0.4
14001750,"CLDF dataset derived from the Johansson et al.'s ""The typology of sound symbolism"" from 2020","<p>Cite the source of the dataset as:</p>

<blockquote>
<p>Erben Johansson, N., Anikin, A., Carling, G., &amp; Holmer, A. (2020). The typology of sound symbolism: Defining macro-concepts via their semantic and phonetic features, Linguistic Typology , 24(2), 253-310. doi: https://doi.org/10.1515/lingty-2020-2034</p>
</blockquote>",,,v1.3,Niklas Erben Johansson,Sacha Beniamine ; Kristina Pianykh ; Johann-Mattis List,10.5281/zenodo.14001750,10.5281/zenodo.5127130,5127130,2024-10-28T12:22:59.982683+00:00,2024-10-28T12:23:00.089396+00:00,lexibank,cc-by-4.0,https://zenodo.org/records/14001750,14001750,cldf:Wordlist;linguistics,dataset,https://github.com/lexibank/johanssonsoundsymbolic/tree/v1.3
14001737,"CLDF dataset derived from the Johansson et al.'s ""The typology of sound symbolism"" from 2020","<p>Cite the source of the dataset as:</p>

<blockquote>
<p>Erben Johansson, N., Anikin, A., Carling, G., &amp; Holmer, A. (2020). The typology of sound symbolism: Defining macro-concepts via their semantic and phonetic features, Linguistic Typology , 24(2), 253-310. doi: https://doi.org/10.1515/lingty-2020-2034</p>
</blockquote>",,,v1.2,Niklas Erben Johansson,Sacha Beniamine ; Kristina Pianykh ; Johann-Mattis List,10.5281/zenodo.14001737,10.5281/zenodo.5127130,5127130,2024-10-28T12:22:05.437446+00:00,2024-10-28T12:22:05.545317+00:00,lexibank,cc-by-4.0,https://zenodo.org/records/14001737,14001737,cldf:Wordlist;linguistics,dataset,https://github.com/lexibank/johanssonsoundsymbolic/tree/v1.2
14001726,"CLDF dataset underlying the study ""First steps towards the detection of contact layers in Bangime: a multi-disciplinary, computer-assisted approach"" from 2022","<p>Cite the source of the dataset as:</p>

<blockquote>
<p>Hantgan, Abbie and Babiker, Hiba and List, Johann-Mattis (2022): First steps towards the detection of contact layers in Bangime: a multi-disciplinary, computer-assisted approach [version 2; peer review: 2 approved]. Open Research Europe 2022, 2:10.</p>
</blockquote>",,,v1.2,Abbie Hantgan ; Hiba Babiker ; Johann-Mattis List,Johann-Mattis List,10.5281/zenodo.14001726,10.5281/zenodo.5751225,5751225,2024-10-28T12:19:58.474298+00:00,2024-10-28T12:19:58.616306+00:00,calc;digling;lexibank,cc-by-4.0,https://zenodo.org/records/14001726,14001726,cldf:Wordlist;linguistics,dataset,https://github.com/lexibank/baf2/tree/v1.2
14001610,"CLDF dataset accompanying Auderset et al.'s ""Subgrouping in a dialect continuum"" from 2023","<p>Cite the source of the dataset as:</p>

<blockquote>
<p>Auderset, Sandra, Simon J. Greenhill, Christian T. DiCanio, Eric W. Campbell. (2023) &quot;Subgrouping in a `dialect continuum&#x27;: A Bayesian phylogenetic analysis of the Mixtecan language family&quot;. Journal of Language Evolution 8 (1). 33–-63. DOI: https://doi.org/10.1093/jole/lzad004.</p>
</blockquote>",,,v0.4,Sandra Auderset ; Simon J. Greenhill,Johann-Mattis List ; Johannes English ; Christoph Rzymski ; Eric W. Campbell ; Christian T. DiCanio ; Simon J. Greenhill,10.5281/zenodo.14001610,10.5281/zenodo.7642970,7642970,2024-10-28T12:05:34.102004+00:00,2024-10-28T12:05:34.245893+00:00,lexibank,cc-by-4.0,https://zenodo.org/records/14001610,14001610,cldf:Wordlist;linguistics,dataset,https://github.com/lexibank/mixtecansubgrouping/tree/v0.4
13950591,The World Atlas of Language Structures Online,"<p>Cite the source of the dataset as:</p>

<blockquote>
<p>Dryer, Matthew S. &amp; Haspelmath, Martin (eds.) 2013. The World Atlas of Language Structures Online. Leipzig: Max Planck Institute for Evolutionary Anthropology. (Available online at https://wals.info)</p>
</blockquote>",,,v2020.4,Matthew Dryer ; Martin Haspelmath,Matthew Dryer ; Martin Haspelmath ; Robert Forkel,10.5281/zenodo.13950591,10.5281/zenodo.3606197,3606197,2024-10-18T09:56:32.981245+00:00,2024-10-18T09:56:33.685774+00:00,clld;cldf-datasets,cc-by-4.0,https://zenodo.org/records/13950591,13950591,cldf:StructureDataset;linguistics,dataset,https://github.com/cldf-datasets/wals/tree/v2020.4
13946786,The Catalogue of Endangered Languages as CLDF dataset,"<p>Cite the source of the dataset as:</p>

<blockquote>
<p>Catalogue of Endangered Languages. 2023. University of Hawaii at Manoa. http://www.endangeredlanguages.com</p>
</blockquote>",,,v2024.1,Lyle Campbell ; Gary Holton ; Anna Belew,Lyle Campbell ; Lyle Campbell ; Lyle Campbell ; Gary Holton ; Gary Holton ; Anna Belew ; Anna Belew ; Sean Simpson ; John Van Way ; Amy Brunett ; Jacob Collard ; Kristen Dunkinson ; Raina Heaton ; Uliana Kazagasheva ; Huiying Nala Lee ; Lwin Moe ; Eve Okura ; Kaori Ueki ; Brent Woo ; Willem F.H. Adelaar ; Greg Anderson ; I. Wayan Arka ; Habib Borjian ; Claire Bowern ; David Bradley ; Matthias Brenzinger ; Charles Häberl ; Alice C. Harris ; Juha Janhunen ; Brian Joseph ; Martin Maiden ; Bill Palmer ; Keren Rice ; David Solnit ; George Van Driem ; James Woodward ; Carolina Aragon ; Katie Butler ; Joelle Kirtley ; Stephanie Locke ; Colleen O'Brien ; Melody Ann Ross-Nathaniel ; Robert Forkel,10.5281/zenodo.13946786,10.5281/zenodo.7871166,7871166,2024-10-17T15:07:42.112682+00:00,2024-10-17T15:07:42.249890+00:00,cldf-datasets,cc-by-4.0,https://zenodo.org/records/13946786,13946786,cldf:StructureDataset;linguistics,dataset,https://github.com/cldf-datasets/elcat/tree/v2024.1
13913267,"CLDF dataset with data and supplements for Barlow ""Loss of colexification of 'hand' and 'five' in Austronesian languages""","CLDF dataset with data and supplements for Barlow ""Loss of colexification of 'hand' and 'five' in Austronesian languages""",,,v1.1,Russell Barlow ; Robert Forkel,,10.5281/zenodo.13913267,10.5281/zenodo.13889023,13889023,2024-10-10T14:05:28.940674+00:00,2024-10-10T14:05:29.105726+00:00,cldf-datasets,cc-by-4.0,https://zenodo.org/records/13913267,13913267,cldf:StructureDataset;linguistics,dataset,https://github.com/cldf-datasets/barlowhandandfive/tree/v1.1
13889024,CLDF dataset with data and supplements for Barlow 'Loss of colexification of 'hand' and 'five' in Austronesian languages',No description provided.,,,v1.0,Russell Barlow,Robert Forkel,10.5281/zenodo.13889024,10.5281/zenodo.13889023,13889023,2024-10-04T07:17:54.567516+00:00,2024-10-04T07:17:54.685495+00:00,cldf-datasets,cc-by-4.0,https://zenodo.org/records/13889024,13889024,cldf:StructureDataset;linguistics,dataset,https://github.com/cldf-datasets/barlowhandandfive/tree/v1.0
13868534,"CLDF dataset derived from Dhakal et al.'s ""South-Western Tibetic"" from 2024","<p>Cite the source of the dataset as:</p>

<blockquote>
<p>Dhakal, D. N., List, J.-M., Roberts, S. G.(2024) A Phylogenetic Study of South-Western Tibetic. Journal of Language Evolution. https://doi.org/10.1093/jole/lzae008</p>
</blockquote>",,,v1.0,Dubi Nanda Dhakal ; Johann-Mattis List ; Sean Roberts,,10.5281/zenodo.13868534,10.5281/zenodo.13868533,13868533,2024-10-01T11:58:25.510351+00:00,2024-10-01T11:58:25.636512+00:00,lexibank,cc-by-4.0,https://zenodo.org/records/13868534,13868534,cldf:Wordlist;linguistics,dataset,https://github.com/lexibank/dhakalsouthwesttibetic/tree/v1.0
13861321,"CLDF dataset derived from Haspelmath and Tadmor's ""World Loanword Database"" from 2009","<p>Cite the source of the dataset as:</p>

<blockquote>
<p>Haspelmath, Martin &amp; Tadmor, Uri (eds.) 2009. World Loanword Database. Leipzig: Max Planck Institute for Evolutionary Anthropology. (Available online at http://wold.clld.org)</p>
</blockquote>",,,v4.1,Martin Haspelmath ; Uri Tadmor,Tiago Tresoldi ; Robert Forkel ; Johann-Mattis List ; Natalia Morozova,10.5281/zenodo.13861321,10.5281/zenodo.1299889,1299889,2024-09-30T11:50:08.905383+00:00,2024-09-30T11:50:09.150723+00:00,lexibank,cc-by-4.0,https://zenodo.org/records/13861321,13861321,cldf:Wordlist;linguistics,dataset,https://github.com/lexibank/wold/tree/v4.1
13841415,"CLDF dataset derived from Gerardi and Reichert's ""The Tupí-Guaraní Language Family: A Phylogenetic Classification"" from 2021","<p>Cite the source of the dataset as:</p>

<blockquote>
<p>Ferraz Gerardi, Fabrício and Reichert, Stanislav (2021) The Tupí-Guaraní Language Family: A Phylogenetic Classification. Diachronica 38(2). 151--188. DOI: https://doi.org/10.1075/dia.18032.fer.</p>
</blockquote>",,,v2.1,"Ferraz Gerardi, F. ; Reichert, S.",Johann-Mattis List ; Tiago Tresoldi,10.5281/zenodo.13841415,10.5281/zenodo.4094079,4094079,2024-09-26T05:33:20.359270+00:00,2024-09-26T05:33:20.509399+00:00,lexibank,cc-by-4.0,https://zenodo.org/records/13841415,13841415,cldf:Wordlist;linguistics,dataset,https://github.com/lexibank/gerarditupi/tree/v2.1
13832130,"CLDF dataset accompanying List's ""Inference of Partial Colexifications"" from 2023 building on Key and Comrie's ""Intercontinental Dictionary Series"" from 2021","<p>Cite the source of the dataset as:</p>

<blockquote>
<p>List, J.-M. (2023): Inference of partial colexifications from multilingual wordlists. Frontiers in Psychology 14.1156540. 1-10.</p>
</blockquote>",,,v1.2,"Key, M. R ; Comrie, B.","Johann-Mattis List ; Key, M. R ; Comrie, B.",10.5281/zenodo.13832130,10.5281/zenodo.10404394,10404394,2024-09-24T08:03:39.847708+00:00,2024-09-24T08:03:40.441482+00:00,lexibank,cc-by-4.0,https://zenodo.org/records/13832130,13832130,cldf:Wordlist;linguistics,dataset,https://github.com/intercontinental-dictionary-series/idssegmented/tree/v1.2
13832124,"CLDF dataset derived from Kraft's ""Chadic Wordlists"" from 1981","<p>Cite the source of the dataset as:</p>

<blockquote>
<p>Kraft, Charles H. 1981. Chadic wordlists. Berlin: Dietrich Reimer.</p>
</blockquote>",,,v4.1,"Kraft, Charles H.",Tiago Tresoldi ; Johann-Mattis List ; Michael Cysouw ; Peter Bouda,10.5281/zenodo.13832124,10.5281/zenodo.1312959,1312959,2024-09-24T08:02:59.905105+00:00,2024-09-24T08:03:00.022621+00:00,lexibank,cc-by-4.0,https://zenodo.org/records/13832124,13832124,cldf:Wordlist;linguistics,dataset,https://github.com/lexibank/kraftchadic/tree/v4.1
13832119,"CLDF dataset derived from Bowern et al.'s ""Hunter - Gatherer Language Database"" from 2021","<p>Cite the source of the dataset as:</p>

<blockquote>
<p>Bowern, Claire, Patience Epps, Jane Hill, and Patrick McConvell. Hunter - Gatherer Language Database. https://huntergatherer.la.utexas.edu/ Accessed 2021-04-27.</p>
</blockquote>",,,v2.1,Claire Bowern ; Patience Epps ; Jane Hill ; Patrick McConvell,Robert Forkel ; Christoph Rzymski ; Johann-Mattis List ; Carlos Barrientos,10.5281/zenodo.13832119,10.5281/zenodo.5126740,5126740,2024-09-24T08:02:13.756767+00:00,2024-09-24T08:02:13.905352+00:00,lexibank,cc-by-4.0,https://zenodo.org/records/13832119,13832119,cldf:Wordlist;linguistics,dataset,https://github.com/lexibank/huntergatherer/tree/v2.1
13829628,"CLDF dataset derived from Kleinewillinghöfer's ""Bikwin-Jen Comparative Wordlist"" from 2015","<p>Cite the source of the dataset as:</p>

<blockquote>
<p>Kleinewillinghöfer, Ulrich (2015). Bikwin-Jen Group. https://www.blogs.uni-mainz.de/fb07-adamawa/adamawa-languages/bikwin-jen-group/. Accessed on: 2020-04-15.</p>
</blockquote>",,,v1.2,Ulrich Kleinewillinghöfer,Ulrich Kleinewillinghöfer ; Kristina-Pianykh ; Christoph Rzymski,10.5281/zenodo.13829628,10.5281/zenodo.5127403,5127403,2024-09-23T14:34:07.069056+00:00,2024-09-23T14:34:07.195077+00:00,lexibank,cc-by-4.0,https://zenodo.org/records/13829628,13829628,cldf:Wordlist;linguistics,dataset,https://github.com/lexibank/kleinewillinghoeferbikwinjen/tree/v1.2
13829625,"CLDF dataset derived from Othaniel's ""Jen Cluster Comparative Wordlist"" from 2017","<p>Cite the source of the dataset as:</p>

<blockquote>
<p>Othaniel, Nlabephee Kefas. 2017. A phonological comparative study of the Jen language cluster. (MA thesis, Jos: Theological College of Northern Nigeria; 1–83pp.)</p>
</blockquote>",,,v1.2,Nlabephee Kefas Othaniel,Nlabephee Kefas Othaniel ; Kristina-Pianykh ; Christoph Rzymski ; Johann-Mattis List,10.5281/zenodo.13829625,10.5281/zenodo.10404211,10404211,2024-09-23T14:33:48.800239+00:00,2024-09-23T14:33:48.929944+00:00,lexibank,cc-by-4.0,https://zenodo.org/records/13829625,13829625,cldf:Wordlist;linguistics,dataset,https://github.com/lexibank/othanieljen/tree/v1.2
13829541,"CLDF dataset derived from Bremer's ""Sociolinguistic Survey of Six Berta Speech Varieties in Ethiopia"" from 2016","<p>Cite the source of the dataset as:</p>

<blockquote>
<p>Bremer, Nate D. (2016): A Sociolinguistic Survey of Six Berta Speech Varieties in Ethiopia. SIL Electronic Survey Reports 2016-007. Dallas: SIL International.</p>
</blockquote>",,,v1.3,Nate D. Bremer,Christoph Rzymski ; Johann-Mattis List ; Kristina Pianykh,10.5281/zenodo.13829541,10.5281/zenodo.5126756,5126756,2024-09-23T14:16:14.993402+00:00,2024-09-23T14:16:15.159672+00:00,lexibank,cc-by-4.0,https://zenodo.org/records/13829541,13829541,cldf:Wordlist;linguistics,dataset,https://github.com/lexibank/bremerberta/tree/v1.3
13829479,"CLDF dataset derived from Duong et al.'s ""Language of the La Chí People"" from 2020","<p>Cite the source of the dataset as:</p>

<blockquote>
<p>Duong, Thu Hang and Nguyen, Thu Quynh and Nguyen, Van Loi (2021): The Language of the La Chí People in Bản Díu Commune, Xín Mần District, Hà Giang Province, Vietnam. In: Studies in the Anthropology of Language in Mainland Southeast Asia. Ed. by N. J. Enfield, Jack Sidnell, and Charles H. P. Zuckermann. University of Hawaii Press: Honolulu. 124-138</p>
</blockquote>",,,v1.2,"Duong, Thu Hang ; Nguyen, Thu Quynh ; Nguyen, Van Loi",Johann-Mattis List ; Kristina Pianykh,10.5281/zenodo.13829479,10.5281/zenodo.5121662,5121662,2024-09-23T14:06:50.325979+00:00,2024-09-23T14:06:50.528228+00:00,lexibank,cc-by-4.0,https://zenodo.org/records/13829479,13829479,cldf:Wordlist;linguistics,dataset,https://github.com/lexibank/duonglachi/tree/v1.2
13766733,"CLDF dataset derived from Barlow's ""Numerals of the Pacific"" from 2024","<p>Cite the source of the dataset as:</p>

<blockquote>
<p>Barlow, Russell (ed.). 2024. Numerals of the Pacific: A collection of numeral terms in Austronesian and Papuan languages.</p>
</blockquote>",,,v1.6,Russell Barlow,Christoph Rzymski,10.5281/zenodo.13766733,10.5281/zenodo.5596346,5596346,2024-09-16T06:37:39.464224+00:00,2024-09-16T06:37:39.638174+00:00,lexibank,cc-by-4.0,https://zenodo.org/records/13766733,13766733,cldf:Wordlist;linguistics,dataset,https://github.com/numeralbank/barlowpacific/tree/v1.6
13684237,"CLDF dataset accompanying Brid et al.'s ""Comparative Wordlist for the Languages of the Gran Chaco Area"" from 2022","<p>Cite the source of the dataset as:</p>

<blockquote>
<p>Brid, Nicolás, Cristina Messineo, and Johann-Mattis List (2022): A Comparative Wordlist for the Languages of the Gran Chaco Area. Leipzig: Max Planck Institute for Evolutionary Anthropology.</p>
</blockquote>",,,v0.3,Nicolás Brid ; Cristina Messineo,Johann-Mattis List,10.5281/zenodo.13684237,10.5281/zenodo.6656483,6656483,2024-09-04T13:24:20.974731+00:00,2024-09-04T13:24:21.135664+00:00,lexibank;calc;digling;eu,cc-by-4.0,https://zenodo.org/records/13684237,13684237,cldf:Wordlist;linguistics,dataset,https://github.com/lexibank/chacolanguages/tree/v0.3
13606202,Negative existentials: A cross-linguistic study,Negative existentials: A cross-linguistic study,,,v1.0,Ljuba Veselinova,Robert Forkel ; Johannes Englisch ; Martin Haspelmath,10.5281/zenodo.13606202,10.5281/zenodo.13606201,13606201,2024-08-30T11:28:15.354933+00:00,2024-08-30T11:28:15.551523+00:00,crossgram,cc-by-4.0,https://zenodo.org/records/13606202,13606202,cldf:StructureDataset;linguistics,dataset,https://github.com/cldf-datasets/veselinovanegex/tree/v1.0
13605939,The 'give' event in Papuan languages,The 'give' event in Papuan languages,,,v1.0,Gerard P. Reesink,Johannes Englisch ; Martin Haspelmath,10.5281/zenodo.13605939,10.5281/zenodo.13605938,13605938,2024-08-30T11:25:14.327676+00:00,2024-08-30T11:25:14.812956+00:00,crossgram,cc-by-4.0,https://zenodo.org/records/13605939,13605939,cldf:StructureDataset;linguistics,dataset,https://github.com/cldf-datasets/reesinkgive/tree/v1.0
13605418,CLDF version for Nichols 1992: Linguistic diversity in space and time,CLDF version for Nichols 1992: Linguistic Diversity in Space and Time,,,v1.0,Johanna Nichols,Johannes Englisch ; Martin Haspelmath,10.5281/zenodo.13605418,10.5281/zenodo.13605417,13605417,2024-08-30T11:18:00.243169+00:00,2024-08-30T11:18:00.383953+00:00,crossgram,cc-by-4.0,https://zenodo.org/records/13605418,13605418,cldf:StructureDataset;linguistics,dataset,https://github.com/cldf-datasets/nicholsdiversity/tree/v1.0
13604622,Ditransitive constructions,Ditransitive Constructions,,,v1.0,Andrej Malchukov ; Martin Haspelmath,Johannes Englisch,10.5281/zenodo.13604622,10.5281/zenodo.13604621,13604621,2024-08-30T11:08:44.528772+00:00,2024-08-30T11:08:44.683871+00:00,crossgram,cc-by-4.0,https://zenodo.org/records/13604622,13604622,cldf:StructureDataset;linguistics,dataset,https://github.com/cldf-datasets/malchukovditransitives/tree/v1.0
13604170,Estimative constructions in crosslinguistic perspective,CLDF version of Guillaume Jacques' dataset 'Estimative constructions in crosslinguistic perspective',,,v1.0,Guillaume Jacques,Johannes Englisch ; Martin Haspelmath,10.5281/zenodo.13604170,10.5281/zenodo.13604169,13604169,2024-08-30T11:02:01.260382+00:00,2024-08-30T11:02:01.425661+00:00,crossgram,cc-by-4.0,https://zenodo.org/records/13604170,13604170,cldf:StructureDataset;linguistics,dataset,https://github.com/cldf-datasets/jacquesestimative/tree/v1.0
13603759,The classification of names,"<p>Cite the source of the dataset as:</p>

<blockquote>
<p>Handschuh, C. (2019). The classification of names, STUF - Language Typology and Universals, 72(4), 539-572. doi: https://doi.org/10.1515/stuf-2019-0021</p>
</blockquote>",,,v1.0,Corinna Handschuh,Robert Forkel ; Johannes Englisch ; Martin Haspelmath,10.5281/zenodo.13603759,10.5281/zenodo.13603758,13603758,2024-08-30T10:56:25.896657+00:00,2024-08-30T10:56:26.082505+00:00,crossgram,cc-by-4.0,https://zenodo.org/records/13603759,13603759,cldf:StructureDataset;linguistics,dataset,https://github.com/cldf-datasets/handschuhnames/tree/v1.0
13602851,Typological Database of Intensifiers and Reflexives,Typological Database of Intensifiers and Reflexives,,,v1.0,Volker Gast ; Daniel Hole ; Ekkehard König ; Peter Siemund ; Stephan Töpper,Johannes Englisch ; Martin Haspelmath,10.5281/zenodo.13602851,10.5281/zenodo.13602850,13602850,2024-08-30T10:44:37.663007+00:00,2024-08-30T10:44:37.867091+00:00,crossgram,cc-by-4.0,https://zenodo.org/records/13602851,13602851,cldf:StructureDataset;linguistics,dataset,https://github.com/cldf-datasets/gasttdir/tree/v1.0
13602342,"On the order of demonstrative, numeral, adjective, and noun","<p>Cite the source of the dataset as:</p>

<blockquote>
<p>Dryer, M.S. (2018). On the order of demonstrative, numeral, adjective, and noun. Language 94(4), 798-833. doi:10.1353/lan.2018.0054.</p>
</blockquote>",,,v1.1,Matthew Dryer,Robert Forkel ; Johannes Englisch ; Martin Haspelmath,10.5281/zenodo.13602342,10.5281/zenodo.3696843,3696843,2024-08-30T10:39:14.343405+00:00,2024-08-30T10:39:14.473889+00:00,cldf-datasets,cc-by-4.0,https://zenodo.org/records/13602342,13602342,cldf:StructureDataset;linguistics,dataset,https://github.com/cldf-datasets/dryerorder/tree/v1.1
13601677,Austronesian and Papuan numeral systems,"<p>Cite the CLDF dataset as</p>
<p>Cite the source dataset as</p>
<blockquote>
<p>Barlow, Russell. 2023. Papuan-Austronesian contact and the spread of numeral systems in Melanesia. Diachronica 40(3). 287–340. (doi:10.1075/dia.22005.bar)</p>
</blockquote>",,,v1.0,Russell Barlow,Johannes Englisch ; Martin Haspelmath,10.5281/zenodo.13601677,10.5281/zenodo.13601676,13601676,2024-08-30T10:30:20.632444+00:00,2024-08-30T10:30:20.792785+00:00,crossgram,cc-by-4.0,https://zenodo.org/records/13601677,13601677,cldf:StructureDataset;linguistics,dataset,https://github.com/cldf-datasets/barlownumeralsystems/tree/v1.0
13601189,"CLDF dataset derived from Auderset's ""Interrogatives as relativization markers in Indo-European"" from 2020",<p>Cite the source of the dataset as:</p> ...,,,v1.1,Sandra Auderset,Christoph Rzymski ; Johannes Englisch ; Martin Haspelmath,10.5281/zenodo.13601189,10.5281/zenodo.4071138,4071138,2024-08-30T10:25:00.744564+00:00,2024-08-30T10:25:00.943451+00:00,cldf-datasets,cc-by-4.0,https://zenodo.org/records/13601189,13601189,cldf:StructureDataset;linguistics,dataset,https://github.com/cldf-datasets/audersetinterrog/tree/v1.1
10609476,"CLDF dataset accompanying Nieder and List's ""Assessment of Mutual Intelligibility"" from 2024","<p>Dataset contains cognate sets from Kluge's etymological dictionary used in the following study:</p>
<blockquote>
<p>Nieder, J. and List, J.-M. (2024): A Computational Model for the Assessment of Mutual Intelligibility Among Closely Related Languages. In: Proceedings of the 6th Workshop on Research in Computational Linguistic Typology and Multilingual NLP (SIGTYP 2024)</p>
</blockquote>",,,0.1,"List, Johann-Mattis","List, Johann-Mattis",10.5281/zenodo.10609476,10.5281/zenodo.10609475,10609475,2024-08-15T13:40:02.407548+00:00,2024-08-15T13:40:02.630405+00:00,lexibank,cc-by-4.0,https://zenodo.org/records/10609476,10609476,,dataset,
13326769,D-PLACE aggregated dataset,"<p>Cite the source of the dataset as:</p>

<blockquote>
<p>Kathryn R. Kirby, Russell D. Gray, Simon J. Greenhill, Fiona M. Jordan, Stephanie Gomes-Ng, Hans-Jörg Bibiko, Damián E. Blasi, Carlos A. Botero, Claire Bowern, Carol R. Ember, Dan Leehr, Bobbi S. Low, Joe McCarter, William Divale, and Michael C. Gavin. (2016). D-PLACE: A Global Database of Cultural, Linguistic and Environmental Diversity. PLoS ONE, 11(7): e0158391. doi:10.1371/journal.pone.0158391.</p>
</blockquote>",,,v3.1.1,Kathryn R. Kirby ; Russell D. Gray ; Simon J. Greenhill ; Fiona M. Jordan ; Stephanie Gomes-Ng ; Hans-Jörg Bibiko ; Damián E. Blasi ; Carlos A. Botero ; Claire Bowern ; Carol R. Ember ; Dan Leehr ; Bobbi S. Low ; Joe McCarter ; William Divale ; Michael C. Gavin ; Václav Hrnčíř,Robert Forkel,10.5281/zenodo.13326769,10.5281/zenodo.3935419,3935419,2024-08-15T13:04:48.055667+00:00,2024-08-15T13:04:48.157024+00:00,dplace;cldf-datasets,cc-by-nc-4.0,https://zenodo.org/records/13326769,13326769,cldf:StructureDataset;linguistics,dataset,https://github.com/D-PLACE/dplace-cldf/tree/v3.1.1
13326318,D-PLACE aggregated dataset,"<p>Cite the source of the dataset as:</p>

<blockquote>
<p>Kathryn R. Kirby, Russell D. Gray, Simon J. Greenhill, Fiona M. Jordan, Stephanie Gomes-Ng, Hans-Jörg Bibiko, Damián E. Blasi, Carlos A. Botero, Claire Bowern, Carol R. Ember, Dan Leehr, Bobbi S. Low, Joe McCarter, William Divale, and Michael C. Gavin. (2016). D-PLACE: A Global Database of Cultural, Linguistic and Environmental Diversity. PLoS ONE, 11(7): e0158391. doi:10.1371/journal.pone.0158391.</p>
</blockquote>",,,v3.1.0,Kathryn R. Kirby ; Russell D. Gray ; Simon J. Greenhill ; Fiona M. Jordan ; Stephanie Gomes-Ng ; Hans-Jörg Bibiko ; Damián E. Blasi ; Carlos A. Botero ; Claire Bowern ; Carol R. Ember ; Dan Leehr ; Bobbi S. Low ; Joe McCarter ; William Divale ; Michael C. Gavin ; Václav Hrnčíř,Robert Forkel,10.5281/zenodo.13326318,10.5281/zenodo.3935419,3935419,2024-08-15T12:27:29.657011+00:00,2024-08-15T12:27:29.787314+00:00,dplace;cldf-datasets,cc-by-nc-4.0,https://zenodo.org/records/13326318,13326318,cldf:StructureDataset;linguistics,dataset,https://github.com/D-PLACE/dplace-cldf/tree/v3.1.0
13325962,D-PLACE dataset derived from Robert L. Carneiro's Dataset (6th edition),"<p>Cite the D-PLACE dataset as</p>
<p>DOI</p>",,,v3.1,"Carneiro, Robert L.",Václav Hrnčíř ; Robert Forkel,10.5281/zenodo.13325962,10.5281/zenodo.13325961,13325961,2024-08-15T11:36:11.302064+00:00,2024-08-15T11:44:38.875014+00:00,dplace,cc-by-4.0,https://zenodo.org/records/13325962,13325962,cldf:StructureDataset;linguistics,dataset,https://github.com/D-PLACE/dplace-dataset-carneiro/tree/v3.1
13319593,D-PLACE dataset derived from Bertolo et al. 2023 'Cross-cultural music corpus: The Expanded Natural History of Song Discography',"<p>Cite the source of the dataset as:</p>

<blockquote>
<p>Mila Bertolo, Martynas Snarskis, Manvir Singh, &amp; Samuel Mehr. (2023, August 8). Cross-cultural music corpus: The Expanded Natural History of Song Discography. Zenodo. https://doi.org/10.5281/zenodo.8378337</p>
</blockquote>",,,v3.1,Mila Bertolo ; Martynas Snarskis ; Manvir Singh ; Samuel Mehr,Martynas Snarskis ; Robert Forkel ; Robert Forkel,10.5281/zenodo.13319593,10.5281/zenodo.10201381,10201381,2024-08-14T11:03:21.968433+00:00,2024-08-14T11:03:22.097959+00:00,dplace,cc-by-4.0,https://zenodo.org/records/13319593,13319593,cldf:StructureDataset;linguistics,dataset,https://github.com/D-PLACE/dplace-dataset-ccmc/tree/v3.1
13319363,D-PLACE dataset derived from Binford 2001 'Constructing Frames of Reference',"<p>Cite the source of the dataset as:</p>

<blockquote>
<p>Binford, L. 2001. Constructing Frames of Reference: An Analytical Method for Archaeological Theory Building Using Hunter-gatherer and Environmental Data Sets. University of California Press</p>
</blockquote>",,,v3.1,Lewis R. Binford,Kathryn R. Kirby ; Russell D. Gray ; Simon J. Greenhill ; Fiona M. Jordan ; Stephanie Gomes-Ng ; Hans-Jörg Bibiko ; Damián E. Blasi ; Carlos A. Botero ; Claire Bowern ; Carol R. Ember ; Dan Leehr ; Bobbi S. Low ; Joe McCarter ; William Divale ; Michael C. Gavin,10.5281/zenodo.13319363,10.5281/zenodo.10171857,10171857,2024-08-14T10:42:51.737737+00:00,2024-08-14T10:42:51.903494+00:00,dplace,cc-by-nc-4.0,https://zenodo.org/records/13319363,13319363,cldf:StructureDataset;linguistics,dataset,https://github.com/D-PLACE/dplace-dataset-binford/tree/v3.1
13319191,D-PLACE dataset derived from Murdock et al. 1999 'Ethnographic Atlas',"<p>Cite the source of the dataset as:</p>

<blockquote>
<p>Murdock, G. P., R. Textor, H. Barry, III, D. R. White, J. P. Gray, and W. T. Divale. 1999. Ethnographic Atlas. World Cultures 10:24-136 (codebook)</p>
</blockquote>",,,v3.1,"Murdock, G. P. ; R. Textor ; H. Barry, III ; D. R. White ; J. P. Gray ; W. T. Divale",Kathryn R. Kirby ; Russell D. Gray ; Simon J. Greenhill ; Fiona M. Jordan ; Stephanie Gomes-Ng ; Hans-Jörg Bibiko ; Damián E. Blasi ; Carlos A. Botero ; Claire Bowern ; Carol R. Ember ; Dan Leehr ; Bobbi S. Low ; Joe McCarter ; William Divale ; Michael C. Gavin,10.5281/zenodo.13319191,10.5281/zenodo.10177060,10177060,2024-08-14T10:25:13.965835+00:00,2024-08-14T10:25:14.138836+00:00,dplace,cc-by-nc-4.0,https://zenodo.org/records/13319191,13319191,cldf:StructureDataset;linguistics,dataset,https://github.com/D-PLACE/dplace-dataset-ea/tree/v3.1
13319171,"CLDF dataset accompanying Hantgan and List's ""Bangime and Friends"" from 2018","<p>Cite the source of the dataset as:</p>

<blockquote>
<p>Hantgan, Abbie and List, Johann-Mattis (2018): Bangime. Secret language, language isolate, or language island? Journal of Language Contact.</p>
</blockquote>",,,v1.1,Abbie Hantgan ; Johann-Mattis List,Abbie Hantgan ; Abbie Hantgan ; Johann-Mattis List,10.5281/zenodo.13319171,10.5281/zenodo.5126440,5126440,2024-08-14T10:23:01.693273+00:00,2024-08-14T10:23:01.812091+00:00,lexibank,cc-by-4.0,https://zenodo.org/records/13319171,13319171,cldf:Wordlist;linguistics,dataset,https://github.com/lexibank/hantganbangime/tree/v1.1
13319047,"CLDF dataset derived from Lieberherr and Bodt's ""Comparative Wordlists of Kho-Bwa"" from 2017","<p>Cite the source of the dataset as:</p>

<blockquote>
<p>Lieberherr, Ismail and Bodt, Timotheus Adrianus (2017): Sub-grouping Kho-Bwa based on shared core vocabulary. Himalayan Linguistics 16(2). 26-63. URL: https://escholarship.org/uc/item/4t27h5fg</p>
</blockquote>",,,v2.1,Ismail Lieberherr ; Timotheus Adrianus Bodt,Tiago Tresoldi ; Johann-Mattis List ; Robert Forkel ; Christoph Rzymski ; Ismail Lieberherr ; Ismail Lieberherr ; Timotheus Adrianus Bodt ; Timotheus Adrianus Bodt,10.5281/zenodo.13319047,10.5281/zenodo.2553233,2553233,2024-08-14T10:11:11.714517+00:00,2024-08-14T10:11:11.850715+00:00,lexibank;calc;eu,cc-by-4.0,https://zenodo.org/records/13319047,13319047,cldf:Wordlist;linguistics,dataset,https://github.com/lexibank/lieberherrkhobwa/tree/v2.1
13319013,"CLDF dataset derived from Lundgren's ""Phonological Reconstruction of Proto-Omagua-Kokama-Tupinambá"" from 2020","<p>Cite the source of the dataset as:</p>

<blockquote>
<p>Lundgren, Olof (2020): A phonological reconstruction of Proto-Omagua-Kokama-Tupinambá. Master&#x27;s thesis. Lund: Lund University.</p>
</blockquote>",,,v1.1,Olof Lundgren,Johann-Mattis List ; Lev Michael,10.5281/zenodo.13319013,10.5281/zenodo.5128096,5128096,2024-08-14T10:08:19.861327+00:00,2024-08-14T10:08:20.034040+00:00,lexibank,cc-by-4.0,https://zenodo.org/records/13319013,13319013,cldf:Wordlist;linguistics,dataset,https://github.com/lexibank/lundgrenomagoa/tree/v1.1
13318981,D-PLACE dataset derived from Lima-Ribeiro et al. 2015 'ecoClimate',"<p>Cite the source of the dataset as:</p>

<blockquote>
<p>Lima-Ribeiro MS; Varela S; González-Hernández J; Oliveira G; Diniz-Filho JAF; Terribile LC. 2015. ecoClimate: a database of climate data from multiple models for past, present, and future for Macroecologists and Biogeographers Biodiversity Informatics 10, 1-21. DOI: 10.17161/bi.v10i0.4955

Lima-Ribeiro MS; Varela S; González-Hernández J; Oliveira G; Diniz-Filho JAF; Peterson AT; Terribile LC. The ecoClimate Database, http://ecoclimate.org</p>
</blockquote>",,,v3.1,Lima-Ribeiro MS ; Varela S ; González-Hernández J ; Oliveira G ; Diniz-Filho JAF ; Peterson AT ; Terribile LC,Kathryn R. Kirby ; Russell D. Gray ; Simon J. Greenhill ; Fiona M. Jordan ; Stephanie Gomes-Ng ; Hans-Jörg Bibiko ; Damián E. Blasi ; Carlos A. Botero ; Claire Bowern ; Carol R. Ember ; Dan Leehr ; Bobbi S. Low ; Joe McCarter ; William Divale ; Michael C. Gavin,10.5281/zenodo.13318981,10.5281/zenodo.10179300,10179300,2024-08-14T10:05:59.103847+00:00,2024-08-14T10:05:59.304426+00:00,dplace,cc-by-nc-sa-4.0,https://zenodo.org/records/13318981,13318981,cldf:StructureDataset;linguistics,dataset,https://github.com/D-PLACE/dplace-dataset-ecoclimate/tree/v3.1
13318960,D-PLACE dataset derived from 'Global Multi-resolution Terrain Elevation Data 2010',"<p>Cite the source of the dataset as:</p>

<blockquote>
<p>Global Multi-resolution Terrain Elevation Data courtesy of the U.S. Geological Survey (Downloaded 14 Jul 2014)</p>
</blockquote>",,,v3.1,Earth Resources Observation and Science (EROS) Center,Kathryn R. Kirby ; Russell D. Gray ; Simon J. Greenhill ; Fiona M. Jordan ; Stephanie Gomes-Ng ; Hans-Jörg Bibiko ; Damián E. Blasi ; Carlos A. Botero ; Claire Bowern ; Carol R. Ember ; Dan Leehr ; Bobbi S. Low ; Joe McCarter ; William Divale ; Michael C. Gavin,10.5281/zenodo.13318960,10.5281/zenodo.10180042,10180042,2024-08-14T10:02:51.061460+00:00,2024-08-14T10:02:51.220099+00:00,dplace,cc-by-nc-4.0,https://zenodo.org/records/13318960,13318960,cldf:StructureDataset;linguistics,dataset,https://github.com/D-PLACE/dplace-dataset-gmted2010/tree/v3.1
13318941,"D-PLACE dataset derived from Wessel and Smith 2015 'Global Self-consistent, Hierarchical, High-resolution Geography Database'","<p>Cite the source of the dataset as:</p>

<blockquote>
<p>Wessel, P., and W. H. F. Smith (1996), A global, self-consistent, hierarchical, high-resolution shoreline database, J. Geophys. Res., 101(B4), 8741–8743, doi:10.1029/96JB00104.

Wessel P, Smith, W. H. F. Global Self-consistent, Hierarchical, High-resolution Geography Database (GSHHS) v2.3.4 [Internet]. 2015. Available: https://www.ngdc.noaa.gov/mgg/shorelines/gshhs.html</p>
</blockquote>",,,v3.1,P. Wessel ; W. H. F. Smith,Kathryn R. Kirby ; Russell D. Gray ; Simon J. Greenhill ; Fiona M. Jordan ; Stephanie Gomes-Ng ; Hans-Jörg Bibiko ; Damián E. Blasi ; Carlos A. Botero ; Claire Bowern ; Carol R. Ember ; Dan Leehr ; Bobbi S. Low ; Joe McCarter ; William Divale ; Michael C. Gavin,10.5281/zenodo.13318941,10.5281/zenodo.10182307,10182307,2024-08-14T09:59:52.880145+00:00,2024-08-14T09:59:53.010647+00:00,dplace,lgpl-3.0,https://zenodo.org/records/13318941,13318941,cldf:StructureDataset;linguistics,dataset,https://github.com/D-PLACE/dplace-dataset-gshhs/tree/v3.1
13318912,D-PLACE dataset derived from Jenkins et al. 2013 'Global patterns of terrestrial vertebrate diversity and conservation',"<p>Cite the source of the dataset as:</p>

<blockquote>
<p>Jenkins CN, Pimm SL, Joppa LN. Global patterns of terrestrial vertebrate diversity and conservation. Proc Natl Acad Sci. 2013;110: E2602–E2610.</p>
</blockquote>",,,v3.1,"Jenkins, CN ; SL Pimm ; LN Joppa",Kathryn R. Kirby ; Russell D. Gray ; Simon J. Greenhill ; Fiona M. Jordan ; Stephanie Gomes-Ng ; Hans-Jörg Bibiko ; Damián E. Blasi ; Carlos A. Botero ; Claire Bowern ; Carol R. Ember ; Dan Leehr ; Bobbi S. Low ; Joe McCarter ; William Divale ; Michael C. Gavin,10.5281/zenodo.13318912,10.5281/zenodo.10182355,10182355,2024-08-14T09:56:57.831499+00:00,2024-08-14T09:56:57.986726+00:00,dplace,cc-by-3.0,https://zenodo.org/records/13318912,13318912,cldf:StructureDataset;linguistics,dataset,https://github.com/D-PLACE/dplace-dataset-jenkins/tree/v3.1
13318895,D-PLACE dataset derived from Kreft and Jetz 2007 'Global patterns and determinants of vascular plant diversity',"<p>Cite the source of the dataset as:</p>

<blockquote>
<p>Kreft H, Jetz W. Global patterns and determinants of vascular plant diversity. Proc Natl Acad Sci. 2007;104: 5925–5930.</p>
</blockquote>",,,v3.1,Kreft H. ; Jetz W.,Kathryn R. Kirby ; Russell D. Gray ; Simon J. Greenhill ; Fiona M. Jordan ; Stephanie Gomes-Ng ; Hans-Jörg Bibiko ; Damián E. Blasi ; Carlos A. Botero ; Claire Bowern ; Carol R. Ember ; Dan Leehr ; Bobbi S. Low ; Joe McCarter ; William Divale ; Michael C. Gavin,10.5281/zenodo.13318895,10.5281/zenodo.10182360,10182360,2024-08-14T09:53:54.203349+00:00,2024-08-14T09:53:54.362972+00:00,dplace,cc-by-nc-4.0,https://zenodo.org/records/13318895,13318895,cldf:StructureDataset;linguistics,dataset,https://github.com/D-PLACE/dplace-dataset-kreft/tree/v3.1
13318881,D-PLACE dataset derived from NASA TERRA/MODIS 'Net Primary Productivity',"<p>Cite the source of the dataset as:</p>

<blockquote>
<p>NASA. Net Primary Productivity (1 month - TERRA/MODIS)</p>
</blockquote>",,,v3.1,NASA TERRA/MODIS,Kathryn R. Kirby ; Russell D. Gray ; Simon J. Greenhill ; Fiona M. Jordan ; Stephanie Gomes-Ng ; Hans-Jörg Bibiko ; Damián E. Blasi ; Carlos A. Botero ; Claire Bowern ; Carol R. Ember ; Dan Leehr ; Bobbi S. Low ; Joe McCarter ; William Divale ; Michael C. Gavin,10.5281/zenodo.13318881,10.5281/zenodo.10183956,10183956,2024-08-14T09:50:38.842140+00:00,2024-08-14T09:50:38.969914+00:00,dplace,cc-by-nc-4.0,https://zenodo.org/records/13318881,13318881,cldf:StructureDataset;linguistics,dataset,https://github.com/D-PLACE/dplace-dataset-modis/tree/v3.1
13318864,D-PLACE dataset derived from Murdock and White 1969 'Standard Cross-Cultural Sample',"<p>Cite the source of the dataset as:</p>

<blockquote>
<p>Murdock GP &amp; White DR. 1969. Standard Cross-Cultural Sample. Ethnology. 9:329–369.</p>
</blockquote>",,,v3.1,"Murdock, George P. ; White, Douglas R.",Kathryn R. Kirby ; Russell D. Gray ; Simon J. Greenhill ; Fiona M. Jordan ; Stephanie Gomes-Ng ; Hans-Jörg Bibiko ; Damián E. Blasi ; Carlos A. Botero ; Claire Bowern ; Carol R. Ember ; Dan Leehr ; Bobbi S. Low ; Joe McCarter ; William Divale ; Michael C. Gavin,10.5281/zenodo.13318864,10.5281/zenodo.10201074,10201074,2024-08-14T09:46:57.085462+00:00,2024-08-14T09:46:57.223414+00:00,dplace,cc-by-nc-4.0,https://zenodo.org/records/13318864,13318864,cldf:StructureDataset;linguistics,dataset,https://github.com/D-PLACE/dplace-dataset-sccs/tree/v3.1
13318848,D-PLACE dataset derived from Olson et al. 2001 'Terrestrial Ecoregions of the World',"<p>Cite the source of the dataset as:</p>

<blockquote>
<p>Olson, D. M., Dinerstein, E., Wikramanayake, E. D., Burgess, N. D., Powell, G. V. N., Underwood, E. C., D&#x27;Amico, J. A., Itoua, I., Strand, H. E., Morrison, J. C., Loucks, C. J., Allnutt, T. F., Ricketts, T. H., Kura, Y., Lamoreux, J. F., Wettengel, W. W., Hedao, P., Kassem, K. R. 2001. Terrestrial ecoregions of the world: a new map of life on Earth. Bioscience 51(11):933-938.</p>
</blockquote>",,,v3.1,"Olson, D. M. ; Dinerstein, E. ; Wikramanayake, E. D. ; Burgess, N. D. ; Powell, G. V. N. ; Underwood, E. C. ; D'Amico, J. A. ; Itoua, I. ; Strand, H. E. ; Morrison, J. C. ; Loucks, C. J. ; Allnutt, T. F. ; Ricketts, T. H. ; Kura, Y. ; Lamoreux, J. F. ; Wettengel, W. W. ; Hedao, P. ; Kassem, K. R.",Kathryn R. Kirby ; Russell D. Gray ; Simon J. Greenhill ; Fiona M. Jordan ; Stephanie Gomes-Ng ; Hans-Jörg Bibiko ; Damián E. Blasi ; Carlos A. Botero ; Claire Bowern ; Carol R. Ember ; Dan Leehr ; Bobbi S. Low ; Joe McCarter ; William Divale ; Michael C. Gavin,10.5281/zenodo.13318848,10.5281/zenodo.10201086,10201086,2024-08-14T09:39:13.762199+00:00,2024-08-14T09:39:13.885096+00:00,dplace,cc-by-nc-4.0,https://zenodo.org/records/13318848,13318848,cldf:StructureDataset;linguistics,dataset,https://github.com/D-PLACE/dplace-dataset-teow/tree/v3.1
13318637,D-PLACE dataset derived from Jorgensen 1980 'Western Indians',"<p>Cite the source of the dataset as:</p>

<blockquote>
<p>Jorgensen, JG. 1980. Western Indians: Comparative Environments, Languages, and Cultures of 172 Western American Indian Tribes. San Francisco: W.H. Freeman and Company.</p>
</blockquote>",,,v3.1,"Jorgensen, JG",Kathryn R. Kirby ; Russell D. Gray ; Simon J. Greenhill ; Fiona M. Jordan ; Stephanie Gomes-Ng ; Hans-Jörg Bibiko ; Damián E. Blasi ; Carlos A. Botero ; Claire Bowern ; Carol R. Ember ; Dan Leehr ; Bobbi S. Low ; Joe McCarter ; William Divale ; Michael C. Gavin,10.5281/zenodo.13318637,10.5281/zenodo.10201103,10201103,2024-08-14T08:35:01.617817+00:00,2024-08-14T08:35:01.735612+00:00,dplace,cc-by-nc-4.0,https://zenodo.org/records/13318637,13318637,cldf:StructureDataset;linguistics,dataset,https://github.com/D-PLACE/dplace-dataset-wnai/tree/v3.1
13306849,"CLDF dataset derived from Yang's ""Lalo Regional Varieties"" from 2011","<p>Cite the source of the dataset as:</p>

<blockquote>
<p>Yang, Cathryn (2011): Lalo regional varieties: Phylogeny, dialectometry and sociolinguistics. Bundoora: La Trobe University.</p>
</blockquote>",,,v4.0,Cathryn Yang,Cathryn Yang ; Steve Pepper ; Tiago Tresoldi ; Johann-Mattis List,10.5281/zenodo.13306849,10.5281/zenodo.2634028,2634028,2024-08-12T17:02:18.796404+00:00,2024-08-12T17:02:18.919592+00:00,lexibank,cc-by-4.0,https://zenodo.org/records/13306849,13306849,cldf:Wordlist;linguistics,dataset,https://github.com/lexibank/yanglalo/tree/v4.0
13304824,"CLDF dataset derived from Sūn's ""Tibeto-Burman Phonology and Lexicon"" from 1991","<p>Cite the source of the dataset as:</p>

<blockquote>
<p>Sūn, Hóngkāi 孙宏开 (1991): Zangmianyu yuyin he cihui 藏缅语音和词汇 [Tibeto-Burman phonology and lexicon]. Beijing: Chinese Social Sciences Press.</p>
</blockquote>",,,v4.1,"Sūn, Hóngkāi",Johann-Mattis List ; Tiago Tresoldi ; STEDT,10.5281/zenodo.13304824,10.5281/zenodo.1295556,1295556,2024-08-12T11:58:05.067258+00:00,2024-08-12T11:58:05.238359+00:00,lexibank;eu,cc-by-4.0,https://zenodo.org/records/13304824,13304824,cldf:Wordlist;linguistics,dataset,https://github.com/lexibank/suntb/tree/v4.1
13304640,"CLDF dataset derived from Pharao Hansen's ""Investigation of the Relation between Proto-Náhuatl and Proto-Corachol"" from 2020","<p>Cite the source of the dataset as:</p>

<blockquote>
<p>Pharao Hansen, Magnus (2020): ¿Familia o vecinos? Investigando la relación entre el proto-náhuatl y el proto-corachol [Family or neighbors? Investigating the relation between Proto-Náhuatl and Proto-Corachol]. IN: Lenguas yutoaztecas: historia, estructuras y contacto lingüístico. Homenaje a Karen Dakin. Rosa Yañez (ed.) Guadalajara: Universidad de Guadalajara.</p>
</blockquote>",,,v1.1.1,Magnus Pharao Hansen,Johann-Mattis List,10.5281/zenodo.13304640,10.5281/zenodo.5136881,5136881,2024-08-12T11:39:09.190539+00:00,2024-08-12T11:39:09.270814+00:00,lexibank,cc-by-4.0,https://zenodo.org/records/13304640,13304640,cldf:Wordlist;linguistics,dataset,https://github.com/lexibank/pharaocoracholaztecan/tree/v1.1.1
13304537,"CLDF dataset derived from Heggarty, Paul & Anderson, Cormac & Scarborough, Matthew's ""Indo-European Cognate Relationships database"" ([IE-CoR version 1.0](https://github.com/lexibank/iecor/releases/tag/v1.0)) from 2019","<p>Cite the source of the dataset as:</p>

<blockquote>
<p>Heggarty, Paul &amp; Anderson, Cormac &amp; Scarborough, Matthew 2024. Indo-European Cognate Relationships database (IE-CoR version 1.1). Leipzig: Max Planck Institute for Evolutionary Anthropology</p>
</blockquote>",,,v1.2,Paul Heggarty ; Cormac Anderson ; Matthew Scarborough,Paul Heggarty ; Cormac Anderson ; Matthew Scarborough ; Hans-Jörg Bibiko ; Frederic Blum,10.5281/zenodo.13304537,10.5281/zenodo.8089433,8089433,2024-08-12T11:18:50.365521+00:00,2024-08-12T11:18:50.519736+00:00,lexibank,cc-by-4.0,https://zenodo.org/records/13304537,13304537,cldf:Wordlist;linguistics,dataset,https://github.com/lexibank/iecor/tree/v1.2
13304535,"CLDF dataset derived from Pharao Hansen's ""Investigation of the Relation between Proto-Náhuatl and Proto-Corachol"" from 2020","<p>Cite the source of the dataset as:</p>

<blockquote>
<p>Pharao Hansen, Magnus (2020): ¿Familia o vecinos? Investigando la relación entre el proto-náhuatl y el proto-corachol [Family or neighbors? Investigating the relation between Proto-Náhuatl and Proto-Corachol]. IN: Lenguas yutoaztecas: historia, estructuras y contacto lingüístico. Homenaje a Karen Dakin. Rosa Yañez (ed.) Guadalajara: Universidad de Guadalajara.</p>
</blockquote>",,,v1.1,Magnus Pharao Hansen,Johann-Mattis List,10.5281/zenodo.13304535,10.5281/zenodo.5136881,5136881,2024-08-12T11:18:41.234743+00:00,2024-08-12T11:18:41.435988+00:00,lexibank,cc-by-4.0,https://zenodo.org/records/13304535,13304535,cldf:Wordlist;linguistics,dataset,https://github.com/lexibank/pharaocoracholaztecan/tree/v1.1
13304440,"CLDF dataset derived from Heath et al's ""Dogon Comparative Wordlist"" from 2016","<p>Cite the source of the dataset as:</p>

<blockquote>
<p>Moran, Steven &amp; Forkel, Robert &amp; Heath, Jeffrey (eds.) 2016. Dogon and Bangime Linguistics. Jena: Max Planck Institute for the Science of Human History. (Available online at http://dogonlanguages.info, Accessed on 2024-08-12.)</p>
</blockquote>",,,v0.3,Jeffrey Heath ; Laura McPherson ; Kirill Prokhorov ; Steven Moran,Abbie Hantgan ; Johann-Mattis List ; Promise Dodzi Kpoglu,10.5281/zenodo.13304440,10.5281/zenodo.8238982,8238982,2024-08-12T10:52:21.630875+00:00,2024-08-12T10:52:21.769477+00:00,lexibank,cc-zero,https://zenodo.org/records/13304440,13304440,cldf:Wordlist;linguistics,dataset,https://github.com/languageorphans/heathdogon/tree/v0.3
13304375,"CLDF dataset accompanying Auderset et al.'s ""Subgrouping in a dialect continuum"" from 2023","<p>Cite the source of the dataset as:</p>

<blockquote>
<p>Auderset, Sandra, Simon J. Greenhill, Christian T. DiCanio, Eric W. Campbell. (2023) &quot;Subgrouping in a `dialect continuum&#x27;: A Bayesian phylogenetic analysis of the Mixtecan language family&quot;. Journal of Language Evolution 8 (1). 33–-63. DOI: https://doi.org/10.1093/jole/lzad004.</p>
</blockquote>",,,v0.3,Sandra Auderset ; Simon J. Greenhill,Johann-Mattis List ; Johannes English ; Christoph Rzymski ; Eric W. Campbell ; Christian T. DiCanio ; Simon J. Greenhill,10.5281/zenodo.13304375,10.5281/zenodo.7642970,7642970,2024-08-12T10:24:59.065525+00:00,2024-08-12T10:24:59.286537+00:00,lexibank,cc-by-4.0,https://zenodo.org/records/13304375,13304375,cldf:Wordlist;linguistics,dataset,https://github.com/lexibank/mixtecansubgrouping/tree/v0.3
13304336,"CLDF dataset derived from Greenhill et al.'s ""Austronesian Basic Vocabulary Database"" from 2020 focusing on Philippine languages","<p>Cite the source of the dataset as:</p>

<blockquote>
<p>Greenhill, S.J., Blust. R, &amp; Gray, R.D. (2008). The Austronesian Basic Vocabulary Database: From Bioinformatics to Lexomics. Evolutionary Bioinformatics, 4:271-283.</p>
</blockquote>",,,v1.0,Simon J. Greenhill ; Robert Blust ; Russell D. Gray ; Benedict King ; Lawrence A. Reid ; Malcolm Ross ; Mary Walworth,Simon J. Greenhill ; Johann-Mattis List ; Frederic Blum,10.5281/zenodo.13304336,10.5281/zenodo.13304335,13304335,2024-08-12T10:15:15.622415+00:00,2024-08-12T10:15:15.723831+00:00,lexibank,cc-by-4.0,https://zenodo.org/records/13304336,13304336,cldf:Wordlist;linguistics,dataset,https://github.com/lexibank/abvdphilippines/tree/v1.0
13284157,Mandarin Chinese IDS wordlist by Hsiao-jung Yu and Yifan Wang,"<p>Cite the source of the dataset as:</p>

<blockquote>
<p>Hsiao-jung Yu and Yifan Wang. 2021. Mandarin Chinese dictionary. In: Key, Mary Ritchie &amp; Comrie, Bernard (eds.) The Intercontinental Dictionary Series. Leipzig: Max Planck Institute for Evolutionary Anthropology. (Available online at https://ids.clld.org/)</p>
</blockquote>",,,v2.1,Hsiao-jung Yu ; Yifan Wang,Hans-Jörg Bibiko ; Johann-Mattis List,10.5281/zenodo.13284157,10.5281/zenodo.4570270,4570270,2024-08-09T08:58:57.740743+00:00,2024-08-09T08:58:58.026618+00:00,lexibank,cc-by-4.0,https://zenodo.org/records/13284157,13284157,cldf:Wordlist;linguistics,dataset,https://github.com/intercontinental-dictionary-series/yuchinese/tree/v2.1
13269803,"CLDF dataset derived from Barrientos et al.'s ""NorthPeruLex - A Lexical Dataset of Small Language Families and Isolates from Northern Peru (forthcoming).","<p>Cite the source of the dataset as:</p>

<blockquote>
<p>Barrientos, Carlos and Blum, Frederic and Ingunza, Adriano and Gonzales, Rosa and Peña, Jaime. Forthcoming. NorthPeruLex - A Lexical Dataset of Small Language Families and Isolates from Northern Peru.</p>
</blockquote>",,,v0.1,Carlos Barrientos ; Frederic Blum ; Adriano Ingunza ; Rosa Gonzales ; Jaime Peña,Carlos Barrientos ; Frederic Blum,10.5281/zenodo.13269803,10.5281/zenodo.13269802,13269802,2024-08-08T11:27:06.137286+00:00,2024-08-08T11:27:06.331023+00:00,lexibank,cc-by-4.0,https://zenodo.org/records/13269803,13269803,cldf:Wordlist;linguistics,dataset,https://github.com/lexibank/northernperu/tree/v0.1
13269523,"CLDF dataset derived from Dellert et al.'s ""NorthEuraLex (Version 0.9)"" from 2020","<p>Cite the source of the dataset as:</p>

<blockquote>
<p>Dellert, J., Daneyko, T., Münch, A. et al (2020). NorthEuraLex (Version 0.9). Lang Resources and Evaluation. https://doi.org/10.1007/s10579-019-09480-6</p>
</blockquote>",,,v4.1,Johannes Dellert,Tiago Tresoldi ; Julius Steuer ; Johann-Mattis List ; Robert Forkel ; Johannes Dellert ; Johannes Dellert ; Pavel Sofroniev ; Pavel Sofroniev,10.5281/zenodo.13269523,10.5281/zenodo.1312848,1312848,2024-08-08T10:25:09.488241+00:00,2024-08-08T10:25:09.628680+00:00,lexibank,cc-by-4.0,https://zenodo.org/records/13269523,13269523,cldf:Wordlist;linguistics,dataset,https://github.com/lexibank/northeuralex/tree/v4.1
13269522,"CLDF dataset derived from Nagaraja et al.'s ""A Lexicostatistical Study of the Khasian Languages"" from 2013","<p>Cite the source of the dataset as:</p>

<blockquote>
<p>Nagaraja KS, Sidwell P &amp; Greenhill SJ. 2013. A Lexicostatistical Study of the Khasian Languages: Khasi, Pnar, Lyngngam, and War. Mon-Khmer Studies Journal, 42, 1-11.</p>
</blockquote>",,,v1.1,K. S. Nagaraja ; Paul Sidwell ; Simon J. Greenhill,Simon J. Greenhill ; Johann-Mattis List,10.5281/zenodo.13269522,10.5281/zenodo.5131420,5131420,2024-08-08T10:24:40.088515+00:00,2024-08-08T10:24:40.248803+00:00,lexibank,cc-by-4.0,https://zenodo.org/records/13269522,13269522,cldf:Wordlist;linguistics,dataset,https://github.com/lexibank/nagarajakhasian/tree/v1.1
13269501,"CLDF dataset accompanying Auderset et al.'s ""Subgrouping in a dialect continuum"" from 2023","<p>Cite the source of the dataset as:</p>

<blockquote>
<p>Auderset, Sandra, Simon J. Greenhill, Christian T. DiCanio, Eric W. Campbell. (2023) &quot;Subgrouping in a `dialect continuum&#x27;: A Bayesian phylogenetic analysis of the Mixtecan language family&quot;. Journal of Language Evolution 8 (1). 33–-63. DOI: https://doi.org/10.1093/jole/lzad004.</p>
</blockquote>",,,v0.2,Sandra Auderset ; Simon J. Greenhill,Johann-Mattis List ; Johannes English ; Christoph Rzymski ; Eric W. Campbell ; Christian T. DiCanio ; Simon J. Greenhill,10.5281/zenodo.13269501,10.5281/zenodo.7642970,7642970,2024-08-08T10:20:43.578860+00:00,2024-08-08T10:20:43.751360+00:00,lexibank,cc-by-4.0,https://zenodo.org/records/13269501,13269501,cldf:Wordlist;linguistics,dataset,https://github.com/lexibank/mixtecansubgrouping/tree/v0.2
13269405,"CLDF dataset derived from McElhanon's ""Preliminary Observations on Huon Peninsula Languages"" from 1967","<p>Cite the source of the dataset as:</p>

<blockquote>
<p> McElhanon, K.A. 1967. Preliminary Observations on Huon Peninsula Languages. Oceanic Linguistics. 6, 1-45.</p>
</blockquote>",,,v1.1,Kenneth A. McElhanon,Simon J. Greenhill ; Tiago Tresoldi,10.5281/zenodo.13269405,10.5281/zenodo.5127347,5127347,2024-08-08T10:00:24.499069+00:00,2024-08-08T10:00:24.697979+00:00,lexibank,cc-by-4.0,https://zenodo.org/records/13269405,13269405,cldf:Wordlist;linguistics,dataset,https://github.com/lexibank/mcelhanonhuon/tree/v1.1
13269392,"CLDF dataset derived from Hsiu's ""Classification of Na-Meo"" from 2015","<p>Cite the source of the dataset as:</p>

<blockquote>
<p>Hsiu, Andrew (2015): The classification of Na Meo, a Hmong-Mien language of Vietnam. Handout prepared for SEALS 25 (Chiang Mai, 2015/05/27-29).</p>
</blockquote>",,,v1.1,"Hsiuh, Andrew","Johann-Mattis List ; Mei-Shin Wu ; Hsiuh, Andrew",10.5281/zenodo.13269392,10.5281/zenodo.5126450,5126450,2024-08-08T09:55:11.961418+00:00,2024-08-08T09:55:12.062663+00:00,lexibank,cc-by-4.0,https://zenodo.org/records/13269392,13269392,cldf:Wordlist;linguistics,dataset,https://github.com/lexibank/hsiuhmongmien/tree/v1.1
13254739,Ende (Papua New Guinea) IDS wordlist by Kate Lynn Lindsey,"<p>Cite the source of the dataset as:</p>

<blockquote>
<p>Kate Lynn Lindsey. 2020. Ende (Papua New Guinea) dictionary. In: Key, Mary Ritchie &amp; Comrie, Bernard (eds.) The Intercontinental Dictionary Series. Leipzig: Max Planck Institute for Evolutionary Anthropology. (Available online at https://ids.clld.org/)</p>
</blockquote>",,,v2.2,Kate Lynn Lindsey,Hans-Jörg Bibiko ; Frederic Blum,10.5281/zenodo.13254739,10.5281/zenodo.4280602,4280602,2024-08-07T11:22:32.968472+00:00,2024-08-07T11:22:33.129421+00:00,lexibank,cc-by-4.0,https://zenodo.org/records/13254739,13254739,cldf:Wordlist;linguistics,dataset,https://github.com/intercontinental-dictionary-series/lindseyende/tree/v2.2
13254735,"CLDF dataset derived from Gao's ""Tibeto-Burman languages in China"" from 2020","<p>Cite the source of the dataset as:</p>

<blockquote>
<p>Gao, Tianjun (2020): Reconstruction and analysis of phylogenetic network on Tibeto-Burman languages in China. Journal of Chinese Linguistics, 48:1, 257-293.</p>
</blockquote>",,,v1.1,Tianjun Gao,Tianjun Gao ; Johann-Mattis List ; Moritz Toppmöller ; Jost Markus ; Vanessa Schmidt ; Iryna Fandraliuk,10.5281/zenodo.13254735,10.5281/zenodo.5121775,5121775,2024-08-07T11:22:28.859907+00:00,2024-08-07T11:22:29.055604+00:00,lexibank,cc-by-4.0,https://zenodo.org/records/13254735,13254735,cldf:Wordlist;linguistics,dataset,https://github.com/digling/gaotb/tree/v1.1
13254732,"CLDF dataset derived from Hóu's ""Phonological Database of Chinese Dialects"" from 2004","<p>Cite the source of the dataset as:</p>

<blockquote>
<p>Hóu, J. (2004): Xiàndài Hànyǔ fāngyán yīnkù 现代汉语方言音库 [Phonological database of Chinese dialects]. Shànghǎi: Shànghǎi Jiàoyù.</p>
</blockquote>",,,v1.1,"Hóu, Jīngyī",Johann-Mattis List,10.5281/zenodo.13254732,10.5281/zenodo.5126857,5126857,2024-08-07T11:22:27.596883+00:00,2024-08-07T11:22:27.793225+00:00,lexibank,cc-by-4.0,https://zenodo.org/records/13254732,13254732,cldf:Wordlist;linguistics,dataset,https://github.com/SequenceComparison/houchinese/tree/v1.1
13254728,"CLDF dataset derived from Luangthongkum's ""Proto-Karen Phonology and Lexicon"" from 2019","<p>Cite the source of the dataset as:</p>

<blockquote>
<p>Luangthongkum, Theraphan (2019). A View on Proto-Karen Phonology and Lexicon, Journal of Southest Asian Linguistics Society, 12.1, i-lii. doi: http://hdl.handle.net/10524/52441</p>
</blockquote>",,,v1.1,"Luangthongkum, Theraphan",Johann-Mattis List,10.5281/zenodo.13254728,10.5281/zenodo.6538459,6538459,2024-08-07T11:22:24.893179+00:00,2024-08-07T11:22:25.115111+00:00,lexibank,cc-by-nc-nd-4.0,https://zenodo.org/records/13254728,13254728,cldf:Wordlist;linguistics,dataset,https://github.com/lexibank/luangthongkumkaren/tree/v1.1
13254682,"CLDF dataset derived from Liú et al.'s ""Collection of Basic Words in Chinese Dialects"" from 2007","<p>Cite the source of the dataset as:</p>

<blockquote>
<p>Líu, L.; Wáng, H.; Bǎi, Y. (2007): Xiàndài Hànyǔ fāngyán héxīncí, tèzhēng cíjí 现代汉语方言核心词·特征词集 [Collection of basic vocabulary words and characteristic dialect words in modern Chinese dialects]. Nánjīng: Fènghuáng.</p>
</blockquote>",,,v1.4,Liú Lìlǐ ; Wáng Hóngzhōng ; Bǎi Yíng,Liú Lìlǐ ; Liú Lìlǐ ; Wáng Hóngzhōng ; Wáng Hóngzhōng ; Bǎi Yíng ; Bǎi Yíng ; Johann-Mattis List,10.5281/zenodo.13254682,10.5281/zenodo.5131412,5131412,2024-08-07T11:12:46.526265+00:00,2024-08-07T11:12:46.729125+00:00,lexibank,cc-by-4.0,https://zenodo.org/records/13254682,13254682,cldf:Wordlist;linguistics,dataset,https://github.com/lexibank/liusinitic/tree/v1.4
13254649,"CLDF dataset derived from Lee's ""Sketch of Language History in the Korean Peninsula"" from 2015","<p>Cite the source of the dataset as:</p>

<blockquote>
<p>Lee, Sean (2015). A Sketch of Language History in the Korean Peninsula. PLoS ONE 10(5): e0128448. doi:10.1371/journal.pone.0128448</p>
</blockquote>",,,v1.1,Sean Lee,Simon J. Greenhill ; Tiago Tresoldi ; Christoph Rzymski,10.5281/zenodo.13254649,10.5281/zenodo.5126903,5126903,2024-08-07T11:08:49.483342+00:00,2024-08-07T11:08:49.634344+00:00,lexibank,cc-by-4.0,https://zenodo.org/records/13254649,13254649,cldf:Wordlist;linguistics,dataset,https://github.com/lexibank/leekoreanic/tree/v1.1
13254646,"CLDF dataset derived from Lee and Hasegawa's ""Bayesian phylogenetic analysis supports an agricultural origin of Japonic languages"" from 2011","<p>Cite the source of the dataset as:</p>

<blockquote>
<p>Lee, Sean and Hasegawa, Toshikazu (2011). Bayesian phylogenetic analysis supports an agricultural origin of Japonic languages. Proceedings of the Royal Society B: Biological Sciences, 278(1725), 3662–3669. doi:10.1098/rspb.2011.0518.</p>
</blockquote>",,,v1.1,Sean Lee ; Toshikazu Hasegawa,Christoph Rzymski,10.5281/zenodo.13254646,10.5281/zenodo.5126800,5126800,2024-08-07T11:07:04.083237+00:00,2024-08-07T11:07:04.238758+00:00,lexibank,cc-by-4.0,https://zenodo.org/records/13254646,13254646,cldf:Wordlist;linguistics,dataset,https://github.com/lexibank/leejaponic/tree/v1.1
13254613,"CLDF dataset derived from Kraft's ""Chadic Wordlists"" from 1981","<p>Cite the source of the dataset as:</p>

<blockquote>
<p>Kraft, Charles H. 1981. Chadic wordlists. Berlin: Dietrich Reimer.</p>
</blockquote>",,,v4.0.2,"Kraft, Charles H.",Tiago Tresoldi ; Johann-Mattis List ; Michael Cysouw ; Peter Bouda,10.5281/zenodo.13254613,10.5281/zenodo.1312959,1312959,2024-08-07T11:02:47.953996+00:00,2024-08-07T11:02:48.066697+00:00,lexibank,cc-by-4.0,https://zenodo.org/records/13254613,13254613,cldf:Wordlist;linguistics,dataset,https://github.com/lexibank/kraftchadic/tree/v4.0.2
13254603,"CLDF dataset derived from Kleinewillinghöfer's ""Bikwin-Jen Comparative Wordlist"" from 2015","<p>Cite the source of the dataset as:</p>

<blockquote>
<p>Kleinewillinghöfer, Ulrich (2015). Bikwin-Jen Group. https://www.blogs.uni-mainz.de/fb07-adamawa/adamawa-languages/bikwin-jen-group/. Accessed on: 2020-04-15.</p>
</blockquote>",,,v1.1,Ulrich Kleinewillinghöfer,Ulrich Kleinewillinghöfer ; Kristina-Pianykh ; Christoph Rzymski,10.5281/zenodo.13254603,10.5281/zenodo.5127403,5127403,2024-08-07T11:00:16.242607+00:00,2024-08-07T11:00:16.419273+00:00,lexibank,cc-by-4.0,https://zenodo.org/records/13254603,13254603,cldf:Wordlist;linguistics,dataset,https://github.com/lexibank/kleinewillinghoeferbikwinjen/tree/v1.1
13254582,"CLDF dataset derived from Joo's ""Phonosemantic Biases"" from 2020","<p>Cite the source of the dataset as:</p>

<blockquote>
<p>Joo, I. (2020). Phonosemantic biases found in Leipzig-Jakarta lists of 66 languages. Linguistic Typology, 24(1), 1–12. https://doi.org/10.1515/lingty-2019-0030</p>
</blockquote>",,,v1.2,Ian Joo,Johann-Mattis List ; Christoph Rzymski,10.5281/zenodo.13254582,10.5281/zenodo.5127275,5127275,2024-08-07T10:58:26.188503+00:00,2024-08-07T10:58:26.353670+00:00,lexibank,cc-by-4.0,https://zenodo.org/records/13254582,13254582,cldf:Wordlist;linguistics,dataset,https://github.com/lexibank/joophonosemantic/tree/v1.2
13254545,"CLDF dataset derived from the Johansson et al.'s ""The typology of sound symbolism"" from 2020","<p>Cite the source of the dataset as:</p>

<blockquote>
<p>Erben Johansson, N., Anikin, A., Carling, G., &amp; Holmer, A. (2020). The typology of sound symbolism: Defining macro-concepts via their semantic and phonetic features, Linguistic Typology , 24(2), 253-310. doi: https://doi.org/10.1515/lingty-2020-2034</p>
</blockquote>",,,v1.1,Niklas Erben Johansson,Sacha Beniamine ; Kristina Pianykh ; Johann-Mattis List,10.5281/zenodo.13254545,10.5281/zenodo.5127130,5127130,2024-08-07T10:46:55.844354+00:00,2024-08-07T10:46:56.027688+00:00,lexibank,cc-by-4.0,https://zenodo.org/records/13254545,13254545,cldf:Wordlist;linguistics,dataset,https://github.com/lexibank/johanssonsoundsymbolic/tree/v1.1
13254493,"CLDF dataset derived from Huber and Reed's ""Comparative Vocabulary"" from 1992","<p>Cite the source of the dataset as:</p>

<blockquote>
<p>Huber, R. Q. and Reed, R. B. 1992. Vocabulario comparativo: palabras selectas de lenguas indígenas de Colombia [Comparative vocabulary. Selected words from the indigenous languages of Columbia]. Santa Fé de Bogota: Asociación Instituto Lingüístico de Verano.</p>
</blockquote>",,,v4.0.2,"Huber, R. Q. ; Reed, R. B.",Johann-Mattis List ; Jelena Prokić ; Michael Cysouw ; Peter Bouda,10.5281/zenodo.13254493,10.5281/zenodo.1295571,1295571,2024-08-07T10:36:27.610137+00:00,2024-08-07T10:36:27.753444+00:00,lexibank;eu,cc-by-4.0,https://zenodo.org/records/13254493,13254493,cldf:Wordlist;linguistics,dataset,https://github.com/lexibank/hubercolumbian/tree/v4.0.2
13254433,"CLDF dataset derived from Ivani's ""Basic Words in Suansu"" from 2019","<p>Cite the source of the dataset as:</p>

<blockquote>
<p>Ivani, J. K. (2019): A first overview on Suansu, a Tibeto-Burman language from Northeastern India. Talk, held at the 29th conference of the Southeast Asian Linguistic Society (27-29 May, Tokyo). https://zenodo.org/record/3383006</p>
</blockquote>",,,v2.0,Jessica Katiuscia Ivani,Johann-Mattis List,10.5281/zenodo.13254433,10.5281/zenodo.5126965,5126965,2024-08-07T10:21:23.350381+00:00,2024-08-07T10:21:23.481394+00:00,lexibank,cc-by-4.0,https://zenodo.org/records/13254433,13254433,cldf:Wordlist;linguistics,dataset,https://github.com/lexibank/ivanisuansu/tree/v2.0
13254197,"CLDF dataset derived from Bowern et al.'s ""Hunter - Gatherer Language Database"" from 2021","<p>Cite the source of the dataset as:</p>

<blockquote>
<p>Bowern, Claire, Patience Epps, Jane Hill, and Patrick McConvell. Hunter - Gatherer Language Database. https://huntergatherer.la.utexas.edu/ Accessed 2021-04-27.</p>
</blockquote>",,,v2.0,Claire Bowern ; Patience Epps ; Jane Hill ; Patrick McConvell,Robert Forkel ; Christoph Rzymski ; Johann-Mattis List ; Carlos Barrientos,10.5281/zenodo.13254197,10.5281/zenodo.5126740,5126740,2024-08-07T09:31:45.364312+00:00,2024-08-07T09:31:45.478597+00:00,lexibank,cc-by-4.0,https://zenodo.org/records/13254197,13254197,cldf:Wordlist;linguistics,dataset,https://github.com/lexibank/huntergatherer/tree/v2.0
13254095,"CLDF dataset derived from Gravinas's ""Proto-Central Chadic"" from 2014","<p>Cite the source of the dataset as:</p>

<blockquote>
<p>Gravina, R. (2014): The phonology of Proto-Central Chadic. The reconstruction of the phonology and lexicon of Proto-Central Chadic, and the linguistic history of the Central Chadic Languages. PhD thesis. Leiden University.</p>
</blockquote>",,,v1.0,Richard Gravina,Roger Blench ; Johann-Mattis List ; Carlos Barrientos Ugarte,10.5281/zenodo.13254095,10.5281/zenodo.13254094,13254094,2024-08-07T09:16:41.750761+00:00,2024-08-07T09:16:41.992879+00:00,lexibank,cc-by-4.0,https://zenodo.org/records/13254095,13254095,cldf:Wordlist;linguistics,dataset,https://github.com/lexibank/gravinachadic/tree/v1.0
13253797,"CLDF dataset derived from Galucio et al.'s ""Lexical Distances within the Tupian Linguistic family"" from 2015","<p>Cite the source of the dataset as:</p>

<blockquote>
<p>Galucio, Ana Vilacy and Meira, Sérgio and Birchall, Joshua and Moore, Denny and Gabas Júnior, Nilson and Drude, Sebastian and Storto, Luciana and Picanço, Gessiane and Rodrigues, Carmen Reis. (2015). Genealogical relations and lexical distances within the Tupian linguistic family. Boletim do Museu Paraense Emílio Goeldi. Ciências Humanas, 10(2), 229-274. https://dx.doi.org/10.1590/1981-81222015000200004</p>
</blockquote>",,,v1.1,"Galucio, Ana Vilacy ; Meira, Sérgio ; Birchall, Joshua ; Moore, Denny ; Gabas Júnior, Nilson ; Drude, Sebastian ; Storto, Luciana ; Picanço, Gessiane ; Rodrigues, Carmen Reis","Simon J. Greenhill ; Galucio, Ana Vilacy ; Meira, Sérgio ; Birchall, Joshua ; Moore, Denny ; Gabas Júnior, Nilson ; Drude, Sebastian ; Storto, Luciana ; Picanço, Gessiane ; Rodrigues, Carmen Reis",10.5281/zenodo.13253797,10.5281/zenodo.5121723,5121723,2024-08-07T08:19:26.791014+00:00,2024-08-07T08:19:26.898254+00:00,lexibank,cc-by-4.0,https://zenodo.org/records/13253797,13253797,cldf:Wordlist;linguistics,dataset,https://github.com/lexibank/galuciotupi/tree/v1.1
13253766,"CLDF dataset derived from Feleke's ""Ethiosemitic Languages"" from 2021","<p>Cite the source of the dataset as:</p>

<blockquote>
<p>Feleke, Tekabe Legesse (2021): Ethiosemitic languages: classifications and classification determinants. Ampersand. 2021. DOI: 10.1016/j.amper.2021.100074.</p>
</blockquote>",,,v1.1,Tekabe Legesse Feleke,Johann-Mattis List,10.5281/zenodo.13253766,10.5281/zenodo.5126690,5126690,2024-08-07T08:11:37.596233+00:00,2024-08-07T08:11:37.733432+00:00,lexibank,cc-by-4.0,https://zenodo.org/records/13253766,13253766,cldf:Wordlist;linguistics,dataset,https://github.com/lexibank/felekesemitic/tree/v1.1
13253724,"CLDF dataset derived from Duong et al.'s ""Language of the La Chí People"" from 2020","<p>Cite the source of the dataset as:</p>

<blockquote>
<p>Duong, Thu Hang and Nguyen, Thu Quynh and Nguyen, Van Loi (2021): The Language of the La Chí People in Bản Díu Commune, Xín Mần District, Hà Giang Province, Vietnam. In: Studies in the Anthropology of Language in Mainland Southeast Asia. Ed. by N. J. Enfield, Jack Sidnell, and Charles H. P. Zuckermann. University of Hawaii Press: Honolulu. 124-138</p>
</blockquote>",,,v1.1,"Duong, Thu Hang ; Nguyen, Thu Quynh ; Nguyen, Van Loi",Johann-Mattis List ; Kristina Pianykh,10.5281/zenodo.13253724,10.5281/zenodo.5121662,5121662,2024-08-07T08:03:05.075715+00:00,2024-08-07T08:03:05.176012+00:00,lexibank,cc-by-4.0,https://zenodo.org/records/13253724,13253724,cldf:Wordlist;linguistics,dataset,https://github.com/lexibank/duonglachi/tree/v1.1
13253605,"CLDF dataset derived from Lee and Hasegawa's ""Evolution of the Ainu Language in Space and Time"" from 2013","<p>Cite the source of the dataset as:</p>

<blockquote>
<p>Lee Sean, Hasegawa Toshikazu (2013). Evolution of the Ainu Language in Space and Time. PLOS ONE 8(4): e62243. https://doi.org/10.1371/journal.pone.0062243</p>
</blockquote>",,,v1.1,"Lee, Sean ; Hasegawa, Toshikazu",Christoph Rzymski,10.5281/zenodo.13253605,10.5281/zenodo.5126889,5126889,2024-08-07T07:47:46.049888+00:00,2024-08-07T07:47:46.271348+00:00,lexibank,cc-by-4.0,https://zenodo.org/records/13253605,13253605,cldf:Wordlist;linguistics,dataset,https://github.com/lexibank/leeainu/tree/v1.1
13253594,"CLDF dataset derived from Lee's ""Phonological Features of Caijia"" from 2022","<p>Cite the source of the dataset as:</p>

<blockquote>
<p>Lee, Man Hei (2022): Phonological features of Caijia that are notable from a diachronic perspective. Journal of Historical Linguistics. DOI: https://doi.org/10.1075/jhl.21025.lee</p>
</blockquote>",,,v1.0,Uday Raj Aaley ; Timotheus A. Bodt,Uday Raj Aaley ; Uday Raj Aaley ; Timotheus A. Bodt ; Timotheus A. Bodt ; Mei-Shin Wu ; Johann-Mattis List,10.5281/zenodo.13253594,10.5281/zenodo.13253593,13253593,2024-08-07T07:45:20.116682+00:00,2024-08-07T07:45:20.236215+00:00,lexibank,cc-by-4.0,https://zenodo.org/records/13253594,13253594,cldf:Wordlist;linguistics,dataset,https://github.com/lexibank/leecaijia/tree/v1.0
13235510,"CLDF dataset derived from Marrison's ""Naga Languages of North-East India"" from 1967","<p>Cite the source of the dataset as:</p>

<blockquote>
<p>Marrison, Geoffrey Edward (1967) : The classification of the Naga languages of North-East India. London: School of African and Oriental Sciences.</p>
</blockquote>",,,v3.1,Geoffrey E. Marrison,Johann-Mattis List ; Mei-Shin Wu ; Tiago Tresoldi ; STEDT,10.5281/zenodo.13235510,10.5281/zenodo.2634315,2634315,2024-08-06T10:37:03.284804+00:00,2024-08-06T10:37:03.491197+00:00,lexibank,cc-by-4.0,https://zenodo.org/records/13235510,13235510,cldf:Wordlist;linguistics,dataset,https://github.com/lexibank/marrisonnaga/tree/v3.1
13235497,"CLDF dataset derived from Mann's ""Phonological Reconstruction of Proto Northern Burmic"" from 1998","<p>Cite the source of the dataset as:</p>

<blockquote>
<p>Mann, Noel W. 1998. A phonological reconstruction of Proto Northern Burmic. (PhD Thesis).</p>
</blockquote>",,,v1.3,Noel Walter Mann,Johann-Mattis List ; Nathan W. Hill ; Noel Walter Mann,10.5281/zenodo.13235497,10.5281/zenodo.5131418,5131418,2024-08-06T10:35:20.468953+00:00,2024-08-06T10:35:20.599819+00:00,lexibank,cc-by-4.0,https://zenodo.org/records/13235497,13235497,cldf:Wordlist;linguistics,dataset,https://github.com/lexibank/mannburmish/tree/v1.3
13235478,"CLDF dataset derived from Mitterhofer's ""Dialect Survey of Bena"" from 2013","<p>Cite the source of the dataset as:</p>

<blockquote>
<p>Mitterhofer, Bernadette. 2013. Lessons from a dialect survey of Bena: Analyzing wordlists. SIL International.</p>
</blockquote>",,,v3.1,Bernadette Mitterhofer,Tiago Tresoldi ; Johann-Mattis List ; Christoph Rzymski ; Jonathan Roper ; Mariann Proos,10.5281/zenodo.13235478,10.5281/zenodo.2633979,2633979,2024-08-06T10:32:13.582565+00:00,2024-08-06T10:32:13.711536+00:00,lexibank,cc-by-4.0,https://zenodo.org/records/13235478,13235478,cldf:Wordlist;linguistics,dataset,https://github.com/lexibank/mitterhoferbena/tree/v3.1
13235052,"CLDF dataset derived from Koch-Grünberg's ""Betóya-Sprachen"" from 1914","<p>Cite the source of the dataset as:</p>

<blockquote>
<p>Koch-Grünberg, T. (1914). Betóya-Sprachen Nordwestbrasiliens und der angrenzenden Gebiete (fortsetzung). Anthropos, 9(5/6), 812–832. http://www.jstor.org/stable/40443137</p>
</blockquote>",,,v1.0,"Koch-Grünberg, T.",Thiago Chacón ; Mateus Motta ; Johann-Mattis List,10.5281/zenodo.13235052,10.5281/zenodo.13235051,13235051,2024-08-06T08:44:02.822493+00:00,2024-08-06T08:44:03.033864+00:00,lexibank,cc-by-4.0,https://zenodo.org/records/13235052,13235052,cldf:Wordlist;linguistics,dataset,https://github.com/lexibank/kochtukanoan/tree/v1.0
13235043,"CLDF Dataset derived from Kessler's ""Significance of Wordlists"" from 2001","<p>Cite the source of the dataset as:</p>

<blockquote>
<p>Kessler, B. (2001): The Significance of Wordlists. CSLI: Stanford.</p>
</blockquote>",,,v1.1,"Kessler, B.",Johann-Mattis List,10.5281/zenodo.13235043,10.5281/zenodo.5127774,5127774,2024-08-06T08:42:06.341855+00:00,2024-08-06T08:42:06.524765+00:00,lexibank,cc-by-4.0,https://zenodo.org/records/13235043,13235043,cldf:Wordlist;linguistics,dataset,https://github.com/SequenceComparison/kesslersignificance/tree/v1.1
13234494,"CLDF dataset accompanying List's ""Inference of Partial Colexifications"" from 2023 building on Key and Comrie's ""Intercontinental Dictionary Series"" from 2021","<p>Cite the source of the dataset as:</p>

<blockquote>
<p>List, J.-M. (2023): Inference of partial colexifications from multilingual wordlists. Frontiers in Psychology 14.1156540. 1-10.</p>
</blockquote>",,,v1.1,"Key, M. R ; Comrie, B.","Johann-Mattis List ; Key, M. R ; Comrie, B.",10.5281/zenodo.13234494,10.5281/zenodo.10404394,10404394,2024-08-06T07:24:00.304528+00:00,2024-08-06T07:24:00.506469+00:00,lexibank,cc-by-4.0,https://zenodo.org/records/13234494,13234494,cldf:Wordlist;linguistics,dataset,https://github.com/intercontinental-dictionary-series/idssegmented/tree/v1.1
13234493,"CLDF dataset on Panoan Languages in Standardized Transcription derived from Key and Comrie's ""Intercontinental Dictionary Series"" from 2023","<p>Cite the source of the dataset as:</p>

<blockquote>
<p>Miller, J. and List, J.-M. (2024): Providing standardized phonetic transcriptions for the Panoan languages in the Intercontinental Dictionary Series. Computer-Assisted Language Comparison in Practice 7.2. URL: https://calc.hypotheses.org/7503.</p>
</blockquote>",,,v0.1,Mary Ritchie Key ; Bernard Comrie,John Miller ; Johann-Mattis List,10.5281/zenodo.13234493,10.5281/zenodo.13234492,13234492,2024-08-06T07:23:54.348515+00:00,2024-08-06T07:23:54.514210+00:00,lexibank,cc-by-4.0,https://zenodo.org/records/13234493,13234493,cldf:Wordlist;linguistics,dataset,https://github.com/intercontinental-dictionary-series/keypano/tree/v0.1
13221020,"CLDF dataset derived from Koelle's ""Polyglotta Africana"" from 1854","<p>Cite the source of the dataset as:</p>

<blockquote>
<p>Koelle, Sigismund W. (1854). Polyglotta Africana or Comparative Vocabulary of Nearly Three Hundred Words and Phrases in more than One Hundred Distinct African Languages. London: Church Missionary House.</p>
</blockquote>",,,v2.1,Sigismund Koelle,Guillaume Segerer ; Guillaume Segerer ; Robert Forkel ; Johann-Mattis List ; Tiago Tresoldi,10.5281/zenodo.13221020,10.5281/zenodo.5136889,5136889,2024-08-05T11:00:29.199956+00:00,2024-08-05T11:00:29.313526+00:00,lexibank,cc-by-4.0,https://zenodo.org/records/13221020,13221020,cldf:Wordlist;linguistics,dataset,https://github.com/lexibank/polyglottaafricana/tree/v2.1
13220897,"CLDF Dataset derived from Zhivlov's ""Annotated Swadesh wordlists for the Ob-Ugrian group"" from 2011","<p>Cite the source of the dataset as:</p>

<blockquote>
<p>Zhivlov, M. (2011): Annotated Swadesh wordlists for the Ob-Ugrian group (Uralic family). The Global Lexicostatistical Database. Moscow: RGGU.</p>
</blockquote>",,,v1.1,"Zhivlov, M.",Johann-Mattis List,10.5281/zenodo.13220897,10.5281/zenodo.5137438,5137438,2024-08-05T10:35:18.360720+00:00,2024-08-05T10:35:18.568845+00:00,lexibank,cc-by-4.0,https://zenodo.org/records/13220897,13220897,cldf:Wordlist;linguistics,dataset,https://github.com/SequenceComparison/zhivlovobugrian/tree/v1.1
13220883,"CLDF dataset accompanying Yang's ""Phonetic Tone Change"" from 2022","<p>Cite the source of the dataset as:</p>

<blockquote>
<p>Yang, Cathryn (2022): The phonetic tone change *high &gt; rising: Evidence from the Ngwi dialect laboratory. Diachronica. DOI: https://doi.org/10.1075/dia.19062.yan</p>
</blockquote>",,,v1.3,Cathryn Yang,Cathryn Yang ; Johann-Mattis List,10.5281/zenodo.13220883,10.5281/zenodo.5136923,5136923,2024-08-05T10:32:39.424495+00:00,2024-08-05T10:32:39.608061+00:00,lexibank;diachronica,cc-by-4.0,https://zenodo.org/records/13220883,13220883,cldf:Wordlist;linguistics,dataset,https://github.com/lexibank/yangyi/tree/v1.3
13220870,Kalamang IDS wordlist by Eline Visser,"<p>Cite the source of the dataset as:</p>

<blockquote>
<p>Eline Visser. 2021. Kalamang dictionary. In: Key, Mary Ritchie &amp; Comrie, Bernard (eds.) The Intercontinental Dictionary Series. Leipzig: Max Planck Institute for Evolutionary Anthropology. (Available online at https://ids.clld.org/)</p>
</blockquote>",,,v2.2,Eline Visser,Hans-Jörg Bibiko ; Johann-Mattis List,10.5281/zenodo.13220870,10.5281/zenodo.4518506,4518506,2024-08-05T10:29:46.249867+00:00,2024-08-05T10:29:46.455383+00:00,lexibank,cc-by-4.0,https://zenodo.org/records/13220870,13220870,cldf:Wordlist;linguistics,dataset,https://github.com/intercontinental-dictionary-series/visserkalamang/tree/v2.2
13220621,"CLDF dataset derived from Nagano and Prins' ""rGyalrongic Languages Database"" from 2013","<p>Cite the source of the dataset as:</p>

<blockquote>
<p>Nagano, Yasuhiko and Prins, Marielle (2013): rGyalrongic Languages Database. Osaka: National Museum of Ethnology.</p>
</blockquote>",,,v3.1,Yasuhiko Nagano ; Marielle Prins,Tiago Tresoldi ; Johann-Mattis List ; STEDT,10.5281/zenodo.13220621,10.5281/zenodo.2634450,2634450,2024-08-05T09:27:26.127175+00:00,2024-08-05T09:27:26.287339+00:00,lexibank;eu,cc-by-4.0,https://zenodo.org/records/13220621,13220621,cldf:Wordlist;linguistics,dataset,https://github.com/lexibank/naganorgyalrongic/tree/v3.1
13218906,"CLDF dataset derived from Walworth's ""Polynesian Segmented Data"" from 2018","<p>Cite the source of the dataset as:</p>

<blockquote>
<p>Walworth, Mary. (2018). Polynesian Segmented Data (Version 1) [Data set]. Zenodo. http://doi.org/10.5281/zenodo.1689909</p>
</blockquote>",,,v1.1,Mary Walworth,Mary Walworth ; Mary Walworth ; Nathanael E. Schweikhard ; Johann-Mattis List,10.5281/zenodo.13218906,10.5281/zenodo.5126931,5126931,2024-08-05T05:51:52.130618+00:00,2024-08-05T05:51:52.287716+00:00,lexibank,cc-by-4.0,https://zenodo.org/records/13218906,13218906,cldf:Wordlist;linguistics,dataset,https://github.com/lexibank/walworthpolynesian/tree/v1.1
13170587,"CLDF dataset derived from Walker and Ribeiro's ""Bayesian Phylogeography of the Arawak expansion"" from 2011","<p>Cite the source of the dataset as:</p>

<blockquote>
<p>Robert S. Walker and Lincoln A. Ribeiro. 2011. Bayesian phylogeography of the Arawak expansion in lowland South America. *Proceedings of the Royal Society B: Biological Sciences*. Volume 278, Number 1718, 2562--2567. DOI: 10.1098/rspb.2010.2579</p>
</blockquote>",,,v1.1,Robert S. Walker ; Lincoln A. Ribeiro,Christoph Rzymski ; Johann-Mattis List ; Tiago Tresoldi ; Natalia Morozova,10.5281/zenodo.13170587,10.5281/zenodo.8177535,8177535,2024-08-02T13:53:22.023621+00:00,2024-08-02T13:53:22.150630+00:00,lexibank,cc-by-4.0,https://zenodo.org/records/13170587,13170587,cldf:Wordlist;linguistics,dataset,https://github.com/lexibank/walkerarawakan/tree/v1.1
13170025,"CLDF dataset derived from Wheeler and Whiteley's ""Evolution of Uto-Aztecan Languages"" from 2014","<p>Cite the source of the dataset as:</p>

<blockquote>
<p>Wheeler, W. C., &amp; Whiteley, P. M. (2014). Historical linguistics as a sequence optimization problem: the evolution and biogeography of Uto-Aztecan languages. Cladistics, 31(2), 113–125. doi:10.1111/cla.12078</p>
</blockquote>",,,v1.1,"Wheeler, W. ; Whiteley, P.",Johann-Mattis List ; Tiago Tresoldi ; Simon J. Greenhill,10.5281/zenodo.13170025,10.5281/zenodo.8177853,8177853,2024-08-02T13:14:34.522140+00:00,2024-08-02T13:14:34.706350+00:00,lexibank,cc-by-nc-4.0,https://zenodo.org/records/13170025,13170025,cldf:Wordlist;linguistics,dataset,https://github.com/lexibank/wheelerutoaztecan/tree/v1.1
13169680,"CLDF dataset derived from Lai and List's ""Comparison of Rgyalrongic Languages"" from 2023","<p>Cite the source of the dataset as:</p>

<blockquote>
<p>Lai, Yunfan and List, Johann-Mattis (2023): Lexical Data for the Historical Comparison of Rgyalrongic Languages [Dataset, Version 1.0]. Leipzig: Max Planck Institute for Evolutionary Anthropology.</p>
</blockquote>",,,v0.3,Yunfan Lai ; Johann-Mattis List,Johann-Mattis List,10.5281/zenodo.13169680,10.5281/zenodo.7866795,7866795,2024-08-02T12:49:57.799445+00:00,2024-08-02T12:49:57.890097+00:00,lexibank;eu,cc-by-4.0,https://zenodo.org/records/13169680,13169680,cldf:Wordlist;linguistics,dataset,https://github.com/lexibank/lairgyalrong/tree/v0.3
13169526,"CLDF dataset derived from Lama's ""Subgrouping of Nisoic (Yi) Languages"" from 2012","<p>Cite the source of the dataset as:</p>

<blockquote>
<p>Lama, Ziwo Q.-F. (2012). Subgrouping of Nisoic (Yi) Languages: A Study from the Perspectives of Shared Innovation and Phylogenetic Estimation. Ph.D. Thesis. The University of Texas at Arlington.</p>
</blockquote>",,,v1.1,"Lama, Ziwo Q.-F.",Nathan W. Hill ; Johann-Mattis List,10.5281/zenodo.13169526,10.5281/zenodo.10404243,10404243,2024-08-02T12:40:47.126915+00:00,2024-08-02T12:40:47.259488+00:00,lexibank,cc-by-4.0,https://zenodo.org/records/13169526,13169526,cldf:Wordlist;linguistics,dataset,https://github.com/lexibank/lamanisoic/tree/v1.1
13169462,"CLDF Dataset derived from Hattori's ""Japanese Dialects"" from 1973","<p>Cite the source of the dataset as:</p>

<blockquote>
<p>Hattori, S. (1973): Japanese dialects. In: Diachronic, areal and typological linguistics. Edited by H. M. Hoenigswald and R. H. Langacre. 368-400.</p>
</blockquote>",,,v1.1,Shirō Hattori,Johann-Mattis List ; M. Dickmanns ; S. M. Oetzel ; K. Vogt,10.5281/zenodo.13169462,10.5281/zenodo.5126844,5126844,2024-08-02T12:36:35.909599+00:00,2024-08-02T12:36:36.026789+00:00,lexibank,cc-by-4.0,https://zenodo.org/records/13169462,13169462,cldf:Wordlist;linguistics,dataset,https://github.com/SequenceComparison/hattorijaponic/tree/v1.1
13169429,"CLDF Dataset derived from List's ""Sample Size and Cognate Detection"" from 2014","<p>Cite the source of the dataset as:</p>

<blockquote>
<p>List, Johann-Mattis (2014): Investigating the impact of sample size on cognate detection. Journal of Language Relationship. 11. 91-102. DOI: https://doi.org/10.31826/jlr-2014-110111</p>
</blockquote>",,,v1.1,Johann-Mattis List,Johann-Mattis List,10.5281/zenodo.13169429,10.5281/zenodo.5128049,5128049,2024-08-02T12:34:49.059252+00:00,2024-08-02T12:34:49.266086+00:00,lexibank,cc-by-4.0,https://zenodo.org/records/13169429,13169429,cldf:Wordlist;linguistics,dataset,https://github.com/SequenceComparison/listsamplesize/tree/v1.1
13169353,"CLDF dataset derived from Lionnet's ""Relaciones Internas de la Rama Sonorense"" from 1985","<p>Cite the source of the dataset as:</p>

<blockquote>
<p>Lionnet, André (1985): Relaciones internas de la rama sonorense. Amerindia 10.</p>
</blockquote>",,,v1.0,André Lionnet,Magnus Pharao Hansen ; Johann-Mattis List,10.5281/zenodo.13169353,10.5281/zenodo.13169352,13169352,2024-08-02T12:29:22.445408+00:00,2024-08-02T12:29:22.636632+00:00,lexibank,cc-by-4.0,https://zenodo.org/records/13169353,13169353,cldf:Wordlist;linguistics,dataset,https://github.com/lexibank/lionnetyotonahua/tree/v1.0
13168443,"CLDF dataset derived from Peiros' ""Genetic classification of Austro-Asiatic languages"" from 2004","<p>Cite the source of the dataset as:</p>

<blockquote>
<p>Peiros, I. I. (2004): Genetičeskaja klassifikacija avstroaziatskix jazykov [Genetic classification of Austro-Asiatic languages]. Russian State University for the Humanities, Russian State University for the Humanities, Moscow.</p>
</blockquote>",,,v1.1,Ilia Peiros,Johann-Mattis List ; Mei-Shin Wu,10.5281/zenodo.13168443,10.5281/zenodo.5127535,5127535,2024-08-02T11:40:40.269459+00:00,2024-08-02T11:40:40.389947+00:00,lexibank,cc-by-4.0,https://zenodo.org/records/13168443,13168443,cldf:Wordlist;linguistics,dataset,https://github.com/lexibank/peirosaustroasiatic/tree/v1.1
13168397,"CLDF dataset derived from Serva's ""Dialects of Madagascar"" from 2020","<p>Cite the source of the dataset as:</p>

<blockquote>
<p>Serva M., Pasquini M. (2020): Dialects of Madagascar, PLoS ONE 15(10).</p>
</blockquote>",,,v1.1,Maurizio Serva ; Michele Pasquini,Johann-Mattis List ; Fabio Fromme ; Simone Pomikalek ; Janine Wieking ; Maurizio Serva ; Michele Pasquini,10.5281/zenodo.13168397,10.5281/zenodo.5137039,5137039,2024-08-02T11:37:30.480056+00:00,2024-08-02T11:37:30.680488+00:00,lexibank,cc-by-4.0,https://zenodo.org/records/13168397,13168397,cldf:Wordlist;linguistics,dataset,https://github.com/digling/servamalagasy/tree/v1.1
13168287,"CLDF dataset derived from Starostin's ""Annotated Swadesh Wordlists for the Karen Group"" from 2017","<p>Cite the source of the dataset as:</p>

<blockquote>
<p>Starostin, George S. (2017): Annotated Swadesh Wordlists for the Karen Group. Moscow: The Global Lexicostatistical Database.</p>
</blockquote>",,,v1.0,George S. Starostin,Robert Forkel ; Christoph Rzymski ; Johann-Mattis List ; George S. Starostin,10.5281/zenodo.13168287,10.5281/zenodo.13168286,13168286,2024-08-02T11:33:24.438544+00:00,2024-08-02T11:33:24.614253+00:00,lexibank,cc-by-4.0,https://zenodo.org/records/13168287,13168287,cldf:Wordlist;linguistics,dataset,https://github.com/lexibank/starostinkaren/tree/v1.0
13168246,"CLDF dataset derived from Sims' ""Diachrony of Tone in Proto-Rma"" from 2020","<p>Cite the source of the dataset as:</p>

<blockquote>
<p>Sims, Nathanial A. (2020): Reconsidering the diachrony of tone in Rma. Journal of the Southeast Asian Linguistics Society 13.1. 53-85.</p>
</blockquote>",,,v1.3,Nathaniel Sims,Johann-Mattis List,10.5281/zenodo.13168246,10.5281/zenodo.5137077,5137077,2024-08-02T11:30:51.337652+00:00,2024-08-02T11:30:51.456445+00:00,lexibank,cc-by-4.0,https://zenodo.org/records/13168246,13168246,cldf:Wordlist;linguistics,dataset,https://github.com/lexibank/simsrma/tree/v1.3
13168188,"CLDF dataset derived from Zhou's ""Proto-Bizic"" from 2020","<p>Cite the source of the dataset as:</p>

<blockquote>
<p>Zhou, Yulou (2020): Proto-Bizic. A study of Tujia historical phonology. Bachelor Thesis. Stanford University.</p>
</blockquote>",,,v1.2,"Zhou, Yulou","Johann-Mattis List ; Zhou, Yulou",10.5281/zenodo.13168188,10.5281/zenodo.5140128,5140128,2024-08-02T11:29:23.743903+00:00,2024-08-02T11:29:23.907185+00:00,lexibank,cc-by-4.0,https://zenodo.org/records/13168188,13168188,cldf:Wordlist;linguistics,dataset,https://github.com/lexibank/zhoubizic/tree/v1.2
13167349,"CLDF dataset derived from Sims' ""Diachrony of Tone in Proto-Rma"" from 2020","<p>Cite the source of the dataset as:</p>

<blockquote>
<p>Sims, Nathanial A. (2020): Reconsidering the diachrony of tone in Rma. Journal of the Southeast Asian Linguistics Society 13.1. 53-85.</p>
</blockquote>",,,v1.2,Nathaniel Sims,Johann-Mattis List,10.5281/zenodo.13167349,10.5281/zenodo.5137077,5137077,2024-08-02T10:43:29.456927+00:00,2024-08-02T10:43:29.587064+00:00,lexibank,cc-by-4.0,https://zenodo.org/records/13167349,13167349,cldf:Wordlist;linguistics,dataset,https://github.com/lexibank/simsrma/tree/v1.2
13167272,"CLDF dataset derived from Zhou's ""Proto-Bizic"" from 2020","<p>Cite the source of the dataset as:</p>

<blockquote>
<p>Zhou, Yulou (2020): Proto-Bizic. A study of Tujia historical phonology. Bachelor Thesis. Stanford University.</p>
</blockquote>",,,v1.1,"Zhou, Yulou","Johann-Mattis List ; Zhou, Yulou",10.5281/zenodo.13167272,10.5281/zenodo.5140128,5140128,2024-08-02T10:39:13.619328+00:00,2024-08-02T10:39:13.845869+00:00,lexibank,cc-by-4.0,https://zenodo.org/records/13167272,13167272,cldf:Wordlist;linguistics,dataset,https://github.com/lexibank/zhoubizic/tree/v1.1
13167172,"CLDF Dataset derived from Starostin's ""Indo-European files in DBV/VAR"" from 2005","<p>Cite the source of the dataset as:</p>

<blockquote>
<p>Starostin, S. A. (2005): Indo-European files in DBF/VAR. Moscow.</p>
</blockquote>",,,v1.1,"Starostin, S. A.",Johann-Mattis List,10.5281/zenodo.13167172,10.5281/zenodo.5137280,5137280,2024-08-02T10:30:43.823280+00:00,2024-08-02T10:30:43.985243+00:00,lexibank,cc-by-4.0,https://zenodo.org/records/13167172,13167172,cldf:Wordlist;linguistics,dataset,https://github.com/SequenceComparison/starostinpie/tree/v1.1
13164684,"CLDF Dataset derived from Syrjänen et al.'s ""Shedding more light on language classification"" from 2013","<p>Cite the source of the dataset as:</p>

<blockquote>
<p>Syrjänen, K.; Honkola, T.; Korhonen, K.; Lehtinen, J.; Vesakoski, O. &amp;amp; Wahlber, N. Shedding more light on language classification using basic vocabularies and phylogenetic methods. Diachronica, 2013, 30, 323-352</p>
</blockquote>",,,v1.1,"Syrjänen, Kaj ; Honkola, Terhi ; Korhonen, Kalle ; Lehtinen, Jyri ; Vesakoski, Outi ; Wahlber, Niklas",Johann-Mattis List,10.5281/zenodo.13164684,10.5281/zenodo.5137235,5137235,2024-08-02T07:29:03.884220+00:00,2024-08-02T07:29:04.081488+00:00,lexibank,cc-by-4.0,https://zenodo.org/records/13164684,13164684,cldf:Wordlist;linguistics,dataset,https://github.com/lexibank/syrjaenenuralic/tree/v1.1
13164643,"CLDF dataset derived from Sawka et al.'s ""Toka-Leya of Zambia"" from 2019","<p>Cite the source of the dataset as:</p>

<blockquote>
<p>Sawka, Kenneth S. and Mbewe, Christopher and Josephat, Daka and Schwertfeger, Jacob (2019): Toka-Leya of Zambia: Southern Province: Livingstone, Kazungula, Zimba, and Kalomo District. SIL International.</p>
</blockquote>",,,v1.0,Kenneth S. Sawka ; Christopher Mbewe ; Daka Josephat ; Jacob Schwertfeger,Kristina Pianykh ; Carolin Hundt ; Christoph Rzymski,10.5281/zenodo.13164643,10.5281/zenodo.13164642,13164642,2024-08-02T07:25:26.397383+00:00,2024-08-02T07:25:26.574505+00:00,lexibank,cc-by-nc-4.0,https://zenodo.org/records/13164643,13164643,cldf:Wordlist;linguistics,dataset,https://github.com/lexibank/sawkatokaleya/tree/v1.0
13164573,"CLDF dataset derived from Sidwell and Alves' ""Vietic Lexicon"" from 2021","<p>Cite the source of the dataset as:</p>

<blockquote>
<p>Sidwell, Paul, &amp; Alves, Mark. (2021). Vietic 116 item phylogenetic lexicon (First version (26 Aug 2021)eng) [Data set]. 9th International Conference on Austroasiatic Linguistics (ICAAL 9), Lund, Sweden. Zenodo. https://doi.org/10.5281/zenodo.5263195.</p>
</blockquote>",,,v1.1,Paul Sidwell ; Mark Alves,Johann-Mattis List,10.5281/zenodo.13164573,10.5281/zenodo.13164504,13164504,2024-08-02T07:22:08.856270+00:00,2024-08-02T07:22:08.949974+00:00,lexibank,cc-by-4.0,https://zenodo.org/records/13164573,13164573,cldf:Wordlist;linguistics,dataset,https://github.com/lexibank/sidwellvietic/tree/v1.1
13164505,"CLDF dataset derived from Sidwell and Alves' ""Vietic Lexicon"" from 2021","<p>Cite the source of the dataset as:</p>

<blockquote>
<p>Sidwell, Paul, &amp; Alves, Mark. (2021). Vietic 116 item phylogenetic lexicon (First version (26 Aug 2021)eng) [Data set]. 9th International Conference on Austroasiatic Linguistics (ICAAL 9), Lund, Sweden. Zenodo. https://doi.org/10.5281/zenodo.5263195.</p>
</blockquote>",,,v1.0,Paul Sidwell ; Mark Alves,Johann-Mattis List,10.5281/zenodo.13164505,10.5281/zenodo.13164504,13164504,2024-08-02T07:16:38.600040+00:00,2024-08-02T07:16:38.799820+00:00,lexibank,cc-by-4.0,https://zenodo.org/records/13164505,13164505,cldf:Wordlist;linguistics,dataset,https://github.com/lexibank/sidwellvietic/tree/v1.0
13164427,"CLDF dataset derived from Seifart and Echeverri's ""Proto Bora-Muinane"" from 2015","<p>Cite the source of the dataset as:</p>

<blockquote>
<p>Seifart, Frank and Echeverri, Juán Álvaro. 2015. Proto Bora-Muinane. LIAMES 15(2): 279-311.</p>
</blockquote>",,,v1.0,Frank Seifart ; Juan Álvaro Echeverri,Frederic Blum ; Carlos Barrientos,10.5281/zenodo.13164427,10.5281/zenodo.13164426,13164426,2024-08-02T07:11:03.267566+00:00,2024-08-02T07:11:03.372478+00:00,lexibank,cc-by-4.0,https://zenodo.org/records/13164427,13164427,cldf:Wordlist;linguistics,dataset,https://github.com/lexibank/seifartecheverriboran/tree/v1.0
13163694,"CLDF Dataset derived from Starostin's ""Annotated Swadesh wordlists for the Tujia group"" from 2013","<p>Cite the source of the dataset as:</p>

<blockquote>
<p>Starostin, George S. (2013): Annotated Swadesh wordlists for the Tujia group. In: Starostin, George S. (ed). The Global Lexicostatistical Database. Moscow: RGU; 2013. URL: http://starling.rinet.ru/new100/tuj.xls.</p>
</blockquote>",,,v1.0,George S. Starostin,Johann-Mattis List,10.5281/zenodo.13163694,10.5281/zenodo.13163693,13163693,2024-08-02T06:14:33.395998+00:00,2024-08-02T06:14:33.652125+00:00,lexibank,cc-by-4.0,https://zenodo.org/records/13163694,13163694,cldf:Wordlist;linguistics,dataset,https://github.com/lexibank/starostintujia/tree/v1.0
13163647,"CLDF dataset derived from So-Hartmann's ""Notes on the Southern Chin Languages"" from 1988","<p>Cite the source of the dataset as:</p>

<blockquote>
<p>So-Hartmann, Helga (1988): Notes on the Southern Chin Languages. Linguistics of the Tibeto-Burman Area 11.2: 98-119.</p>
</blockquote>",,,v3.1,Helga So-Hartmann,Johann-Mattis List ; STEDT,10.5281/zenodo.13163647,10.5281/zenodo.2634477,2634477,2024-08-02T06:10:20.460305+00:00,2024-08-02T06:10:20.563657+00:00,lexibank;eu,cc-by-4.0,https://zenodo.org/records/13163647,13163647,cldf:Wordlist;linguistics,dataset,https://github.com/lexibank/sohartmannchin/tree/v3.1
13163515,"CLDF dataset derived from Robinson and Holton's ""Internal Classification of the Alor-Pantar Language Family"" from 2012","<p>Cite the source of the dataset as:</p>

<blockquote>
<p>Robinson, Laura C. and Holton, Gary (2012): Internal Classification of the Alor-Pantar Language Family Using Computational Methods Applied to the Lexicon. Language Dynamics and Change 2.2. 123-149.</p>
</blockquote>",,,v4.1,"Robinson, Laura C. ; Holton, Gary",Christoph Rzymski ; Johann-Mattis List,10.5281/zenodo.13163515,10.5281/zenodo.1312827,1312827,2024-08-02T05:59:13.322460+00:00,2024-08-02T05:59:13.492892+00:00,lexibank,cc-by-4.0,https://zenodo.org/records/13163515,13163515,cldf:Wordlist;linguistics,dataset,https://github.com/lexibank/robinsonap/tree/v4.1
13163492,"CLDF Dataset derived from Saenko's ""Annotated Swadesh wordlists for the Romance group"" from 2015","<p>Cite the source of the dataset as:</p>

<blockquote>
<p>Saenko, M. (2015): Annotated Swadesh wordlists for the Romance group (Indo-European family). In: Starostin GS, editor. The Global Lexicostatistical Database. RGU; 2015. Http://starling.rinet.ru/new100/tuj.xls.</p>
</blockquote>",,,v1.1,Mikhail Saenko,Johann-Mattis List,10.5281/zenodo.13163492,10.5281/zenodo.5136899,5136899,2024-08-02T05:56:19.907641+00:00,2024-08-02T05:56:20.240162+00:00,lexibank,cc-by-4.0,https://zenodo.org/records/13163492,13163492,cldf:Wordlist;linguistics,dataset,https://github.com/lexibank/saenkoromance/tree/v1.1
13163463,"CLDF dataset derived from Nurse and Philippson's ""Tanzania Language Survey"" from 1975","<p>Cite the source of the dataset as:</p>

<blockquote>
<p>Nurse, Derek and Gérard Philippson (1975). The Tanzanian Language Survey. Department of Foreign Languages and Linguistics of the University of Dar es Salaam: Dar es Salaam.</p>
</blockquote>",,,v4.2,Derek Nurse ; Gerard Philippson,Johann-Mattis List ; Christoph Rzymski ; Tiago Tresoldi,10.5281/zenodo.13163463,10.5281/zenodo.1312845,1312845,2024-08-02T05:53:48.244109+00:00,2024-08-02T05:53:48.408487+00:00,lexibank,cc-by-4.0,https://zenodo.org/records/13163463,13163463,cldf:Wordlist;linguistics,dataset,https://github.com/lexibank/tls/tree/v4.2
13163448,"CLDF dataset derived from Z'graggen's ""Madang Comparative Wordlists"" from 1980","<p>Cite the source of the dataset as:</p>

<blockquote>
<p>Z&#x27;graggen, J A. (1980) A comparative word list of the Northern Adelbert Range Languages, Madang Province, Papua New Guinea. Canberra: Pacific Linguistics.</p>
</blockquote>",,,v4.1,John Anton Z'graggen,Tiago Tresoldi ; Mattis List ; Simon J. Greenhill,10.5281/zenodo.13163448,10.5281/zenodo.1312831,1312831,2024-08-02T05:51:21.667518+00:00,2024-08-02T05:51:21.851719+00:00,lexibank,cc-by-4.0,https://zenodo.org/records/13163448,13163448,cldf:Wordlist;linguistics,dataset,https://github.com/lexibank/zgraggenmadang/tree/v4.1
13163406,"CLDF dataset derived from Othaniel's ""Jen Cluster Comparative Wordlist"" from 2017","<p>Cite the source of the dataset as:</p>

<blockquote>
<p>Othaniel, Nlabephee Kefas. 2017. A phonological comparative study of the Jen language cluster. (MA thesis, Jos: Theological College of Northern Nigeria; 1–83pp.)</p>
</blockquote>",,,v1.1,Nlabephee Kefas Othaniel,Nlabephee Kefas Othaniel ; Kristina-Pianykh ; Christoph Rzymski ; Johann-Mattis List,10.5281/zenodo.13163406,10.5281/zenodo.10404211,10404211,2024-08-02T05:48:38.223511+00:00,2024-08-02T05:48:38.414654+00:00,lexibank,cc-by-4.0,https://zenodo.org/records/13163406,13163406,cldf:Wordlist;linguistics,dataset,https://github.com/lexibank/othanieljen/tree/v1.1
13163376,"CLDF dataset derived from Oskolskaya et al.'s ""A Bayesian approach to the classification of Tungusic languages"" from 2021","<p>Cite the source of the dataset as:</p>

<blockquote>
<p>Oskolskaya, S., Koile, E., &amp; Robbeets, M. (2021). A Bayesian approach to the classification of Tungusic languages. Diachronica, 39(1), 128–158. https://doi.org/10.1075/dia.20010.osk</p>
</blockquote>",,,v1.1,Sofia Oskolskaya ; Ezequiel Koile ; Martine Robbeets,Simon Greenhill ; Johann-Mattis List,10.5281/zenodo.13163376,10.5281/zenodo.10404265,10404265,2024-08-02T05:45:59.987861+00:00,2024-08-02T05:46:00.166630+00:00,lexibank,cc-by-4.0,https://zenodo.org/records/13163376,13163376,cldf:Wordlist;linguistics,dataset,https://github.com/lexibank/oskolskayatungusic/tree/v1.1
13163242,"CLDF dataset derived from Savelyev and Robbeet's ""Internal Structure of the Turkic Language Family"" from 2020","<p>Cite the source of the dataset as:</p>

<blockquote>
<p>Savelyev, Alexander and Robbeets, Martine (2020): Bayesian phylolinguistics infers the internal structure and the time-depth of the Turkic language family. Journal of Language Evolution 5.1. 39-53.</p>
</blockquote>",,,v2.1,Alexander Savelyev ; Martine Robbeets,Johann-Mattis List ; Christoph Rzymski ; Robert Forkel,10.5281/zenodo.13163242,10.5281/zenodo.3556517,3556517,2024-08-02T05:34:37.144044+00:00,2024-08-02T05:34:37.340435+00:00,lexibank,cc-by-4.0,https://zenodo.org/records/13163242,13163242,cldf:Wordlist;linguistics,dataset,https://github.com/lexibank/savelyevturkic/tree/v2.1
13163225,"CLDF dataset derived from Wichmann's ""Lexicostatistical Dataset of Mixe-Zoquean"" from 2006","<p>Cite the source of the dataset as:</p>

<blockquote>
<p>Cysouw, M., Wichmann, S., &amp; Kamholz, D. (2006). A critique of the separation base method for genealogical subgrouping, with data from mixe-zoquean. Journal of Quantitative Linguistics, 13(2-3), 225–264. doi:10.1080/09296170600850759</p>
</blockquote>",,,v1.1,Søren Wichmann,Søren Wichmann ; Johann-Mattis List ; Simon J. Greenhill,10.5281/zenodo.13163225,10.5281/zenodo.5126947,5126947,2024-08-02T05:32:18.026731+00:00,2024-08-02T05:32:18.166903+00:00,lexibank,cc-by-4.0,https://zenodo.org/records/13163225,13163225,cldf:Wordlist;linguistics,dataset,https://github.com/lexibank/wichmannmixezoquean/tree/v1.1
13163115,"CLDF dataset derived from Zhao's ""Investigations of Zhaozhuang Bai"" from 2006","<p>Cite the source of the dataset as:</p>

<blockquote>
<p>Zhao, Yanzhen (2006): Zhàozhuāng Báiyǔ miáoxiě yánjiū 趙莊白語描寫研究 [Investigations of Zhaozhuang Bai]. Běijīng: Zhōngyāng Mínzú Dàxué.</p>
</blockquote>",,,v1.1,"Zhao, Yānzhēn","Johann-Mattis List ; Zhao, Yānzhēn",10.5281/zenodo.13163115,10.5281/zenodo.5136946,5136946,2024-08-02T05:27:21.854654+00:00,2024-08-02T05:27:21.966857+00:00,lexibank,cc-by-4.0,https://zenodo.org/records/13163115,13163115,cldf:Wordlist;linguistics,dataset,https://github.com/lexibank/zhaobai/tree/v1.1
13163051,"CLDF dataset derived from Wang's ""Language Contact and Language Comparison"" from 2004","<p>Cite the source of the dataset as:</p>

<blockquote>
<p>Wang, Feng (2004): Language contact and language comparison. The case of Bai. PhD thesis. Hong Kong: City University of Hong Kong.</p>
</blockquote>",,,v1.1,"Wang, Feng",Johann-Mattis List ; Mei-Shin Wu,10.5281/zenodo.13163051,10.5281/zenodo.5137406,5137406,2024-08-02T05:23:43.585608+00:00,2024-08-02T05:23:43.685879+00:00,lexibank,cc-by-4.0,https://zenodo.org/records/13163051,13163051,cldf:Wordlist;linguistics,dataset,https://github.com/lexibank/wangbai/tree/v1.1
13162996,"CLDF Dataset derived from the Bahnaric data in Sidwell's ""Austroasiatic dataset for phylogenetic analysis"" from 2015","<p>Cite the source of the dataset as:</p>

<blockquote>
<p>Sidwell, Paul. 2015. Austroasiatic dataset for phylogenetic analysis: 2015 version. Mon-Khmer Studies (Notes, Reviews, Data-Papers) 44. lxviii-ccclvii.</p>
</blockquote>",,,v1.1,Paul Sidwell,Johann-Mattis List,10.5281/zenodo.13162996,10.5281/zenodo.5137054,5137054,2024-08-02T05:20:08.426695+00:00,2024-08-02T05:20:08.571902+00:00,lexibank,cc-by-4.0,https://zenodo.org/records/13162996,13162996,cldf:Wordlist;linguistics,dataset,https://github.com/lexibank/sidwellbahnaric/tree/v1.1
13162938,"CLDF Dataset derived from the Bahnaric data in Sidwell's ""Austroasiatic dataset for phylogenetic analysis"" from 2015","<p>Cite the source of the dataset as:</p>

<blockquote>
<p>Sidwell, Paul. 2015. Austroasiatic dataset for phylogenetic analysis: 2015 version. Mon-Khmer Studies (Notes, Reviews, Data-Papers) 44. lxviii-ccclvii.</p>
</blockquote>",,,v1.1,Paul Sidwell,Johann-Mattis List,10.5281/zenodo.13162938,10.5281/zenodo.5137054,5137054,2024-08-02T05:13:45.435834+00:00,2024-08-02T05:13:45.598656+00:00,lexibank,cc-by-4.0,https://zenodo.org/records/13162938,13162938,cldf:Wordlist;linguistics,dataset,https://github.com/lexibank/sidwellbahnaric/tree/v1.1
13162889,"CLDF dataset derived from Sagart et al.'s ""Sino-Tibetan Database of Lexical Cognates"" from 2019","<p>Cite the source of the dataset as:</p>

<blockquote>
<p>Laurent Sagart, Jacques, Guillaume, Yunfan Lai, and Johann-Mattis List (2019): Sino-Tibetan Database of Lexical Cognates. Jena: Max Planck Institute for the Science of Human History.</p>
</blockquote>",,,v2.1,Laurent Sagart ; Guillaume Jacques ; Yunfan Lai ; Johann-Mattis List,Johann-Mattis List,10.5281/zenodo.13162889,10.5281/zenodo.1465396,1465396,2024-08-02T05:10:28.582899+00:00,2024-08-02T05:10:28.752471+00:00,lexibank;eu,cc-by-4.0,https://zenodo.org/records/13162889,13162889,cldf:Wordlist;linguistics,dataset,https://github.com/lexibank/sagartst/tree/v2.1
13162864,"CLDF dataset derived from Ratcliffes's ""Glottometrics of Arabic"" from 2021","<p>Cite the source of the dataset as:</p>

<blockquote>
<p>Ratcliffe, Robert R. (2021): The glottometrics of Arabic. Language Dynamics and Change. 2021. DOI: 10.1163/22105832-01001100.</p>
</blockquote>",,,v1.1,Robert R. Ratcliffe,Johann-Mattis List,10.5281/zenodo.13162864,10.5281/zenodo.5136897,5136897,2024-08-02T05:08:11.866654+00:00,2024-08-02T05:08:12.085702+00:00,lexibank,cc-by-4.0,https://zenodo.org/records/13162864,13162864,cldf:Wordlist;linguistics,dataset,https://github.com/lexibank/ratcliffearabic/tree/v1.1
13150156,CLDF dataset derived from Blust's Austronesian data coded for the Austronesian Basic Vocabulary Database from 2008,"<p>Cite the source of the dataset as:</p>

<blockquote>
<p>Greenhill, SJ; Blust, R and Gray, RD (2008): The Austronesian Basic Vocabulary Database: From bioinformatics to lexomics. Evolutionary Bioinformatics. 4. 271-283.</p>
</blockquote>",,,v1.1,Robert Blust ; Simon Greenhill,Johann-Mattis List,10.5281/zenodo.13150156,10.5281/zenodo.5137391,5137391,2024-08-01T11:08:36.280766+00:00,2024-08-01T11:08:36.374276+00:00,lexibank,cc-by-4.0,https://zenodo.org/records/13150156,13150156,cldf:Wordlist;linguistics,dataset,https://github.com/SequenceComparison/blustaustronesian/tree/v1.1
13150141,"CLDF Dataset derived from Dunn's ""IELex"" from 2012","<p>Cite the source of the dataset as:</p>

<blockquote>
<p>Dunn, Michael (2012): Indo-European Lexical Cognacy Database. Max Planck Institute for Psycholinguistics: Nijmegen.</p>
</blockquote>",,,v1.1,"Dunn, Michael",Johann-Mattis List,10.5281/zenodo.13150141,10.5281/zenodo.5121650,5121650,2024-08-01T11:06:34.484174+00:00,2024-08-01T11:06:34.611240+00:00,lexibank,cc-by-4.0,https://zenodo.org/records/13150141,13150141,cldf:Wordlist;linguistics,dataset,https://github.com/SequenceComparison/dunnielex/tree/v1.1
13150089,"CLDF dataset derived from Tryon and Hackman's ""Solomon Islands Languages"" from 1983","<p>Cite the source of the dataset as:</p>

<blockquote>
<p>Tryon, Darrell T. and Hackman, Brian D. (1983): Solomon Islands Languages: An internal classification. Canberra: Pacific Linguistics.</p>
</blockquote>",,,v3.1,Darrell T. Tryon ; B. D. Hackmann,Simon J. Greenhill,10.5281/zenodo.13150089,10.5281/zenodo.1297462,1297462,2024-08-01T11:00:10.129281+00:00,2024-08-01T11:00:10.304838+00:00,lexibank;clics,cc-by-4.0,https://zenodo.org/records/13150089,13150089,cldf:Wordlist;linguistics,dataset,https://github.com/lexibank/tryonsolomon/tree/v3.1
13150036,"CLDF dataset accompanying Chacon's ""Annotated Swadesh Wordlists for Northwest Arawakan Languages"" from 2022","<p>Cite the source of the dataset as:</p>

<blockquote>
<p>Chacon, Thiago C. (2022): Annotated Swadesh wordlists for Northwest Arawakan languages. Leipzig: Max Planck Institute for Evolutionary Anthropology.</p>
</blockquote>",,,v1.0,Thiago Chacon,Johann-Mattis List ; Frederic Blum,10.5281/zenodo.13150036,10.5281/zenodo.13150035,13150035,2024-08-01T10:53:16.025460+00:00,2024-08-01T10:53:16.217649+00:00,lexibank,cc-by-4.0,https://zenodo.org/records/13150036,13150036,cldf:Wordlist;linguistics,dataset,https://github.com/lexibank/chaconnorthwestarawakan/tree/v1.0
13149878,"CLDF dataset derived from Dunn et al.'s ""Aslian Languages"" from 2013","<p>Cite the source of the dataset as:</p>

<blockquote>
<p>Dunn, Michael, Nicole Kruspe, and Niclas Burenhult. 2013. ""Time and Place in the Prehistory of the Aslian Languages."" Human Biology 85: 383–400.</p>
</blockquote>",,,v1.1,Michael Dunn,Simon Greenhill ; Johann-Mattis List ; Michael Dunn,10.5281/zenodo.13149878,10.5281/zenodo.5121612,5121612,2024-08-01T10:38:08.399405+00:00,2024-08-01T10:38:08.517022+00:00,lexibank,cc-by-4.0,https://zenodo.org/records/13149878,13149878,cldf:Wordlist;linguistics,dataset,https://github.com/lexibank/dunnaslian/tree/v1.1
13149853,"CLDF dataset derived from Kolipakam et al.'s ""DravLex:"" from 2018","<p>Cite the source of the dataset as:</p>

<blockquote>
<p>Kolipakam, Vishnupriya, Michael Dunn, Fiona M. Jordan &amp; Annemarie Verkerk. (2018). DravLex: A Dravidian lexical database. Max Planck Institute for Psycholinguistics, Nijmegen, The Netherlands.</p>
</blockquote>",,,v1.1,"Kolipakam, Vishnupriya",Simon J. Greenhill ; Johann-Mattis List ; Tiago Tresoldi,10.5281/zenodo.13149853,10.5281/zenodo.5121579,5121579,2024-08-01T10:36:08.699408+00:00,2024-08-01T10:36:08.824542+00:00,lexibank,cc-by-4.0,https://zenodo.org/records/13149853,13149853,cldf:Wordlist;linguistics,dataset,https://github.com/lexibank/dravlex/tree/v1.1
13149823,"CLDF dataset derived from Deepadung et al.'s ""Lexical Comparison of Palaung Dialects"" from 2015","<p>Cite the source of the dataset as:</p>

<blockquote>
<p>Deepadung, Sujaritlak; Buakaw, Supakit; and Rattanapitak, Ampica (2015): A lexical comparison of the Palaung dialects spoken in China, Myanmar, and Thailand. Mon-Khmer Studies 44. 19-38.</p>
</blockquote>",,,v1.2,"Deepadung, Sujaritlak ; Buakaw, Supakit ; Rattanapitak, Ampika","Johann-Mattis List ; Dan Briggs ; Deepadung, Sujaritlak ; Buakaw, Supakit ; Rattanapitak, Ampika",10.5281/zenodo.13149823,10.5281/zenodo.5121401,5121401,2024-08-01T10:32:06.751979+00:00,2024-08-01T10:32:06.956917+00:00,lexibank,cc-by-4.0,https://zenodo.org/records/13149823,13149823,cldf:Wordlist;linguistics,dataset,https://github.com/lexibank/deepadungpalaung/tree/v1.2
13149808,"CLDF dataset derived from Davletshin's ""Proto-Aztecan languages"" from 2012","<p>Cite the source of the dataset as:</p>

<blockquote>
<p>Davletshin, Albert (2012): Proto-Uto-Aztecans on their way to the Proto-Aztecan homeland: linguistic evidence. Journal of Language Relationship. 8. 1. 75-92.</p>
</blockquote>",,,v1.1,Albert Davletshin,Johann-Mattis List ; Simon J. Greenhill ; Frederic Blum ; Tiago Tresoldi ; Albert Davletshin ; Albert Davletshin,10.5281/zenodo.13149808,10.5281/zenodo.5121381,5121381,2024-08-01T10:31:02.404850+00:00,2024-08-01T10:31:02.619077+00:00,lexibank,cc-by-4.0,https://zenodo.org/records/13149808,13149808,cldf:Wordlist;linguistics,dataset,https://github.com/lexibank/davletshinaztecan/tree/v1.1
13149785,"CLDF dataset derived from Chin's ""Gelong Language in the Multilingual Hub of Hainan"" from 2015","<p>Cite the source of the dataset as:</p>

<blockquote>
<p>Chin, Andy C. (2015): The Gelong Language in the Multilingual Hub of Hainan. Bulletin of Chinese Linguistics. 8. 140-156.</p>
</blockquote>",,,v1.1,Andy C. Chin,Johann-Mattis List ; Fiona Grond ; Ayten Tüfekci,10.5281/zenodo.13149785,10.5281/zenodo.5040168,5040168,2024-08-01T10:27:43.659464+00:00,2024-08-01T10:27:43.758867+00:00,lexibank,cc-by-4.0,https://zenodo.org/records/13149785,13149785,cldf:Wordlist;linguistics,dataset,https://github.com/digling/chingelong/tree/v1.1
13149752,"CLDF dataset derived from Blum et al.'s ""A phylolinguistic classification of the Quechua language family"" from 2023","<p>Cite the source of the dataset as:</p>

<blockquote>
<p>Blum, Frederic, Carlos Barrientos, Adriano Ingunza &amp; Zoe Poirier. 2023. A phylolinguistic classification of the Quechua language family. INDIANA - Anthropological Studies on Latin America and the Caribbean 40(1). 29–-54. DOI: https://doi.org/10.18441/IND.V40I1.29-54.</p>
</blockquote>",,,v1.2,Frederic Blum ; Carlos B. Ugarte ; Adriano Ingunza ; Zoe Poirier,Frederic Blum ; Carlos B. Ugarte ; Mattis List,10.5281/zenodo.13149752,10.5281/zenodo.5497509,5497509,2024-08-01T10:23:15.817201+00:00,2024-08-01T10:23:16.036711+00:00,lexibank,cc-by-4.0,https://zenodo.org/records/13149752,13149752,cldf:Wordlist;linguistics,dataset,https://github.com/lexibank/crossandean/tree/v1.2
13149729,"CLDF dataset derived from Constenla Umaña's ""¿Existe relación genealógica entre las lenguas misumalpas y las chibchenses?"" from 2005","<p>Cite the source of the dataset as:</p>

<blockquote>
<p>Umaña, Adolfo Constenla. 2005. ¿Existe relación genealógica entre las lenguas misumalpas y las chibchenses?. Estudios de Lingüística Chibcha.</p>
</blockquote>",,,v1.1,"Constenla Umaña, Adolfo",Frederic Blum ; Mattis List,10.5281/zenodo.13149729,10.5281/zenodo.5121346,5121346,2024-08-01T10:20:07.848797+00:00,2024-08-01T10:20:08.007373+00:00,lexibank,cc-by-4.0,https://zenodo.org/records/13149729,13149729,cldf:Wordlist;linguistics,dataset,https://github.com/lexibank/constenlachibchan/tree/v1.1
13149728,"CLDF dataset derived from Clark's ""Phonological Analysis and Comparison of Two Kim Mun Varieties"" from 2008","<p>Cite the source of the dataset as:</p>

<blockquote>
<p>Clark, E. R. (2008). A phonological analysis and comparison of two Kim Mun varieties in Laos and Vietnam. Payap University: Chiang Mai.</p>
</blockquote>",,,v1.1,"Clark, E. R.","Johann-Mattis List ; Mei-Shin Wu ; Clark, E. R.",10.5281/zenodo.13149728,10.5281/zenodo.5121481,5121481,2024-08-01T10:20:07.155951+00:00,2024-08-01T10:20:07.293890+00:00,lexibank,cc-by-4.0,https://zenodo.org/records/13149728,13149728,cldf:Wordlist;linguistics,dataset,https://github.com/lexibank/clarkkimmun/tree/v1.1
13149727,"CLDF dataset derived from the LSDO's ""Chin Dialect Data"" from 2019","<p>Cite the source of the dataset as:</p>

<blockquote>
<p>Language and Social Development Organization (2019): Chin dialect data collection. Yangon: LSDO.</p>
</blockquote>",,,v1.1,Nathan Statezni,Nathan Statezni ; Johann-Mattis List ; Muhammad Zakaria,10.5281/zenodo.13149727,10.5281/zenodo.5121279,5121279,2024-08-01T10:20:06.999953+00:00,2024-08-01T10:20:07.148997+00:00,lexibank,cc-by-4.0,https://zenodo.org/records/13149727,13149727,cldf:Wordlist;linguistics,dataset,https://github.com/lexibank/chindialectsurvey/tree/v1.1
13149660,"CLDF dataset derived from Birchall et al.'s ""A Combined Comparative and Phylogenetic Analysis of the Chapacuran Language Family"" from 2016","<p>Cite the source of the dataset as:</p>

<blockquote>
<p>Birchall J, Dunn M, &amp; Greenhill SJ. 2016. A Combined Comparative and Phylogenetic Analysis of the Chapacuran Language Family. International Journal of American Linguistics 82(3). 255–284.</p>
</blockquote>",,,v1.3,Joshua Birchall ; Michael Dunn ; Simon J. Greenhill,Simon J. Greenhill ; Tiago Tresoldi,10.5281/zenodo.13149660,10.5281/zenodo.5115888,5115888,2024-08-01T10:04:38.865705+00:00,2024-08-01T10:04:39.029191+00:00,lexibank,cc-by-4.0,https://zenodo.org/records/13149660,13149660,cldf:Wordlist;linguistics,dataset,https://github.com/lexibank/birchallchapacuran/tree/v1.3
13149621,"CLDF dataset derived from Bodt's ""Lexical Cognates in Western Kho-Bwa"" from 2019","<p>Cite the source of the dataset as:</p>

<blockquote>
<p>Bodt, Timotheus Adrianus and List, Johann-Mattis (2019): Testing the predictive strength of the comparative method: An ongoing experiment on unattested words in Western Kho-Bwa languages. Papers in Historical Phonology 4.1: 22-44.</p>
</blockquote>",,,v3.3,Timotheus A. Bodt ; Johann-Mattis List,Timotheus A. Bodt ; Johann-Mattis List,10.5281/zenodo.13149621,10.5281/zenodo.2632544,2632544,2024-08-01T10:00:05.240930+00:00,2024-08-01T10:00:05.339685+00:00,lexibank,cc-by-4.0,https://zenodo.org/records/13149621,13149621,cldf:Wordlist;linguistics,dataset,https://github.com/lexibank/bodtkhobwa/tree/v3.3
13149588,"CLDF dataset derived from Blum et al.'s (2024) ""A Comparative Wordlist for Investigating Distant Relations Among Languages in Lowland South America""","<p>Cite the source of the dataset as:</p>

<blockquote>
<p>Blum, Frederic and Barrientos, Carlos and Zariquiey, Roberto and List, Johann-Mattis. 2024. A Comparative Wordlist for Investigating Distant Relations Among Languages in Lowland South America. *Scientific Data* 11(92). https://doi.org/10.1038/s41597-024-02928-7</p>
</blockquote>",,,v1.2,Frederic Blum ; Carlos M. B. Ugarte ; Roberto Zariquiey ; Johann-Mattis List,Frederic Blum ; Carlos M. B. Ugarte,10.5281/zenodo.13149588,10.5281/zenodo.10054440,10054440,2024-08-01T09:54:25.156331+00:00,2024-08-01T09:54:25.333685+00:00,lexibank,cc-by-4.0,https://zenodo.org/records/13149588,13149588,cldf:Wordlist;linguistics,dataset,https://github.com/pano-tacanan-history/blumpanotacana/tree/v1.2
13149563,"CLDF dataset underlying the study ""First steps towards the detection of contact layers in Bangime: a multi-disciplinary, computer-assisted approach"" from 2022","<p>Cite the source of the dataset as:</p>

<blockquote>
<p>Hantgan, Abbie and Babiker, Hiba and List, Johann-Mattis (2022): First steps towards the detection of contact layers in Bangime: a multi-disciplinary, computer-assisted approach [version 2; peer review: 2 approved]. Open Research Europe 2022, 2:10.</p>
</blockquote>",,,v1.1,Abbie Hantgan ; Hiba Babiker ; Johann-Mattis List,Johann-Mattis List,10.5281/zenodo.13149563,10.5281/zenodo.5751225,5751225,2024-08-01T09:50:56.016516+00:00,2024-08-01T09:50:56.137436+00:00,calc;lexibank;digling,cc-by-4.0,https://zenodo.org/records/13149563,13149563,cldf:Wordlist;linguistics,dataset,https://github.com/lexibank/baf2/tree/v1.1
13149500,"CLDF dataset derived from Chén's ""Miao and Yao Language"" from 2012","<p>Cite the source of the dataset as:</p>

<blockquote>
<p>Chén, Qíguāng 陳其光 (2012): Miáoyáo yǔwén 苗瑤语文 [Miao and Yao language]. Zhōngyāng Mínzú Dàxué 中央民族大学 [China Minzu University Press].</p>
</blockquote>",,,v3.1,"Chen, Qiguang",Johann-Mattis List ; Mei-Shin Wu ; Doug Cooper ; Doug Cooper,10.5281/zenodo.13149500,10.5281/zenodo.2634107,2634107,2024-08-01T09:40:36.222028+00:00,2024-08-01T09:40:36.425825+00:00,eu;lexibank,cc-by-4.0,https://zenodo.org/records/13149500,13149500,cldf:Wordlist;linguistics,dataset,https://github.com/lexibank/chenhmongmien/tree/v3.1
13149485,"CLDF dataset derived from Chacon's ""A revised proposal of Proto-Tukanoan consonants and Tukanoan family classification"" from 2014","<p>Cite the source of the dataset as:</p>

<blockquote>
<p>Thiago Chacon. (2014). A revised proposal of Proto-Tukanoan consonants and Tukanoan family classification. Journal of American Linguistics 80.3, pp. 275–322. doi: https://doi.org/10.1086/676393</p>
</blockquote>",,,v1.1,Thiago Costa Chacon,Johann-Mattis List ; Christoph Rzymski ; Tiago Tresoldi ; Sacha Beniamine,10.5281/zenodo.13149485,10.5281/zenodo.5118722,5118722,2024-08-01T09:38:54.875221+00:00,2024-08-01T09:38:54.997829+00:00,lexibank,cc-by-4.0,https://zenodo.org/records/13149485,13149485,cldf:Wordlist;linguistics,dataset,https://github.com/lexibank/chacontukanoan/tree/v1.1
13149391,"CLDF dataset derived from Chacon's ""Annotated Swadesh Lists for Tukanoan Languages"" from 2017","<p>Cite the source of the dataset as:</p>

<blockquote>
<p>Chacon, Thiago C. (2017): Arawakan and Tukanoan contacts in Northwest Amazonia prehistory. PAPIA 27(2). 237-265.</p>
</blockquote>",,,v2.1,Thiago Costa Chacon,Thiago Costa Chacon ; Johann-Mattis List ; Christoph Rzymski ; Frederic Blum ; Tiago Tresoldi,10.5281/zenodo.13149391,10.5281/zenodo.1318198,1318198,2024-08-01T09:24:34.394948+00:00,2024-08-01T09:24:34.606696+00:00,eu;lexibank,cc-by-4.0,https://zenodo.org/records/13149391,13149391,cldf:Wordlist;linguistics,dataset,https://github.com/lexibank/chaconcolumbian/tree/v2.1
13149386,"CLDF dataset derived from Chacon et al.'s ""Diversity of Arawakan Languages"" from 2019","<p>Cite the source of the dataset as:</p>

<blockquote>
<p>Chacon, T. C.; Gonçalves, A. G.; and da Silva, L. F (2019): A diversidade linguística Aruák no Alto Rio Negro em gravações da década de 1950 [The diversity of Arawakan languages from the upper Rio Negro in recordings from the 1950s]. Forma y Función, 32.2, 41-67. DOI: 10.15446/fyf.v32n2.80814.</p>
</blockquote>",,,v2.1,Thiago Costa Chacon,Johann-Mattis List ; Tiago Tresoldi ; Christoph Rzymski ; Frederic Blum ; Thiago Costa Chacon,10.5281/zenodo.13149386,10.5281/zenodo.1563217,1563217,2024-08-01T09:23:31.450202+00:00,2024-08-01T09:23:31.665256+00:00,lexibank,cc-by-4.0,https://zenodo.org/records/13149386,13149386,cldf:Wordlist;linguistics,dataset,https://github.com/lexibank/chaconbaniwa/tree/v2.1
13149373,"CLDF dataset derived from Chacon's ""Annotated Swadesh Lists for Arawakan Languages"" from 2017","<p>Cite the source of the dataset as:</p>

<blockquote>
<p>Chacon, Thiago C. (2017): Arawakan and Tukanoan contacts in Northwest Amazonia prehistory. PAPIA 27(2). 237-265.</p>
</blockquote>",,,v2.1,Thiago Costa Chacon,Johann-Mattis List ; Tiago Tresoldi ; Thiago Costa Chacon,10.5281/zenodo.13149373,10.5281/zenodo.1318063,1318063,2024-08-01T09:21:26.590898+00:00,2024-08-01T09:21:26.745629+00:00,eu;lexibank,cc-by-4.0,https://zenodo.org/records/13149373,13149373,cldf:Wordlist;linguistics,dataset,https://github.com/lexibank/chaconarawakan/tree/v2.1
13149318,"CLDF dataset derived from Castro and Hansen's ""Zhuang Dialects in Hongshui He"" from 2010","<p>Cite the source of the dataset as:</p>

<blockquote>
<p>Castro, Andy; Hansen, Bruce (2010): Hongshui He Zhuang dialect intelligibility survey. Dallas: SIL International.</p>
</blockquote>",,,v1.1,Andy Castro ; Bruce Hansen,Johann-Mattis List ; Mei-Shin Wu,10.5281/zenodo.13149318,10.5281/zenodo.5118683,5118683,2024-08-01T09:10:59.523310+00:00,2024-08-01T09:10:59.738729+00:00,lexibank,cc-by-4.0,https://zenodo.org/records/13149318,13149318,cldf:Wordlist;linguistics,dataset,https://github.com/lexibank/castrozhuang/tree/v1.1
13149313,"CLDF dataset derived from Castro et al.'s ""Yi Varieties in Heqing"" from 2010","<p>Cite the source of the dataset as:</p>

<blockquote>
<p>Castro, Andy; Crook, Brian; Flaming, Royce (2010): A sociolinguistic survey of Kua-nsi and related Yi varieties in Heqing county, Yunnan province, China. SIL Electronic Survey Reports 2010-001. Dallas: SIL International.</p>
</blockquote>",,,v1.1,Andy Castro ; Brian Crook ; Royce Flaming,Johann-Mattis List,10.5281/zenodo.13149313,10.5281/zenodo.5118535,5118535,2024-08-01T09:09:59.969824+00:00,2024-08-01T09:10:00.214640+00:00,lexibank,cc-by-4.0,https://zenodo.org/records/13149313,13149313,cldf:Wordlist;linguistics,dataset,https://github.com/lexibank/castroyi/tree/v1.1
13149296,"CLDF dataset derived from Castro's ""Sui Dialect Research"" from 2015","<p>Cite the source of the dataset as:</p>

<blockquote>
<p>Castro, Andy and Pan, Xingwen (2015): Sui dialect research. SIL: Guiyang.</p>
</blockquote>",,,v3.1,Andy Castro,Johann-Mattis List ; Mei-Shin Wu ; Patience Epps ; Andy Castro ; Andy Castro,10.5281/zenodo.13149296,10.5281/zenodo.2634730,2634730,2024-08-01T09:06:36.444727+00:00,2024-08-01T09:06:36.567333+00:00,lexibank,cc-by-4.0,https://zenodo.org/records/13149296,13149296,cldf:Wordlist;linguistics,dataset,https://github.com/lexibank/castrosui/tree/v3.1
13149291,"CLDF dataset derived from de Carvalho's ""Comparative reconstruction of Proto-Purus"" from 2021","<p>Cite the source of the dataset as:</p>

<blockquote>
<p>de Carvalho, F. O. (2021): A comparative reconstruction of Proto-Purus (Arawakan) segmental phonology. IJAL. 87.1. 49-108</p>
</blockquote>",,,v1.1,Fernando O. de Carvalho,Johann-Mattis List,10.5281/zenodo.13149291,10.5281/zenodo.5118460,5118460,2024-08-01T09:04:42.347437+00:00,2024-08-01T09:04:42.460983+00:00,lexibank,cc-by-4.0,https://zenodo.org/records/13149291,13149291,cldf:Wordlist;linguistics,dataset,https://github.com/lexibank/carvalhopurus/tree/v1.1
13149281,"CLDF dataset derived from Mennecier et al.'s ""Central Asian Language Survey"" from 2016","<p>Cite the source of the dataset as:</p>

<blockquote>
<p>Mennecier, P., Nerbonne, J., Heyer, E., &amp; Manni, F. (2016). A Central Asian Language Survey, Language Dynamics and Change, 6(1), 57-98. doi: https://doi.org/10.1163/22105832-00601015</p>
</blockquote>",,,v1.1,"Mennecier, P. ; Nerbonne, J. ; Heyer, E. ; Manni, F.","Mennecier, P. ; Nerbonne, J. ; Heyer, E. ; Manni, F. ; Robert Forkel",10.5281/zenodo.13149281,10.5281/zenodo.5116000,5116000,2024-08-01T09:02:27.961349+00:00,2024-08-01T09:02:28.053125+00:00,lexibank,cc-by-4.0,https://zenodo.org/records/13149281,13149281,cldf:Wordlist;linguistics,dataset,https://github.com/lexibank/cals/tree/v1.1
13149200,"CLDF dataset derived from Bodt's ""Lexical Cognates in Western Kho-Bwa"" from 2019","<p>Cite the source of the dataset as:</p>

<blockquote>
<p>Bodt, Timotheus Adrianus and List, Johann-Mattis (2019): Testing the predictive strength of the comparative method: An ongoing experiment on unattested words in Western Kho-Bwa languages. Papers in Historical Phonology 4.1: 22-44.</p>
</blockquote>",,,v3.2.0,Timotheus A. Bodt ; Johann-Mattis List,Timotheus A. Bodt,10.5281/zenodo.13149200,10.5281/zenodo.2632544,2632544,2024-08-01T08:50:08.157435+00:00,2024-08-01T08:50:08.285733+00:00,lexibank,cc-by-4.0,https://zenodo.org/records/13149200,13149200,cldf:Wordlist;linguistics,dataset,https://github.com/lexibank/bodtkhobwa/tree/v3.2.0
13149168,"CLDF dataset derived from Birchall et al.'s ""A Combined Comparative and Phylogenetic Analysis of the Chapacuran Language Family"" from 2016","<p>Cite the source of the dataset as:</p>

<blockquote>
<p>Birchall J, Dunn M, &amp; Greenhill SJ. 2016. A Combined Comparative and Phylogenetic Analysis of the Chapacuran Language Family. International Journal of American Linguistics 82(3). 255–284.</p>
</blockquote>",,,v1.2.0,Joshua Birchall ; Michael Dunn ; Simon J. Greenhill,Tiago Tresoldi,10.5281/zenodo.13149168,10.5281/zenodo.5115888,5115888,2024-08-01T08:45:09.913313+00:00,2024-08-01T08:45:10.069987+00:00,lexibank,cc-by-4.0,https://zenodo.org/records/13149168,13149168,cldf:Wordlist;linguistics,dataset,https://github.com/lexibank/birchallchapacuran/tree/v1.2.0
13149151,"CLDF dataset derived from Beijing University's ""Chinese Dialect Vocabularies"" from 1964","<p>Cite the source of the dataset as:</p>

<blockquote>
<p>Běijīng Dàxué 北京大学 (1964): Hànyǔ fāngyán cíhuì 汉语方言词汇 [Chinese dialect vocabularies]. Beijing: Wenzi Gaige.</p>
</blockquote>",,,v5.1,Beijing University,Johann-Mattis List,10.5281/zenodo.13149151,10.5281/zenodo.1295534,1295534,2024-08-01T08:42:15.841096+00:00,2024-08-01T08:42:15.930840+00:00,eu;lexibank,cc-by-4.0,https://zenodo.org/records/13149151,13149151,cldf:Wordlist;linguistics,dataset,https://github.com/lexibank/beidasinitic/tree/v5.1
13149138,"CLDF dataset derived from Blum et al.'s (2024) ""A Comparative Wordlist for Investigating Distant Relations Among Languages in Lowland South America""","<p>Cite the source of the dataset as:</p>

<blockquote>
<p>Blum, Frederic and Barrientos, Carlos and Zariquiey, Roberto and List, Johann-Mattis. 2024. A Comparative Wordlist for Investigating Distant Relations Among Languages in Lowland South America. *Scientific Data* 11(92). https://doi.org/10.1038/s41597-024-02928-7</p>
</blockquote>",,,v1.1,Frederic Blum ; Carlos M. B. Ugarte ; Roberto Zariquiey ; Johann-Mattis List,,10.5281/zenodo.13149138,10.5281/zenodo.10054440,10054440,2024-08-01T08:40:11.681274+00:00,2024-08-01T08:40:11.861051+00:00,lexibank,cc-by-4.0,https://zenodo.org/records/13149138,13149138,cldf:Wordlist;linguistics,dataset,https://github.com/pano-tacanan-history/blumpanotacana/tree/v1.1
13149120,"CLDF dataset underlying the study ""First steps towards the detection of contact layers in Bangime: a multi-disciplinary, computer-assisted approach"" from 2022","<p>Cite the source of the dataset as:</p>

<blockquote>
<p>Hantgan, Abbie and Babiker, Hiba and List, Johann-Mattis (2022): First steps towards the detection of contact layers in Bangime: a multi-disciplinary, computer-assisted approach [version 2; peer review: 2 approved]. Open Research Europe 2022, 2:10.</p>
</blockquote>",,,v1.0,Abbie Hantgan ; Hiba Babiker ; Johann-Mattis List,,10.5281/zenodo.13149120,10.5281/zenodo.5751225,5751225,2024-08-01T08:35:44.408519+00:00,2024-08-01T08:35:44.546168+00:00,calc;lexibank;digling,cc-by-4.0,https://zenodo.org/records/13149120,13149120,cldf:Wordlist;linguistics,dataset,https://github.com/lexibank/baf2/tree/v1.0
13149113,"CLDF dataset derived from Backstrom and Radloff's ""Sociolinguistic Survey of Northern Pakistan"" from 1992","<p>Cite the source of the dataset as:</p>

<blockquote>
<p>Backstrom, Peter C. and Radloff, Carla F. (1992): Sociolinguistic Survey of Northern Pakistan, Volume 2. Languages of Northern Areas. Islamabad: National Institute of Pakistan Studies.</p>
</blockquote>",,,v1.1,"Backstrom, Peter C. ; Radloff, Carla F.",Christoph Rzymski ; Johann-Mattis List ; Natalia Morozova,10.5281/zenodo.13149113,10.5281/zenodo.5116053,5116053,2024-08-01T08:33:55.641737+00:00,2024-08-01T08:33:55.803850+00:00,lexibank,cc-by-4.0,https://zenodo.org/records/13149113,13149113,cldf:Wordlist;linguistics,dataset,https://github.com/lexibank/backstromnorthernpakistan/tree/v1.1
13149106,"CLDF dataset derived from Allen's ""Bai Dialect Survey"" from 2007","<p>Cite the source of the dataset as:</p>

<blockquote>
<p>Allen, Bryan (2007): Bai Dialect Survey. Dallas: SIL International.</p>
</blockquote>",,,v4.1,Bryan Allen,Johann-Mattis List ; Bryan Allen,10.5281/zenodo.13149106,10.5281/zenodo.1295536,1295536,2024-08-01T08:32:07.291649+00:00,2024-08-01T08:32:07.600112+00:00,eu;lexibank,cc-by-4.0,https://zenodo.org/records/13149106,13149106,cldf:Wordlist;linguistics,dataset,https://github.com/lexibank/allenbai/tree/v4.1
13149095,"CLDF dataset derived from Greenhill et al.'s ""Austronesian Basic Vocabulary Database"" from 2020 focusing on Oceanic languages","<p>Cite the source of the dataset as:</p>

<blockquote>
<p>Greenhill, S.J., Blust. R, &amp; Gray, R.D. (2008). The Austronesian Basic Vocabulary Database: From Bioinformatics to Lexomics. Evolutionary Bioinformatics, 4:271-283.</p>
</blockquote>",,,v0.3,Simon J. Greenhill ; Mary Walworth ; Isaac Stead ; Tihomir Rangelov,Johann-Mattis List ; Frederic Blum,10.5281/zenodo.13149095,10.5281/zenodo.5206552,5206552,2024-08-01T08:29:56.078177+00:00,2024-08-01T08:29:56.210393+00:00,lexibank,cc-by-4.0,https://zenodo.org/records/13149095,13149095,cldf:Wordlist;linguistics,dataset,https://github.com/lexibank/abvdoceanic/tree/v0.3
13149071,"CLDF dataset derived from Abraham et al.'s ""Sociolinguistic Research on Monpa"" from 2018","<p>Cite the source of the dataset as:</p>

<blockquote>
<p>Abraham, Binny, Kara Sako, Elina Kinny, and Isapdaile Zeliang (2018):  Sociolinguistic Research among Selected Groups in Western Arunachal Pradesh: Highlighting Monpa. Dallas: SIL International.</p>
</blockquote>",,,v3.1,Binny Abraham ; Kara Sako ; Elina Kinny ; Isapdaile Zeliang,Johann-Mattis List ; Mei-Shin Wu ; Yunfan Lai ; Wiktionary ; Wiktionary,10.5281/zenodo.13149071,10.5281/zenodo.2630824,2630824,2024-08-01T08:28:00.311825+00:00,2024-08-01T08:28:00.473750+00:00,calc;lexibank,cc-by-4.0,https://zenodo.org/records/13149071,13149071,cldf:Wordlist;linguistics,dataset,https://github.com/lexibank/abrahammonpa/tree/v3.1
13149034,"CLDF dataset derived from Aaley and Bodt's ""New Kusunda data: A list of 250 concepts"" from 2020","<p>Cite the source of the dataset as:</p>

<blockquote>
<p>Uday Raj Aaley and Timotheus A. Bodt (2020): New Kusunda data: A list of 250 concepts. Computer-Assisted Language Comparison in Practice 3.4 (08/04/2020), URL: https://calc.hypotheses.org/2414.</p>
</blockquote>",,,v2.1,Uday Raj Aaley ; Timotheus A. Bodt,Uday Raj Aaley ; Uday Raj Aaley ; Timotheus A. Bodt ; Timotheus A. Bodt ; Johann-Mattis List,10.5281/zenodo.13149034,10.5281/zenodo.3746945,3746945,2024-08-01T08:21:14.309059+00:00,2024-08-01T08:21:14.545939+00:00,lexibank,cc-by-4.0,https://zenodo.org/records/13149034,13149034,cldf:Wordlist;linguistics,dataset,https://github.com/lexibank/aaleykusunda/tree/v2.1
13143482,"CLDF dataset derived from Tolmie and Dawson's ""Comparative Vocabulary of the Indigenous Peoples in British Columbia"" from 1884","<p>Cite the source of the dataset as:</p>

<blockquote>
<p>Tolmie, Fraser W. and Dawson, George M. (1884). Comparative vocabularies of the Indian tribes of British Columbia, with a map illustrating distribution. Montreal: Dawson Brothers.</p>
</blockquote>",,,v1.1,Fraser W. Tolmie ; George M. Dawson,Christoph Rzymski ; Johann-Mattis List,10.5281/zenodo.13143482,10.5281/zenodo.8085891,8085891,2024-07-31T12:19:56.018543+00:00,2024-07-31T12:19:56.221129+00:00,lexibank,cc-by-4.0,https://zenodo.org/records/13143482,13143482,cldf:Wordlist;linguistics,dataset,https://github.com/lexibank/tolmiebritishcolumbia/tree/v1.1
13143298,"CLDF dataset derived from Bremer's ""Sociolinguistic Survey of Six Berta Speech Varieties in Ethiopia"" from 2016","<p>Cite the source of the dataset as:</p>

<blockquote>
<p>Bremer, Nate D. (2016): A Sociolinguistic Survey of Six Berta Speech Varieties in Ethiopia. SIL Electronic Survey Reports 2016-007. Dallas: SIL International.</p>
</blockquote>",,,v1.2,Nate D. Bremer,Christoph Rzymski ; Johann-Mattis List ; Kristina Pianykh,10.5281/zenodo.13143298,10.5281/zenodo.5126756,5126756,2024-07-31T12:01:03.398130+00:00,2024-07-31T12:01:03.505647+00:00,lexibank,cc-by-4.0,https://zenodo.org/records/13143298,13143298,cldf:Wordlist;linguistics,dataset,https://github.com/lexibank/bremerberta/tree/v1.2
13143140,"CLDF dataset derived from Hale's ""Wordlists in Selected Languages of Nepal"" from 1973","<p>Cite the source of the dataset as:</p>

<blockquote>
<p>Hale, Austin (1973): Clause, sentences, and discourse patterns in selected languages of Nepal. Kathmandu: Institute of Nepal and Asiatic Studies.</p>
</blockquote>",,,v4.0,Austin Hale,Christoph Rzymski ; Johann-Mattis List ; Natalia Morozowa ; STEDT,10.5281/zenodo.13143140,10.5281/zenodo.2633936,2633936,2024-07-31T11:40:01.578922+00:00,2024-07-31T11:40:01.794940+00:00,eu;lexibank,cc-by-4.0,https://zenodo.org/records/13143140,13143140,cldf:Wordlist;linguistics,dataset,https://github.com/lexibank/halenepal/tree/v4.0
13143126,"CLDF dataset derived from Greenhill and Gray's ""Bantu Basic Vocabulary Database"" from 2015","<p>Cite the source of the dataset as:</p>

<blockquote>
<p>Simon Greenhill and Russell Gray, 2015. Bantu Basic Vocabulary Database</p>
</blockquote>",,,v4.1,Simon J. Greenhill ; Russell Gray,Christoph Rzymski ; Johann-Mattis List,10.5281/zenodo.13143126,10.5281/zenodo.1295832,1295832,2024-07-31T11:37:16.197489+00:00,2024-07-31T11:37:16.389388+00:00,lexibank,cc-by-4.0,https://zenodo.org/records/13143126,13143126,cldf:Wordlist;linguistics,dataset,https://github.com/lexibank/bantubvd/tree/v4.1
13143103,"CLDF dataset derived from Bowern and Atkinson's ""Internal Structure of Pama-Nyungan"" from 2012","<p>Cite the source of the dataset as:</p>

<blockquote>
<p>Bowern, Claire, &amp; Atkinson, Quentin. (2012). Computational Phylogenetics and the Internal Structure of Pama-Nyungan: Dataset [Data set]. Language. http://doi.org/10.1353/lan.2012.0081</p>
</blockquote>",,,v4.1,Claire Bowern,Tiago Tresoldi ; Johann-Mattis List ; Christoph Rzymski,10.5281/zenodo.13143103,10.5281/zenodo.1312841,1312841,2024-07-31T11:32:39.958207+00:00,2024-07-31T11:32:40.077058+00:00,lexibank,cc-by-4.0,https://zenodo.org/records/13143103,13143103,cldf:Wordlist;linguistics,dataset,https://github.com/lexibank/bowernpny/tree/v4.1
8207711,"Digitised, searchable Holle List in Stokhof (1980)","<p>This repository contains the digitised Holle List in Stokhof (<a href=""https://core.ac.uk/reader/159464813"">1980</a>). Details and the interactive web version of the list can be accessed via <a href=""https://engganolang.github.io/digitised-holle-list/"">https://engganolang.github.io/digitised-holle-list/</a> (Rajeg 2023).</p>
<p>The work in this repository is part of the <a href=""https://gtr.ukri.org/project/8AB0C3DC-F1C9-4CFA-BB4D-5BE748213372"">AHRC-funded project</a> on <em>Lexical resources for Enggano, a threatened language of Indonesia</em> (central webpage of the Enggano project: <a href=""https://enggano.ling-phil.ox.ac.uk/"">https://enggano.ling-phil.ox.ac.uk/</a>)</p>
Updates in version 1.3.1
<ul>
<li>Updating the Concepticon mapping for some of the unspecified words (marked with &lt;unsp.&gt; in the list).</li>
<li>Updating the files for the <a href=""https://cldf.clld.org/"">cross-linguistic data format (CLDF)</a> version (Forkel et al. 2018) of the Holle List. </li>
</ul>
References
<p>Forkel, Robert, Johann-Mattis List, Simon J. Greenhill, Christoph Rzymski, Sebastian Bank, Michael Cysouw, Harald Hammarström, Martin Haspelmath, Gereon A. Kaiping &amp; Russell D. Gray. 2018. Cross-Linguistic Data Formats, advancing data sharing and re-use in comparative linguistics. Scientific Data. Nature Publishing Group 5(1). 180205. <a href=""https://doi.org/10.1038/sdata.2018.205"">https://doi.org/10.1038/sdata.2018.205</a>.</p>
<p>Rajeg, Gede Primahadi Wijaya. 2023. Digitised, searchable Holle List in Stokhof (1980) (1.3.0). University of Oxford, UK. <a href=""https://doi.org/10.5281/zenodo.7972273"">https://doi.org/10.5281/zenodo.7972273</a> <a href=""https://engganolang.github.io/digitised-holle-list/"">https://engganolang.github.io/digitised-holle-list/</a> <a href=""https://ora.ox.ac.uk/objects/uuid:a511951b-86fb-4019-94d4-280efa83de02"">https://ora.ox.ac.uk/objects/uuid:a511951b-86fb-4019-94d4-280efa83de02</a></p>
<p>Stokhof, W. A. L. (ed.). 1980. Holle lists, vocabularies in languages of Indonesia, vol. 1: Introductory volume. Vol. Materials in Languages of Indonesia. Canberra, A.C.T., Australia: Dept. of Linguistics, Research School of Pacific Studies, The Australian National University. <a href=""https://core.ac.uk/reader/159464813"">https://core.ac.uk/reader/159464813</a>.</p>",,,1.3.1,"Rajeg, Gede Primahadi Wijaya",,10.5281/zenodo.8207711,10.5281/zenodo.7972273,7972273,2023-08-02T09:00:49.481763+00:00,2024-07-07T00:17:05.956506+00:00,lexibank;dumilah-fib-unud;holle-list;enggano;complexico,cc-by-sa-4.0,https://zenodo.org/records/8207711,8207711,holle-list;word-list;Holle-list;language-documentation;lexical-database,software,https://github.com/engganolang/digitised-holle-list/tree/1.3.1
8207767,CLDF dataset of the Enggano word list from 1895 in Stokhof and Almanar's (1987) Holle List,"<p>This repository contains the digitised Enggano word list (from 1895; see Stokhof and Almanar 1987 for the original source) that has been matched with the <a href=""https://engganolang.github.io/digitised-holle-list/"">digitised Holle List</a> (Rajeg 2023a; cf. Stokhof 1980), providing the English glosses for the Enggano forms. The data set conforms to the Cross-Linguistic Data Format (<a href=""https://cldf.clld.org/"">CLDF</a>) (Forkel et al. 2018).</p>
<p><em>The work in this repository is part of the <a href=""https://gtr.ukri.org/project/8AB0C3DC-F1C9-4CFA-BB4D-5BE748213372"">AHRC-funded project</a> on Lexical resources for Enggano, a threatened language of Indonesia (central webpage of the Enggano project: <a href=""https://enggano.ling-phil.ox.ac.uk/"">https://enggano.ling-phil.ox.ac.uk/</a>)</em></p>
Updates in version 1.1.0
<ul>
<li>Updating some of the Concepticon mappings for the unspecified forms (commit <a href=""https://github.com/engganolang/holle-list-enggano-1895/commit/4ddfd8ec592530ec3642fc5b96041b5d1c4d3e63"">4ddfd8e</a>)</li>
</ul>
References
<p>Forkel, Robert, Johann-Mattis List, Simon J. Greenhill, Christoph Rzymski, Sebastian Bank, Michael Cysouw, Harald Hammarström, Martin Haspelmath, Gereon A. Kaiping &amp; Russell D. Gray. 2018. Cross-Linguistic Data Formats, advancing data sharing and re-use in comparative linguistics. Scientific Data. Nature Publishing Group 5(1). 180205. <a href=""https://doi.org/10.1038/sdata.2018.205"">https://doi.org/10.1038/sdata.2018.205</a>.</p>
<p>Rajeg, Gede Primahadi Wijaya. 2023a. Digitised, Searchable Holle List in Stokhof (1980) [Data set]. (1.3.0). Zenodo. <a href=""https://doi.org/10.5281/ZENODO.7972273"">https://doi.org/10.5281/ZENODO.7972273</a>. <a href=""https://engganolang.github.io/digitised-holle-list/"">https://engganolang.github.io/digitised-holle-list/</a>. <a href=""https://ora.ox.ac.uk/objects/uuid:a511951b-86fb-4019-94d4-280efa83de02"">https://ora.ox.ac.uk/objects/uuid:a511951b-86fb-4019-94d4-280efa83de02</a></p>
<p>Rajeg, Gede Primahadi Wijaya. 2023b. CLDF dataset of the Enggano word list from 1895 in Stokhof and Almanar's (1987) Holle List [Data set]. <a href=""https://github.com/engganolang/holle-list-enggano-1895"">https://github.com/engganolang/holle-list-enggano-1895</a></p>
<p>Stokhof, W. A. L., ed. 1980. Holle Lists, Vocabularies in Languages of Indonesia, Vol. 1: Introductory Volume. Vol. Materials in Languages of Indonesia. Canberra, A.C.T., Australia: Dept. of Linguistics, Research School of Pacific Studies, The Australian National University. <a href=""https://core.ac.uk/reader/159464813"">https://core.ac.uk/reader/159464813</a>.</p>
<p>Stokhof, W. A. L., and Alma E. Almanar. 1987. Holle Lists, Vocabularies in Languages of Indonesia, Vol. 10/3: Islands Off the West Coast of Sumatra. Vol. Materials in Languages of Indonesia. Pacific Linguistics (Series d) 76. Canberra, A.C.T., Australia: Dept. of Linguistics, Research School of Pacific Studies, The Australian National University. <a href=""http://hdl.handle.net/1885/144589"">http://hdl.handle.net/1885/144589</a>.</p>",,,1.1.0,"Rajeg, Gede Primahadi Wijaya",,10.5281/zenodo.8207767,10.5281/zenodo.8038974,8038974,2023-08-02T09:20:20.257432+00:00,2024-07-07T00:15:40.398573+00:00,complexico;lexibank;holle-list;enggano,cc-by-sa-4.0,https://zenodo.org/records/8207767,8207767,Enggano;Holle List;Lexical database;Cross-Linguistic Data Format;CLDF,software,https://github.com/engganolang/holle-list-enggano-1895/tree/1.1.0
12672853,"CLDF dataset derived from von Rosenberg's ""De Mentawei-Eilanden en Hunne Bewoners"" from 1853","<p>Cite the source of the dataset as:</p>
<blockquote>
<p>Rosenberg, Carl Benjamin Hermann von. 1853. De Mentawei-Eilanden en Hunne Bewoners. <em>Tijdschrift voor Indische Taal-, Land- en Volkenkunde</em> 1. 403&ndash;440. Available online at <a href=""https://www.digitale-sammlungen.de/en/view/bsb10433845?page=450,451"" target=""_blank"" rel=""noopener"">https://www.digitale-sammlungen.de/en/view/bsb10433845?page=450,451</a></p>
</blockquote>",,,1.0.0,"Rajeg, Gede Primahadi Wijaya",,10.5281/zenodo.12672853,10.5281/zenodo.12672852,12672852,2024-07-06T13:34:18.742245+00:00,2024-07-06T13:41:12.619082+00:00,lexibank;complexico,cc-by-nc-sa-4.0,https://zenodo.org/records/12672853,12672853,cldf:Wordlist;linguistics;Mentawai,dataset,https://github.com/complexico/mentawai-word-list-1853/tree/1.0.0
12543015,"CLDF dataset derived from the ECAI digitization of Wurm and Hattori's ""Language Atlas of the Pacific Area"" from 1981 and 1983","<p>Cite the source of the dataset as:</p>
<blockquote>
<p>Wurm, S. &amp; Hattori, S. Language Atlas of the Pacific Area: New Guinea area, Oceania, Australia, vol. 66 of Pacific Linguistics: Series C (Canberra: Research School of Pacific and Asian Studies, Australian National University, Canberra, 1981).</p>
<p>Wurm, S. &amp; Hattori, S. Language Atlas of the Pacific Area: Japan area, Taiwan-Formosa, Philippines, Mainland and insular South-East Asia, vol. 67 of Pacific Linguistics: Series C (Canberra: Research School of Pacific and Asian Studies, Australian National University, Canberra, 1983).</p>
<p>Registered scans and GIS dataset released by the Electronic Cultural Atlas Initiative (ECAI).</p>
</blockquote>",,,v2.0,Stephen Wurm ; Shirô Hattori,David Blundell ; Lawrence Crissman ; Jeanette Zerneke ; Robert Forkel ; Harald Hammarström,10.5281/zenodo.12543015,10.5281/zenodo.11046587,11046587,2024-06-26T08:24:57.729686+00:00,2024-06-26T08:37:15.179532+00:00,cldf-datasets,cc-by-nc-4.0,https://zenodo.org/records/12543015,12543015,cldf:Generic;linguistics,dataset,https://github.com/cldf-datasets/languageatlasofthepacificarea/tree/v2.0
12304366,CLDF dataset derived from MaJeLeD (Macro-Je Lexical Database),"<p>Cite the source of the dataset as:</p>

<blockquote>
<p>Gerardi, F. F., Tresoldi, T. (2024)</p>
</blockquote>",,,v0.1-pre,"Gerardi, Fabrício Ferraz ; Tresoldi, Tiago",,10.5281/zenodo.12304366,10.5281/zenodo.12304365,12304365,2024-06-22T12:57:00.146952+00:00,2024-06-22T12:57:00.452661+00:00,,cc-by-4.0,https://zenodo.org/records/12304366,12304366,cldf:Wordlist;linguistics,dataset,https://github.com/tresoldi/macro-je/tree/v0.1-pre
11203768,"CLDF dataset derived from Heath et al's ""Dogon Comparative Wordlist"" from 2016","<p>Cite the source of the dataset as:</p>

<blockquote>
<p>Moran, Steven &amp; Forkel, Robert &amp; Heath, Jeffrey (eds.) 2016. Dogon and Bangime Linguistics. Jena: Max Planck Institute for the Science of Human History. (Available online at http://dogonlanguages.org, Accessed on 2023-08-10.)</p>
</blockquote>",,,v0.2.alpha,Jeffrey Heath ; Laura McPherson ; Kirill Prokhorov ; Steven Moran,Abbie Hantgan ; Johann-Mattis List,10.5281/zenodo.11203768,10.5281/zenodo.8238982,8238982,2024-05-16T11:59:34.818190+00:00,2024-05-16T11:59:35.021581+00:00,lexibank,cc-zero,https://zenodo.org/records/11203768,11203768,cldf:Wordlist;linguistics,dataset,https://github.com/languageorphans/heathdogon/tree/v0.2.alpha
11046588,"CLDF Geo data derived from the ECAI digitization of Wurm and Hattori ""Language Atlas of the Pacific Area"" from 1981 and 1983","<p>Cite the source of the dataset as:</p>

<blockquote>
<p>Language Atlas of the Pacific Geo-Registered - GIS Dataset</p>
</blockquote>",,,v1.0,Stephen Wurm ; Shirô Hattori,David Blundell ; Lawrence Crissman ; Jeanette Zerneke ; Robert Forkel ; Harald Hammarström,10.5281/zenodo.11046588,10.5281/zenodo.11046587,11046587,2024-04-23T10:20:41.878166+00:00,2024-04-23T10:20:42.092023+00:00,cldf-datasets,cc-by-4.0,https://zenodo.org/records/11046588,11046588,cldf:Generic;linguistics,dataset,https://github.com/cldf-datasets/languageatlasofthepacificarea/tree/v1.0
11044861,"CLDF dataset with phoneme inventories from the ""Journal of the IPA"", aggregated by Baird et al. (2021)","<p>Cite the source of the dataset as:</p>

<blockquote>
<p>Baird, L., Evans, N., &amp; Greenhill, S. J. (2021). Blowing in the wind: Using &#x27;North Wind and the Sun&#x27; texts to sample phoneme inventories. Journal of the International Phonetic Association, 1–42. doi:10.1017/s002510032000033x</p>
</blockquote>",,,v1.0,Louise Baird ; Nicholas Evans ; Simon J. Greenhill,Tiago Tresoldi ; Johann-Mattis List ; Robert Forkel,10.5281/zenodo.11044861,10.5281/zenodo.11044860,11044860,2024-04-23T07:01:55.897171+00:00,2024-04-23T07:01:56.087086+00:00,cldf-datasets,cc-zero,https://zenodo.org/records/11044861,11044861,cldf:StructureDataset;linguistics,dataset,https://github.com/cldf-datasets/jipa/tree/v1.0
11041625,"CLDF dataset derived Zalizniak et al.'s ""Database of Semantic Shifts"" from 2024","<p>Cite the source of the dataset as:</p>

<blockquote>
<p>Zalizniak A. et al (2024). Database of Semantic Shifts. Moscow: Institute of Linguistics, Russian Academy of Sciences. [Accessed on 05.02.2024]</p>
</blockquote>",,,v1.1rc,Anna Zalizniak ; Anna Smirnitskaya ; Maksim Russo (Rousseau) ; Ilya Gruntov ; Timur Maisak ; Dmitry Ganenkov ; Maria Bulakh ; Maria Orlova ; Marina Bobrik-Fremke ; Oksana Dereza ; Tatiana Mikhailova ; Maria Bibaeva ; Mikhail Voronov,Johann-Mattis List ; Christoph Rzymski,10.5281/zenodo.11041625,10.5281/zenodo.11004149,11004149,2024-04-22T18:39:27.084949+00:00,2024-04-22T18:39:27.280553+00:00,cldf-datasets,cc-by-4.0,https://zenodo.org/records/11041625,11041625,cldf:Wordlist;linguistics,dataset,https://github.com/lexibank/datsemshift/tree/v1.1rc
11004150,"CLDF dataset derived Zalizniak et al.'s ""Database of Semantic Shifts"" from 2024","<p>Cite the source of the dataset as:</p>

<blockquote>
<p>Zalizniak A. et al (2024). Database of Semantic Shifts. Moscow: Institute of Linguistics, Russian Academy of Sciences. [Accessed on 05.02.2024]</p>
</blockquote>",,,v.1.0.rc,Anna Zalizniak ; Anna Smirnitskaya ; Maksim Russo (Rousseau) ; Ilya Gruntov ; Timur Maisak ; Dmitry Ganenkov ; Maria Bulakh ; Maria Orlova ; Marina Bobrik-Fremke ; Oksana Dereza ; Tatiana Mikhailova ; Maria Bibaeva ; Mikhail Voronov,Johann-Mattis List,10.5281/zenodo.11004150,10.5281/zenodo.11004149,11004149,2024-04-21T11:11:00.892423+00:00,2024-04-21T11:11:01.137468+00:00,cldf-datasets,cc-by-4.0,https://zenodo.org/records/11004150,11004150,cldf:Wordlist;linguistics,dataset,https://github.com/lexibank/datsemshift/tree/v.1.0.rc
10990565,CLDF dataset derived from the DoReCo core corpus,"<p>Cite the source of the dataset as:</p>

<blockquote>
<p>Seifart, Frank, Ludger Paschen &amp; Matthew Stave (eds.). 2022. Language Documentation Reference Corpus (DoReCo) 1.2. Berlin &amp; Lyon: Leibniz-Zentrum Allgemeine Sprachwissenschaft &amp; laboratoire Dynamique Du Langage (UMR5596, CNRS &amp; Université Lyon 2). DOI:10.34847/nkl.7cbfq779</p>
</blockquote>
<p>Please note that when citing this dataset, it is NOT sufficient to refer to DoReCo as a whole, but the full citation for each individual corpus must be provided, including the name(s) of the creator(s) of each corpus.</p>

<blockquote>Ozerov, Pavel. 2022. Anal DoReCo dataset. In Seifart, Frank, Ludger Paschen and Matthew Stave (eds.). Language Documentation Reference Corpus (DoReCo) 1.2. Berlin &amp; Lyon: Leibniz-Zentrum Allgemeine Sprachwissenschaft &amp; laboratoire Dynamique Du Langage (UMR5596, CNRS &amp; Université Lyon 2). https://doreco.huma-num.fr/languages/anal1239. DOI:10.34847/nkl.0dbazp8m</blockquote>

<blockquote>Riesberg, Sonja. 2022. Yali (Apahapsili) DoReCo dataset. In Seifart, Frank, Ludger Paschen and Matthew Stave (eds.). Language Documentation Reference Corpus (DoReCo) 1.2. Berlin &amp; Lyon: Leibniz-Zentrum Allgemeine Sprachwissenschaft &amp; laboratoire Dynamique Du Langage (UMR5596, CNRS &amp; Université Lyon 2). https://doreco.huma-num.fr/languages/apah1238. DOI:10.34847/nkl.9d91nkq2</blockquote>

<blockquote>Cowell, Andrew. 2022. Arapaho DoReCo dataset. In Seifart, Frank, Ludger Paschen and Matthew Stave (eds.). Language Documentation Reference Corpus (DoReCo) 1.2. Berlin &amp; Lyon: Leibniz-Zentrum Allgemeine Sprachwissenschaft &amp; laboratoire Dynamique Du Langage (UMR5596, CNRS &amp; Université Lyon 2). https://doreco.huma-num.fr/languages/arap1274. DOI:10.34847/nkl.36f5r1b6</blockquote>

<blockquote>Cobbinah, Alexander Yao. 2022. Baïnounk Gubëeher DoReCo dataset. In Seifart, Frank, Ludger Paschen and Matthew Stave (eds.). Language Documentation Reference Corpus (DoReCo) 1.2. Berlin &amp; Lyon: Leibniz-Zentrum Allgemeine Sprachwissenschaft &amp; laboratoire Dynamique Du Langage (UMR5596, CNRS &amp; Université Lyon 2). https://doreco.huma-num.fr/languages/bain1259. DOI:10.34847/nkl.a332abw8</blockquote>

<blockquote>Vanhove, Martine. 2022. Beja DoReCo dataset. In Seifart, Frank, Ludger Paschen and Matthew Stave (eds.). Language Documentation Reference Corpus (DoReCo) 1.2. Berlin &amp; Lyon: Leibniz-Zentrum Allgemeine Sprachwissenschaft &amp; laboratoire Dynamique Du Langage (UMR5596, CNRS &amp; Université Lyon 2). https://doreco.huma-num.fr/languages/beja1238. DOI:10.34847/nkl.edd011t1</blockquote>

<blockquote>Seifart, Frank. 2022. Bora DoReCo dataset. In Seifart, Frank, Ludger Paschen and Matthew Stave (eds.). Language Documentation Reference Corpus (DoReCo) 1.2. Berlin &amp; Lyon: Leibniz-Zentrum Allgemeine Sprachwissenschaft &amp; laboratoire Dynamique Du Langage (UMR5596, CNRS &amp; Université Lyon 2). https://doreco.huma-num.fr/languages/bora1263. DOI:10.34847/nkl.6eaf5laq</blockquote>

<blockquote>Reiter, Sabine. 2022. Cashinahua DoReCo dataset. In Seifart, Frank, Ludger Paschen and Matthew Stave (eds.). Language Documentation Reference Corpus (DoReCo) 1.2. Berlin &amp; Lyon: Leibniz-Zentrum Allgemeine Sprachwissenschaft &amp; laboratoire Dynamique Du Langage (UMR5596, CNRS &amp; Université Lyon 2). https://doreco.huma-num.fr/languages/cash1254. DOI:10.34847/nkl.a8f9q2f1</blockquote>

<blockquote>Däbritz, Chris Lasse and Kudryakova, Nina and Stapert, Eugénie and Arkhipov, Alexandre. 2022. Dolgan DoReCo dataset. In Seifart, Frank, Ludger Paschen and Matthew Stave (eds.). Language Documentation Reference Corpus (DoReCo) 1.2. Berlin &amp; Lyon: Leibniz-Zentrum Allgemeine Sprachwissenschaft &amp; laboratoire Dynamique Du Langage (UMR5596, CNRS &amp; Université Lyon 2). https://doreco.huma-num.fr/languages/dolg1241. DOI:10.34847/nkl.f09eikq3</blockquote>

<blockquote>Kazakevich, Olga and Klyachko, Elena. 2022. Evenki DoReCo dataset. In Seifart, Frank, Ludger Paschen and Matthew Stave (eds.). Language Documentation Reference Corpus (DoReCo) 1.2. Berlin &amp; Lyon: Leibniz-Zentrum Allgemeine Sprachwissenschaft &amp; laboratoire Dynamique Du Langage (UMR5596, CNRS &amp; Université Lyon 2). https://doreco.huma-num.fr/languages/even1259. DOI:10.34847/nkl.5e0d27cu</blockquote>

<blockquote>Hellwig, Birgit. 2022. Goemai DoReCo dataset. In Seifart, Frank, Ludger Paschen and Matthew Stave (eds.). Language Documentation Reference Corpus (DoReCo) 1.2. Berlin &amp; Lyon: Leibniz-Zentrum Allgemeine Sprachwissenschaft &amp; laboratoire Dynamique Du Langage (UMR5596, CNRS &amp; Université Lyon 2). https://doreco.huma-num.fr/languages/goem1240. DOI:10.34847/nkl.b93664ml</blockquote>

<blockquote>Harvey, Andrew. 2022. Gorwaa DoReCo dataset. In Seifart, Frank, Ludger Paschen and Matthew Stave (eds.). Language Documentation Reference Corpus (DoReCo) 1.2. Berlin &amp; Lyon: Leibniz-Zentrum Allgemeine Sprachwissenschaft &amp; laboratoire Dynamique Du Langage (UMR5596, CNRS &amp; Université Lyon 2). https://doreco.huma-num.fr/languages/goro1270. DOI:10.34847/nkl.a4b4ijj2</blockquote>

<blockquote>Burenhult, Niclas. 2022. Jahai DoReCo dataset. In Seifart, Frank, Ludger Paschen and Matthew Stave (eds.). Language Documentation Reference Corpus (DoReCo) 1.2. Berlin &amp; Lyon: Leibniz-Zentrum Allgemeine Sprachwissenschaft &amp; laboratoire Dynamique Du Langage (UMR5596, CNRS &amp; Université Lyon 2). https://doreco.huma-num.fr/languages/jeha1242. DOI:10.34847/nkl.6a71xp0p</blockquote>

<blockquote>Kim, Soung-U. 2022. Jejuan DoReCo dataset. In Seifart, Frank, Ludger Paschen and Matthew Stave (eds.). Language Documentation Reference Corpus (DoReCo) 1.2. Berlin &amp; Lyon: Leibniz-Zentrum Allgemeine Sprachwissenschaft &amp; laboratoire Dynamique Du Langage (UMR5596, CNRS &amp; Université Lyon 2). https://doreco.huma-num.fr/languages/jeju1234. DOI:10.34847/nkl.06ebrk38</blockquote>

<blockquote>Vydrina, Alexandra. 2022. Kakabe DoReCo dataset. In Seifart, Frank, Ludger Paschen and Matthew Stave (eds.). Language Documentation Reference Corpus (DoReCo) 1.2. Berlin &amp; Lyon: Leibniz-Zentrum Allgemeine Sprachwissenschaft &amp; laboratoire Dynamique Du Langage (UMR5596, CNRS &amp; Université Lyon 2). https://doreco.huma-num.fr/languages/kaka1265. DOI:10.34847/nkl.d5aeu9t6</blockquote>

<blockquote>Gusev, Valentin and Klooster, Tiina and Wagner-Nagy, Beáta and Arkhipov, Alexandre. 2022. Kamas DoReCo dataset. In Seifart, Frank, Ludger Paschen and Matthew Stave (eds.). Language Documentation Reference Corpus (DoReCo) 1.2. Berlin &amp; Lyon: Leibniz-Zentrum Allgemeine Sprachwissenschaft &amp; laboratoire Dynamique Du Langage (UMR5596, CNRS &amp; Université Lyon 2). https://doreco.huma-num.fr/languages/kama1351. DOI:10.34847/nkl.cdd8177b</blockquote>

<blockquote>Hellwig, Birgit and Schneider-Blum, Gertrud and Ismail, Khaleel Bakheet Khaleel. 2022. Tabaq (Karko) DoReCo dataset. In Seifart, Frank, Ludger Paschen and Matthew Stave (eds.). Language Documentation Reference Corpus (DoReCo) 1.2. Berlin &amp; Lyon: Leibniz-Zentrum Allgemeine Sprachwissenschaft &amp; laboratoire Dynamique Du Langage (UMR5596, CNRS &amp; Université Lyon 2). https://doreco.huma-num.fr/languages/kark1256. DOI:10.34847/nkl.eea8144j</blockquote>

<blockquote>Döhler, Christian. 2022. Komnzo DoReCo dataset. In Seifart, Frank, Ludger Paschen and Matthew Stave (eds.). Language Documentation Reference Corpus (DoReCo) 1.2. Berlin &amp; Lyon: Leibniz-Zentrum Allgemeine Sprachwissenschaft &amp; laboratoire Dynamique Du Langage (UMR5596, CNRS &amp; Université Lyon 2). https://doreco.huma-num.fr/languages/komn1238. DOI:10.34847/nkl.c5e6dudv</blockquote>

<blockquote>Bartels, Hauke and Szczepański, Marcin. 2022. Lower Sorbian DoReCo dataset. In Seifart, Frank, Ludger Paschen and Matthew Stave (eds.). Language Documentation Reference Corpus (DoReCo) 1.2. Berlin &amp; Lyon: Leibniz-Zentrum Allgemeine Sprachwissenschaft &amp; laboratoire Dynamique Du Langage (UMR5596, CNRS &amp; Université Lyon 2). https://doreco.huma-num.fr/languages/lowe1385. DOI:10.34847/nkl.6c6e4e9k</blockquote>

<blockquote>Haude, Katharina. 2022. Movima DoReCo dataset. In Seifart, Frank, Ludger Paschen and Matthew Stave (eds.). Language Documentation Reference Corpus (DoReCo) 1.2. Berlin &amp; Lyon: Leibniz-Zentrum Allgemeine Sprachwissenschaft &amp; laboratoire Dynamique Du Langage (UMR5596, CNRS &amp; Université Lyon 2). https://doreco.huma-num.fr/languages/movi1243. DOI:10.34847/nkl.da42xf67</blockquote>

<blockquote>Ponsonnet, Maïa. 2022. Dalabon DoReCo dataset. In Seifart, Frank, Ludger Paschen and Matthew Stave (eds.). Language Documentation Reference Corpus (DoReCo) 1.2. Berlin &amp; Lyon: Leibniz-Zentrum Allgemeine Sprachwissenschaft &amp; laboratoire Dynamique Du Langage (UMR5596, CNRS &amp; Université Lyon 2). https://doreco.huma-num.fr/languages/ngal1292. DOI:10.34847/nkl.fae299ug</blockquote>

<blockquote>Güldemann, Tom and Ernszt, Martina and Siegmund, Sven and Witzlack-Makarevich, Alena. 2022. Nǁng DoReCo dataset. In Seifart, Frank, Ludger Paschen and Matthew Stave (eds.). Language Documentation Reference Corpus (DoReCo) 1.2. Berlin &amp; Lyon: Leibniz-Zentrum Allgemeine Sprachwissenschaft &amp; laboratoire Dynamique Du Langage (UMR5596, CNRS &amp; Université Lyon 2). https://doreco.huma-num.fr/languages/nngg1234. DOI:10.34847/nkl.f6c37fi0</blockquote>

<blockquote>Haig, Geoff and Vollmer, Maria and Thiele, Hanna. 2022. Northern Kurdish (Kurmanji) DoReCo dataset. In Seifart, Frank, Ludger Paschen and Matthew Stave (eds.). Language Documentation Reference Corpus (DoReCo) 1.2. Berlin &amp; Lyon: Leibniz-Zentrum Allgemeine Sprachwissenschaft &amp; laboratoire Dynamique Du Langage (UMR5596, CNRS &amp; Université Lyon 2). https://doreco.huma-num.fr/languages/nort2641. DOI:10.34847/nkl.ca10ez5t</blockquote>

<blockquote>Franjieh, Michael. 2022. Fanbyak DoReCo dataset. In Seifart, Frank, Ludger Paschen and Matthew Stave (eds.). Language Documentation Reference Corpus (DoReCo) 1.2. Berlin &amp; Lyon: Leibniz-Zentrum Allgemeine Sprachwissenschaft &amp; laboratoire Dynamique Du Langage (UMR5596, CNRS &amp; Université Lyon 2). https://doreco.huma-num.fr/languages/orko1234. DOI:10.34847/nkl.02084446</blockquote>

<blockquote>Ring, Hiram. 2022. Pnar DoReCo dataset. In Seifart, Frank, Ludger Paschen and Matthew Stave (eds.). Language Documentation Reference Corpus (DoReCo) 1.2. Berlin &amp; Lyon: Leibniz-Zentrum Allgemeine Sprachwissenschaft &amp; laboratoire Dynamique Du Langage (UMR5596, CNRS &amp; Université Lyon 2). https://doreco.huma-num.fr/languages/pnar1238. DOI:10.34847/nkl.5ba1062k</blockquote>

<blockquote>Krifka, Manfred. 2022. Daakie DoReCo dataset. In Seifart, Frank, Ludger Paschen and Matthew Stave (eds.). Language Documentation Reference Corpus (DoReCo) 1.2. Berlin &amp; Lyon: Leibniz-Zentrum Allgemeine Sprachwissenschaft &amp; laboratoire Dynamique Du Langage (UMR5596, CNRS &amp; Université Lyon 2). https://doreco.huma-num.fr/languages/port1286. DOI:10.34847/nkl.efeav5l9</blockquote>

<blockquote>Seifart, Frank. 2022. Resígaro DoReCo dataset. In Seifart, Frank, Ludger Paschen and Matthew Stave (eds.). Language Documentation Reference Corpus (DoReCo) 1.2. Berlin &amp; Lyon: Leibniz-Zentrum Allgemeine Sprachwissenschaft &amp; laboratoire Dynamique Du Langage (UMR5596, CNRS &amp; Université Lyon 2). https://doreco.huma-num.fr/languages/resi1247. DOI:10.34847/nkl.ffb96lo8</blockquote>

<blockquote>Witzlack-Makarevich, Alena and Namyalo, Saudah and Kiriggwajjo, Anatol and Molochieva, Zarina. 2022. Ruuli DoReCo dataset. In Seifart, Frank, Ludger Paschen and Matthew Stave (eds.). Language Documentation Reference Corpus (DoReCo) 1.2. Berlin &amp; Lyon: Leibniz-Zentrum Allgemeine Sprachwissenschaft &amp; laboratoire Dynamique Du Langage (UMR5596, CNRS &amp; Université Lyon 2). https://doreco.huma-num.fr/languages/ruul1235. DOI:10.34847/nkl.fde4pp1u</blockquote>

<blockquote>Xu, Xianming and Bai, Bibo. 2022. Sadu DoReCo dataset. In Seifart, Frank, Ludger Paschen and Matthew Stave (eds.). Language Documentation Reference Corpus (DoReCo) 1.2. Berlin &amp; Lyon: Leibniz-Zentrum Allgemeine Sprachwissenschaft &amp; laboratoire Dynamique Du Langage (UMR5596, CNRS &amp; Université Lyon 2). https://doreco.huma-num.fr/languages/sadu1234. DOI:10.34847/nkl.3db4u59d</blockquote>

<blockquote>Forker, Diana and Schiborr, Nils Norman. 2022. Sanzhi Dargwa DoReCo dataset. In Seifart, Frank, Ludger Paschen and Matthew Stave (eds.). Language Documentation Reference Corpus (DoReCo) 1.2. Berlin &amp; Lyon: Leibniz-Zentrum Allgemeine Sprachwissenschaft &amp; laboratoire Dynamique Du Langage (UMR5596, CNRS &amp; Université Lyon 2). https://doreco.huma-num.fr/languages/sanz1248. DOI:10.34847/nkl.81934177</blockquote>

<blockquote>Wegener, Claudia. 2022. Savosavo DoReCo dataset. In Seifart, Frank, Ludger Paschen and Matthew Stave (eds.). Language Documentation Reference Corpus (DoReCo) 1.2. Berlin &amp; Lyon: Leibniz-Zentrum Allgemeine Sprachwissenschaft &amp; laboratoire Dynamique Du Langage (UMR5596, CNRS &amp; Université Lyon 2). https://doreco.huma-num.fr/languages/savo1255. DOI:10.34847/nkl.b74d1b33</blockquote>

<blockquote>Thieberger, Nick. 2022. Nafsan (South Efate) DoReCo dataset. In Seifart, Frank, Ludger Paschen and Matthew Stave (eds.). Language Documentation Reference Corpus (DoReCo) 1.2. Berlin &amp; Lyon: Leibniz-Zentrum Allgemeine Sprachwissenschaft &amp; laboratoire Dynamique Du Langage (UMR5596, CNRS &amp; Université Lyon 2). https://doreco.huma-num.fr/languages/sout2856. DOI:10.34847/nkl.ba4f760l</blockquote>

<blockquote>Schiborr, Nils Norman. 2022. English (Southern England) DoReCo dataset. In Seifart, Frank, Ludger Paschen and Matthew Stave (eds.). Language Documentation Reference Corpus (DoReCo) 1.2. Berlin &amp; Lyon: Leibniz-Zentrum Allgemeine Sprachwissenschaft &amp; laboratoire Dynamique Du Langage (UMR5596, CNRS &amp; Université Lyon 2). https://doreco.huma-num.fr/languages/sout3282. DOI:10.34847/nkl.9c271u5g</blockquote>

<blockquote>Avanzi, Mathieu and Béguelin, Marie-José and Corminboeuf, Gilles and Diémoz, Federica and Johnsen, Laure Anne. 2022. French (Swiss) DoReCo dataset. In Seifart, Frank, Ludger Paschen and Matthew Stave (eds.). Language Documentation Reference Corpus (DoReCo) 1.2. Berlin &amp; Lyon: Leibniz-Zentrum Allgemeine Sprachwissenschaft &amp; laboratoire Dynamique Du Langage (UMR5596, CNRS &amp; Université Lyon 2). https://doreco.huma-num.fr/languages/stan1290. DOI:10.34847/nkl.3520l685</blockquote>

<blockquote>Teo, Amos. 2022. Sümi DoReCo dataset. In Seifart, Frank, Ludger Paschen and Matthew Stave (eds.). Language Documentation Reference Corpus (DoReCo) 1.2. Berlin &amp; Lyon: Leibniz-Zentrum Allgemeine Sprachwissenschaft &amp; laboratoire Dynamique Du Langage (UMR5596, CNRS &amp; Université Lyon 2). https://doreco.huma-num.fr/languages/sumi1235. DOI:10.34847/nkl.5ad4t01p</blockquote>

<blockquote>Gippert, Jost. 2022. Svan DoReCo dataset. In Seifart, Frank, Ludger Paschen and Matthew Stave (eds.). Language Documentation Reference Corpus (DoReCo) 1.2. Berlin &amp; Lyon: Leibniz-Zentrum Allgemeine Sprachwissenschaft &amp; laboratoire Dynamique Du Langage (UMR5596, CNRS &amp; Université Lyon 2). https://doreco.huma-num.fr/languages/svan1243. DOI:10.34847/nkl.9ba054c3</blockquote>

<blockquote>Bogomolova, Natalia and Ganenkov, Dmitry and Schiborr, Nils Norman. 2022. Tabasaran DoReCo dataset. In Seifart, Frank, Ludger Paschen and Matthew Stave (eds.). Language Documentation Reference Corpus (DoReCo) 1.2. Berlin &amp; Lyon: Leibniz-Zentrum Allgemeine Sprachwissenschaft &amp; laboratoire Dynamique Du Langage (UMR5596, CNRS &amp; Université Lyon 2). https://doreco.huma-num.fr/languages/taba1259. DOI:10.34847/nkl.ad7f97xr</blockquote>

<blockquote>Mosel, Ulrike. 2022. Teop DoReCo dataset. In Seifart, Frank, Ludger Paschen and Matthew Stave (eds.). Language Documentation Reference Corpus (DoReCo) 1.2. Berlin &amp; Lyon: Leibniz-Zentrum Allgemeine Sprachwissenschaft &amp; laboratoire Dynamique Du Langage (UMR5596, CNRS &amp; Université Lyon 2). https://doreco.huma-num.fr/languages/teop1238. DOI:10.34847/nkl.9322sdf2</blockquote>

<blockquote>Wichmann, Søren. 2022. Texistepec Popoluca DoReCo dataset. In Seifart, Frank, Ludger Paschen and Matthew Stave (eds.). Language Documentation Reference Corpus (DoReCo) 1.2. Berlin &amp; Lyon: Leibniz-Zentrum Allgemeine Sprachwissenschaft &amp; laboratoire Dynamique Du Langage (UMR5596, CNRS &amp; Université Lyon 2). https://doreco.huma-num.fr/languages/texi1237. DOI:10.34847/nkl.c50ck58f</blockquote>

<blockquote>Rose, Françoise. 2022. Mojeño Trinitario DoReCo dataset. In Seifart, Frank, Ludger Paschen and Matthew Stave (eds.). Language Documentation Reference Corpus (DoReCo) 1.2. Berlin &amp; Lyon: Leibniz-Zentrum Allgemeine Sprachwissenschaft &amp; laboratoire Dynamique Du Langage (UMR5596, CNRS &amp; Université Lyon 2). https://doreco.huma-num.fr/languages/trin1278. DOI:10.34847/nkl.cbc3b4xr</blockquote>

<blockquote>Griscom, Richard. 2022. Asimjeeg Datooga DoReCo dataset. In Seifart, Frank, Ludger Paschen and Matthew Stave (eds.). Language Documentation Reference Corpus (DoReCo) 1.2. Berlin &amp; Lyon: Leibniz-Zentrum Allgemeine Sprachwissenschaft &amp; laboratoire Dynamique Du Langage (UMR5596, CNRS &amp; Université Lyon 2). https://doreco.huma-num.fr/languages/tsim1256. DOI:10.34847/nkl.f77c7m72</blockquote>

<blockquote>Schnell, Stefan. 2022. Vera&#x27;a DoReCo dataset. In Seifart, Frank, Ludger Paschen and Matthew Stave (eds.). Language Documentation Reference Corpus (DoReCo) 1.2. Berlin &amp; Lyon: Leibniz-Zentrum Allgemeine Sprachwissenschaft &amp; laboratoire Dynamique Du Langage (UMR5596, CNRS &amp; Université Lyon 2). https://doreco.huma-num.fr/languages/vera1241. DOI:10.34847/nkl.3e2cu8c4</blockquote>

<blockquote>Michaud, Alexis. 2022. Yongning Na DoReCo dataset. In Seifart, Frank, Ludger Paschen and Matthew Stave (eds.). Language Documentation Reference Corpus (DoReCo) 1.2. Berlin &amp; Lyon: Leibniz-Zentrum Allgemeine Sprachwissenschaft &amp; laboratoire Dynamique Du Langage (UMR5596, CNRS &amp; Université Lyon 2). https://doreco.huma-num.fr/languages/yong1270. DOI:10.34847/nkl.abe65p95</blockquote>",,,v1.2.1,Frank Seifart ; Ludger Paschen ; Matthew Stave ; Robert Forkel ; Frederic Blum,,10.5281/zenodo.10990565,10.5281/zenodo.10401966,10401966,2024-04-18T07:37:39.100420+00:00,2024-04-18T07:37:39.308313+00:00,cldf-datasets,cc-zero,https://zenodo.org/records/10990565,10990565,cldf:Generic;linguistics,dataset,https://github.com/cldf-datasets/doreco/tree/v1.2.1
10988938,"CLDF dataset reflecting Zariquiey, Blum et al.'s ""Tracing the Evolution of Panoan Languages in Parallel with Archaeological Changes in the Ucayali Basin"", work in progress.","<p>Cite the source of the dataset as:</p>

<blockquote>
<p>Zariquiey, Roberto and Blum, Frederic and Valenzuela, Pilar and Koile, Ezequiel and Blasi, Damian and Gray, Russell and List, Johann-Mattis. &quot;Tracing the Evolution of Panoan Languages in Parallel with Archaeological Changes in the Ucayali Basin&quot; (work in progress).</p>
</blockquote>",,,v0.1,Roberto Zariquiey ; Frederic Blum ; Johann-Mattis List,,10.5281/zenodo.10988938,10.5281/zenodo.10988937,10988937,2024-04-17T20:59:03.061865+00:00,2024-04-17T20:59:03.256828+00:00,,cc-by-4.0,https://zenodo.org/records/10988938,10988938,cldf:Wordlist;linguistics,dataset,https://github.com/pano-tacanan-history/zariquieypano/tree/v0.1
10955934,CLDF dataset on Body Part Colexifications,CLDF dataset on Body Part Colexifications,,,v1.0,"Tjuka, Annika ; Forkel, Robert ; List, Johann-Mattis",,10.5281/zenodo.10955934,10.5281/zenodo.10955933,10955933,2024-04-10T16:02:50.530893+00:00,2024-04-10T16:06:42.214099+00:00,cldf-datasets,cc-by-4.0,https://zenodo.org/records/10955934,10955934,cldf:Wordlist;linguistics,dataset,https://github.com/clics/clicsbp/tree/v1.0
10940165,"CLDF dataset derived from Blum et al.'s (2024) ""A Comparative Wordlist for Investigating Distant Relations Among Languages in Lowland South America""","<p>Cite the source of the dataset as:</p>

<blockquote>
<p>Blum, Frederic and Barrientos, Carlos and Zariquiey, Roberto and List, Johann-Mattis. 2024. A Comparative Wordlist for Investigating Distant Relations Among Languages in Lowland South America. *Scientific Data* 11(92). https://doi.org/10.1038/s41597-024-02928-7</p>
</blockquote>",,,v1.0.1,Frederic Blum ; Carlos M. B. Ugarte ; Roberto Zariquiey ; Johann-Mattis List,,10.5281/zenodo.10940165,10.5281/zenodo.10054440,10054440,2024-04-08T09:32:22.782648+00:00,2024-04-08T09:32:22.975341+00:00,lexibank,cc-by-4.0,https://zenodo.org/records/10940165,10940165,cldf:Wordlist;linguistics,dataset,https://github.com/pano-tacanan-history/blumpanotacana/tree/v1.0.1
10940158,"CLDF dataset derived from Blum et al.'s (2024) ""A Comparative Wordlist for Investigating Distant Relations Among Languages in Lowland South America""","<p>Cite the source of the dataset as:</p>

<blockquote>
<p>Blum, Frederic and Barrientos, Carlos and Zariquiey, Roberto and List, Johann-Mattis. 2024. A Comparative Wordlist for Investigating Distant Relations Among Languages in Lowland South America. *Scientific Data* 11(92). https://doi.org/10.1038/s41597-024-02928-7</p>
</blockquote>",,,v1.0.0,Frederic Blum ; Carlos M. B. Ugarte ; Roberto Zariquiey ; Johann-Mattis List,,10.5281/zenodo.10940158,10.5281/zenodo.10054440,10054440,2024-04-08T09:31:01.060623+00:00,2024-04-08T09:31:01.213118+00:00,lexibank,cc-by-4.0,https://zenodo.org/records/10940158,10940158,cldf:Wordlist;linguistics,dataset,https://github.com/pano-tacanan-history/blumpanotacana/tree/v1.0.0
10821732,Vanuatu Voices,<p>Available online at https://vanuatuvoices.clld.org</p>,,,v1.1,Lana Takau ; Mary Walworth ; Aviva Shimelman ; Sandrine Bessis ; Tom Ennever ; Iveth Rodriguez ; Hans-Jörg Bibiko ; Daria Dërmaku ; Murray Garde ; Marie-France Duhamel ; Giovanni Abete ; Laura Wägerle ; Kaitip W. Kami ; Russell Gray,Robert Forkel ; Johann-Mattis List ; Tihomir Rangelov,10.5281/zenodo.10821732,10.5281/zenodo.4309140,4309140,2024-03-15T11:58:48.820519+00:00,2024-04-02T13:05:26.557265+00:00,lexibank,cc-by-nc-4.0,https://zenodo.org/records/10821732,10821732,cldf:Wordlist;linguistics,dataset,https://github.com/lexibank/vanuatuvoices/tree/v1.1
10907516,Kalamang IDS wordlist by Eline Visser,"<p>Cite the source of the dataset as:</p>

<blockquote>
<p>Eline Visser. 2021. Kalamang dictionary. In: Key, Mary Ritchie &amp; Comrie, Bernard (eds.) The Intercontinental Dictionary Series. Leipzig: Max Planck Institute for Evolutionary Anthropology. (Available online at https://ids.clld.org/)</p>
</blockquote>",,,v2.1,Eline Visser ; Hans-Jörg Bibiko,,10.5281/zenodo.10907516,10.5281/zenodo.4518506,4518506,2024-04-02T10:00:22.009840+00:00,2024-04-02T10:00:22.212917+00:00,lexibank,cc-by-4.0,https://zenodo.org/records/10907516,10907516,cldf:Wordlist;linguistics,dataset,https://github.com/intercontinental-dictionary-series/visserkalamang/tree/v2.1
10907379,Ende (Papua New Guinea) IDS wordlist by Kate Lynn Lindsey,"<p>Cite the source of the dataset as:</p>

<blockquote>
<p>Kate Lynn Lindsey. 2020. Ende (Papua New Guinea) dictionary. In: Key, Mary Ritchie &amp; Comrie, Bernard (eds.) The Intercontinental Dictionary Series. Leipzig: Max Planck Institute for Evolutionary Anthropology. (Available online at https://ids.clld.org/)</p>
</blockquote>",,,v2.1,Kate Lynn Lindsey ; Hans-Jörg Bibiko,,10.5281/zenodo.10907379,10.5281/zenodo.4280602,4280602,2024-04-02T09:27:25.837103+00:00,2024-04-02T09:27:26.055412+00:00,lexibank,cc-by-4.0,https://zenodo.org/records/10907379,10907379,cldf:Wordlist;linguistics,dataset,https://github.com/intercontinental-dictionary-series/lindseyende/tree/v2.1
10843349,"CLDF dataset derived from Carroll et al. ""Yamfinder: The Southern New Guinea Lexical Database""","<p>Cite the source of the dataset as:</p>

<blockquote>
<p>Carroll, Matthew J., Barth, Wolfgang, Nicholas Evans, I Wayan Arka, Christian Döhler, Eri Kashima, Volker Gast, Tina Gregor, Kate L. Lindsey, Julia Miller, Emil Mittag, Bruno Olsson, Dineke Schokkin, Jeff Siegel, Charlotte van Tongeren, Kyla Quinn. [DATE ACCESSED]. Yamfinder: Southern New Guinea Lexical Database. Available online at: http://www.yamfinder.com</p>
</blockquote>",,,v1.0,Mae Carroll ; Wolfgang Barth ; Nicholas Evans ; I Wayan Arka ; Christian Döhler ; Eri Kashima ; Volker Gast ; Tina Gregor ; Kate L. Lindsey ; Julia Miller ; Emil Mittag ; Bruno Olsson ; Dineke Schokkin ; Jeff Siegel ; Charlotte van Tongeren ; Kyla Quinn,Mae Carroll ; Wolfgang Barth ; Nicholas Evans ; I Wayan Arka ; Christian Döhler ; Eri Kashima ; Volker Gast ; Tina Gregor ; Kate L. Lindsey ; Julia Miller ; Emil Mittag ; Bruno Olsson ; Dineke Schokkin ; Jeff Siegel ; Charlotte van Tongeren ; Kyla Quinn ; Don Daniels ; Samuel Kirkpatrick ; Petra Gulicher ; Robert Forkel,10.5281/zenodo.10843349,10.5281/zenodo.10843348,10843348,2024-03-20T10:25:30.342488+00:00,2024-03-20T10:25:30.608770+00:00,cldf-datasets,cc-by-4.0,https://zenodo.org/records/10843349,10843349,cldf:Wordlist;linguistics,dataset,https://github.com/lexibank/yamfinder/tree/v1.0
10794044,The Catalogue of Endangered Languages as CLDF dataset,"<p>Cite the source of the dataset as:</p>

<blockquote>
<p>Catalogue of Endangered Languages. 2023. University of Hawaii at Manoa. http://www.endangeredlanguages.com</p>
</blockquote>",,,v2024,Lyle Campbell ; Gary Holton ; Anna Belew,Lyle Campbell ; Lyle Campbell ; Lyle Campbell ; Gary Holton ; Gary Holton ; Anna Belew ; Anna Belew ; Sean Simpson ; John Van Way ; Amy Brunett ; Jacob Collard ; Kristen Dunkinson ; Raina Heaton ; Uliana Kazagasheva ; Huiying Nala Lee ; Lwin Moe ; Eve Okura ; Kaori Ueki ; Brent Woo ; Willem F.H. Adelaar ; Greg Anderson ; I. Wayan Arka ; Habib Borjian ; Claire Bowern ; David Bradley ; Matthias Brenzinger ; Charles Häberl ; Alice C. Harris ; Juha Janhunen ; Brian Joseph ; Martin Maiden ; Bill Palmer ; Keren Rice ; David Solnit ; George Van Driem ; James Woodward ; Carolina Aragon ; Katie Butler ; Joelle Kirtley ; Stephanie Locke ; Colleen O'Brien ; Melody Ann Ross-Nathaniel ; Robert Forkel,10.5281/zenodo.10794044,10.5281/zenodo.7871166,7871166,2024-03-07T14:26:12.053531+00:00,2024-03-07T14:26:12.596749+00:00,cldf-datasets,cc-by-4.0,https://zenodo.org/records/10794044,10794044,cldf:StructureDataset;linguistics,dataset,https://github.com/cldf-datasets/elcat/tree/v2024
10694170,CLDF dataset for the GATA (Grammars Across Time Analyzed) dataset,"<p>Cite the dataset as:</p>

<blockquote>
<p>Frederic Blum, Carlos Barrientos, Adriano Ingunza, Damian E. Blasi &amp; Roberto Zariquiey. (2023). CLDF dataset for `Grammars Analyzed Across Time` (GATA).</p>
</blockquote>",,,v.1.1.0,Frederic Blum ; Carlos Barrientos ; Adriano Ingunza ; Damián E. Blasi ; Roberto Zariquiey,,10.5281/zenodo.10694170,10.5281/zenodo.7294752,7294752,2024-02-22T16:02:36.062265+00:00,2024-02-22T16:02:36.264843+00:00,,cc-by-4.0,https://zenodo.org/records/10694170,10694170,cldf:Generic;linguistics;language obsolescence,dataset,https://github.com/cldf-datasets/gata/tree/v.1.1.0
10678876,"CLDF dataset derived from Heggarty, Paul & Anderson, Cormac & Scarborough, Matthew's ""Indo-European Cognate Relationships database"" ([IE-CoR version 1.0](https://github.com/lexibank/iecor/releases/tag/v1.0)) from 2019","<p>Cite the source of the dataset as:</p>

<blockquote>
<p>Heggarty, Paul &amp; Anderson, Cormac &amp; Scarborough, Matthew 2024. Indo-European Cognate Relationships database (IE-CoR version 1.1). Leipzig: Max Planck Institute for Evolutionary Anthropology</p>
</blockquote>",,,v1.1,Paul Heggarty ; Cormac Anderson ; Matthew Scarborough ; Hans-Jörg Bibiko,Paul Heggarty ; Paul Heggarty ; Cormac Anderson ; Cormac Anderson ; Matthew Scarborough ; Matthew Scarborough,10.5281/zenodo.10678876,10.5281/zenodo.8089433,8089433,2024-02-19T11:19:50.240407+00:00,2024-02-19T11:19:50.376893+00:00,lexibank,cc-by-4.0,https://zenodo.org/records/10678876,10678876,cldf:Wordlist;linguistics,dataset,https://github.com/lexibank/iecor/tree/v1.1
10555859,The Tsez Annotated Corpus Project,"<p>Cite the source of the dataset as:</p>

<blockquote>
<p>Abdulaev, A.K. &amp; I. K. Abdullaev. 2010. Cezyas folklor/Dido (Tsez) folklore/Didojskij (cezskij) fol´klor. Leipzig–Makhachkala: ""Lotos"".</p>
</blockquote>",,,v2.0,A.K. Abdulaev ; I.K. Abdullaev ; André Müller ; Evgeniya Zhivotova ; Bernard Comrie,Bernard Comrie ; Ilya Khait ; Robert Forkel,10.5281/zenodo.10555859,10.5281/zenodo.7096349,7096349,2024-01-23T12:17:18.637691+00:00,2024-01-23T12:17:18.823898+00:00,cldf-datasets,cc-by-4.0,https://zenodo.org/records/10555859,10555859,cldf:Dictionary;cldf:TextCorpus;linguistics,dataset,https://github.com/cldf-datasets/tsezacp/tree/v2.0
10555488,"Speaker areas for Uralic languages as CLDF dataset derived from Rantanen et al. ""Geographical database of the Uralic languages""","<p>Cite the source of the dataset as:</p>

<blockquote>
<p>Rantanen, Timo, Vesakoski, Outi, Ylikoski, Jussi, &amp; Tolvanen, Harri. (2021). Geographical database of the Uralic languages (Version v1.0) [Data set]. Zenodo. http://doi.org/10.5281/zenodo.4784188</p>
</blockquote>",,,v1.0,Timo Rantanen ; Miina Norvik ; Robert Forkel,,10.5281/zenodo.10555488,10.5281/zenodo.10555487,10555487,2024-01-23T11:22:14.840335+00:00,2024-01-23T11:22:15.308209+00:00,,cc-by-4.0,https://zenodo.org/records/10555488,10555488,cldf:Generic;linguistics,dataset,https://github.com/cldf-datasets/rantanenurageo/tree/v1.0
10522847,D-PLACE dataset derived from Murdock et al. 1999 'Ethnographic Atlas',"<p>Cite the source of the dataset as:</p>

<blockquote>
<p>Murdock, G. P., R. Textor, H. Barry, III, D. R. White, J. P. Gray, and W. T. Divale. 1999. Ethnographic Atlas. World Cultures 10:24-136 (codebook)</p>
</blockquote>",,,v3.0.1,"Murdock, G. P. ; R. Textor ; H. Barry, III ; D. R. White ; J. P. Gray ; W. T. Divale",Kathryn R. Kirby ; Russell D. Gray ; Simon J. Greenhill ; Fiona M. Jordan ; Stephanie Gomes-Ng ; Hans-Jörg Bibiko ; Damián E. Blasi ; Carlos A. Botero ; Claire Bowern ; Carol R. Ember ; Dan Leehr ; Bobbi S. Low ; Joe McCarter ; William Divale ; Michael C. Gavin,10.5281/zenodo.10522847,10.5281/zenodo.10177060,10177060,2024-01-17T14:10:38.731195+00:00,2024-01-17T14:10:38.909875+00:00,dplace,cc-by-nc-4.0,https://zenodo.org/records/10522847,10522847,cldf:StructureDataset;linguistics,dataset,https://github.com/D-PLACE/dplace-dataset-ea/tree/v3.0.1
10495417,"CLDF dataset derived from Barlow's ""Numerals of the Pacific"" from 2024","<p>Cite the source of the dataset as:</p>

<blockquote>
<p>Barlow, Russell (ed.). 2024. Numerals of the Pacific: A collection of numeral terms in Austronesian and Papuan languages.</p>
</blockquote>",,,v1.5,Russell Barlow,Christoph Rzymski,10.5281/zenodo.10495417,10.5281/zenodo.5596346,5596346,2024-01-12T09:40:35.199077+00:00,2024-01-12T09:40:35.375009+00:00,lexibank,cc-by-4.0,https://zenodo.org/records/10495417,10495417,cldf:Wordlist;linguistics,dataset,https://github.com/numeralbank/barlowpacific/tree/v1.5
10201382,D-PLACE dataset derived from Bertolo et al. 2023 'Cross-cultural music corpus: The Expanded Natural History of Song Discography',"<p>Cite the source of the dataset as:</p>

<blockquote>
<p>Mila Bertolo, Martynas Snarskis, Manvir Singh, &amp; Samuel Mehr. (2023, August 8). Cross-cultural music corpus: The Expanded Natural History of Song Discography. Zenodo. https://doi.org/10.5281/zenodo.8378337</p>
</blockquote>",,,v3.0,Mila Bertolo ; Martynas Snarskis ; Manvir Singh ; Samuel Mehr,Martynas Snarskis ; Robert Forkel ; Robert Forkel,10.5281/zenodo.10201382,10.5281/zenodo.10201381,10201381,2023-11-23T15:29:32.528812+00:00,2024-01-04T09:34:07.785813+00:00,dplace,cc-by-4.0,https://zenodo.org/records/10201382,10201382,cldf:StructureDataset;linguistics,dataset,https://github.com/D-PLACE/dplace-dataset-ccmc/tree/v3.0
10453887,D-PLACE aggregated dataset,"<p>Cite the source of the dataset as:</p>

<blockquote>
<p>Kathryn R. Kirby, Russell D. Gray, Simon J. Greenhill, Fiona M. Jordan, Stephanie Gomes-Ng, Hans-Jörg Bibiko, Damián E. Blasi, Carlos A. Botero, Claire Bowern, Carol R. Ember, Dan Leehr, Bobbi S. Low, Joe McCarter, William Divale, and Michael C. Gavin. (2016). D-PLACE: A Global Database of Cultural, Linguistic and Environmental Diversity. PLoS ONE, 11(7): e0158391. doi:10.1371/journal.pone.0158391.</p>
</blockquote>",,,v3.0.0,Kathryn R. Kirby ; Russell D. Gray ; Simon J. Greenhill ; Fiona M. Jordan ; Stephanie Gomes-Ng ; Hans-Jörg Bibiko ; Damián E. Blasi ; Carlos A. Botero ; Claire Bowern ; Carol R. Ember ; Dan Leehr ; Bobbi S. Low ; Joe McCarter ; William Divale ; Michael C. Gavin,Robert Forkel,10.5281/zenodo.10453887,10.5281/zenodo.3935419,3935419,2024-01-03T10:21:00.786953+00:00,2024-01-03T10:21:00.949502+00:00,cldf-datasets;dplace,cc-by-nc-4.0,https://zenodo.org/records/10453887,10453887,cldf:StructureDataset;linguistics,dataset,https://github.com/D-PLACE/dplace-cldf/tree/v3.0.0
10450408,"CLDF dataset derived from Blum et al.'s ""A Comparative Wordlist for Investigating Distant Relations Among Languages in Lowland South America (forthcoming).","<p>Cite the source of the dataset as:</p>

<blockquote>
<p>Blum, Frederic and Barrientos, Carlos and Zariquiey, Roberto and List, Johann-Mattis. Forthcoming. A Comparative Wordlist for Investigating Distant Relations Among Languages in Lowland South America.</p>
</blockquote>",,,v0.2,Frederic Blum ; Carlos M. B. Ugarte ; Roberto Zariquiey ; Johann-Mattis List,,10.5281/zenodo.10450408,10.5281/zenodo.10054440,10054440,2024-01-02T09:39:38.639781+00:00,2024-01-02T09:39:38.785603+00:00,lexibank,cc-by-4.0,https://zenodo.org/records/10450408,10450408,cldf:Wordlist;linguistics,dataset,https://github.com/pano-tacanan-history/blumpanotacana/tree/v0.2
10417784,"CLDF dataset derived from Nurse and Philippson's ""Tanzania Language Survey"" from 1975","<p>Cite the source of the dataset as:</p>

<blockquote>
<p>Nurse, Derek and Gérard Philippson (1975). The Tanzanian Language Survey. Department of Foreign Languages and Linguistics of the University of Dar es Salaam: Dar es Salaam.</p>
</blockquote>",,,v4.1.1,Derek Nurse ; Gerard Philippson,Johann-Mattis List ; Tiago Tresoldi,10.5281/zenodo.10417784,10.5281/zenodo.1312845,1312845,2023-12-21T10:20:36.181354+00:00,2023-12-21T10:20:36.350727+00:00,lexibank,cc-by-4.0,https://zenodo.org/records/10417784,10417784,cldf:Wordlist;linguistics,dataset,https://github.com/lexibank/tls/tree/v4.1.1
10417719,"CLDF dataset derived from Bowern et al.'s ""Hunter - Gatherer Language Database"" from 2021","<p>Cite the source of the dataset as:</p>

<blockquote>
<p>Bowern, Claire, Patience Epps, Jane Hill, and Patrick McConvell. Hunter - Gatherer Language Database. https://huntergatherer.la.utexas.edu/ Accessed 2021-04-27.</p>
</blockquote>",,,v1.1,Claire Bowern ; Patience Epps ; Jane Hill ; Patrick McConvell,Claire Bowern ; Patience Epps ; Jane Hill ; Patrick McConvell ; Robert Forkel ; Christoph Rzymski ; Johann-Mattis List,10.5281/zenodo.10417719,10.5281/zenodo.5126740,5126740,2023-12-21T09:57:42.675052+00:00,2023-12-21T09:57:42.802326+00:00,lexibank,cc-by-4.0,https://zenodo.org/records/10417719,10417719,cldf:Wordlist;linguistics,dataset,https://github.com/lexibank/huntergatherer/tree/v1.1
10404395,"CLDF dataset accompanying List's ""Inference of Partial Colexifications"" from 2023 building on Key and Comrie's ""Intercontinental Dictionary Series"" from 2021","<p>Cite the source of the dataset as:</p>

<blockquote>
<p>Key, Mary Ritchie &amp; Comrie, Bernard (eds.) 2021. The Intercontinental Dictionary Series. Leipzig: Max Planck Institute for Evolutionary Anthropology. DOI: https://doi.org/10.5281/zenodo.5547908</p>
</blockquote>",,,v1.0,"Key, M. R ; Comrie, B.","Johann-Mattis List ; Key, M. R ; Comrie, B.",10.5281/zenodo.10404395,10.5281/zenodo.10404394,10404394,2023-12-19T08:34:52.682749+00:00,2023-12-19T08:34:52.931722+00:00,lexibank,cc-by-4.0,https://zenodo.org/records/10404395,10404395,cldf:Wordlist;linguistics,dataset,https://github.com/intercontinental-dictionary-series/idssegmented/tree/v1.0
10404266,"CLDF dataset derived from Oskolskaya et al.'s ""A Bayesian approach to the classification of Tungusic languages"" from 2021","<p>Cite the source of the dataset as:</p>

<blockquote>
<p>Oskolskaya, S., Koile, E., &amp; Robbeets, M. (2021). A Bayesian approach to the classification of Tungusic languages. Diachronica, 39(1), 128–158. https://doi.org/10.1075/dia.20010.osk</p>
</blockquote>",,,v1.0,Sofia Oskolskaya ; Ezequiel Koile ; Martine Robbeets,Simon Greenhill ; Johann-Mattis List,10.5281/zenodo.10404266,10.5281/zenodo.10404265,10404265,2023-12-19T07:56:27.497201+00:00,2023-12-19T07:56:27.715117+00:00,lexibank,cc-by-4.0,https://zenodo.org/records/10404266,10404266,cldf:Wordlist;linguistics,dataset,https://github.com/lexibank/oskolskayatungusic/tree/v1.0
10404244,"CLDF dataset derived from Lama's ""Subgrouping of Nisoic (Yi) Languages"" from 2012","<p>Cite the source of the dataset as:</p>

<blockquote>
<p>Lama, Ziwo Q.-F. (2012). Subgrouping of Nisoic (Yi) Languages: A Study from the Perspectives of Shared Innovation and Phylogenetic Estimation. Ph.D. Thesis. The University of Texas at Arlington.</p>
</blockquote>",,,v1.0,"Lama, Ziwo Q.-F.",Nathan W. Hill ; Johann-Mattis List,10.5281/zenodo.10404244,10.5281/zenodo.10404243,10404243,2023-12-19T07:47:13.165054+00:00,2023-12-19T07:47:13.398894+00:00,lexibank,cc-by-4.0,https://zenodo.org/records/10404244,10404244,cldf:Wordlist;linguistics,dataset,https://github.com/lexibank/lamanisoic/tree/v1.0
10404212,"CLDF dataset derived from Othaniel's ""Jen Cluster Comparative Wordlist"" from 2017","<p>Cite the source of the dataset as:</p>

<blockquote>
<p>Othaniel, Nlabephee Kefas. 2017. A phonological comparative study of the Jen language cluster. (MA thesis, Jos: Theological College of Northern Nigeria; 1–83pp.)</p>
</blockquote>",,,v1.0,Nlabephee Kefas Othaniel,Nlabephee Kefas Othaniel ; Kristina-Pianykh ; Christoph Rzymski ; Johann-Mattis List,10.5281/zenodo.10404212,10.5281/zenodo.10404211,10404211,2023-12-19T07:34:51.092959+00:00,2023-12-19T07:34:51.233019+00:00,lexibank,cc-by-4.0,https://zenodo.org/records/10404212,10404212,cldf:Wordlist;linguistics,dataset,https://github.com/lexibank/othanieljen/tree/v1.0
10401967,CLDF dataset derived from the DoReCo core corpus,"<p>Cite the source of the dataset as:</p>

<blockquote>
<p>Seifart, Frank, Ludger Paschen &amp; Matthew Stave (eds.). 2022. Language Documentation Reference Corpus (DoReCo) 1.2. Berlin &amp; Lyon: Leibniz-Zentrum Allgemeine Sprachwissenschaft &amp; laboratoire Dynamique Du Langage (UMR5596, CNRS &amp; Université Lyon 2). DOI:10.34847/nkl.7cbfq779</p>
</blockquote>
<p>Please note that when citing this dataset, it is NOT sufficient to refer to DoReCo as a whole, but the full citation for each individual corpus must be provided, including the name(s) of the creator(s) of each corpus.</p>

<blockquote>Ozerov, Pavel. 2022. Anal DoReCo dataset. In Seifart, Frank, Ludger Paschen and Matthew Stave (eds.). Language Documentation Reference Corpus (DoReCo) 1.2. Berlin &amp; Lyon: Leibniz-Zentrum Allgemeine Sprachwissenschaft &amp; laboratoire Dynamique Du Langage (UMR5596, CNRS &amp; Université Lyon 2). https://doreco.huma-num.fr/languages/anal1239. DOI:10.34847/nkl.0dbazp8m</blockquote>

<blockquote>Riesberg, Sonja. 2022. Yali (Apahapsili) DoReCo dataset. In Seifart, Frank, Ludger Paschen and Matthew Stave (eds.). Language Documentation Reference Corpus (DoReCo) 1.2. Berlin &amp; Lyon: Leibniz-Zentrum Allgemeine Sprachwissenschaft &amp; laboratoire Dynamique Du Langage (UMR5596, CNRS &amp; Université Lyon 2). https://doreco.huma-num.fr/languages/apah1238. DOI:10.34847/nkl.9d91nkq2</blockquote>

<blockquote>Cowell, Andrew. 2022. Arapaho DoReCo dataset. In Seifart, Frank, Ludger Paschen and Matthew Stave (eds.). Language Documentation Reference Corpus (DoReCo) 1.2. Berlin &amp; Lyon: Leibniz-Zentrum Allgemeine Sprachwissenschaft &amp; laboratoire Dynamique Du Langage (UMR5596, CNRS &amp; Université Lyon 2). https://doreco.huma-num.fr/languages/arap1274. DOI:10.34847/nkl.36f5r1b6</blockquote>

<blockquote>Cobbinah, Alexander Yao. 2022. Baïnounk Gubëeher DoReCo dataset. In Seifart, Frank, Ludger Paschen and Matthew Stave (eds.). Language Documentation Reference Corpus (DoReCo) 1.2. Berlin &amp; Lyon: Leibniz-Zentrum Allgemeine Sprachwissenschaft &amp; laboratoire Dynamique Du Langage (UMR5596, CNRS &amp; Université Lyon 2). https://doreco.huma-num.fr/languages/bain1259. DOI:10.34847/nkl.a332abw8</blockquote>

<blockquote>Vanhove, Martine. 2022. Beja DoReCo dataset. In Seifart, Frank, Ludger Paschen and Matthew Stave (eds.). Language Documentation Reference Corpus (DoReCo) 1.2. Berlin &amp; Lyon: Leibniz-Zentrum Allgemeine Sprachwissenschaft &amp; laboratoire Dynamique Du Langage (UMR5596, CNRS &amp; Université Lyon 2). https://doreco.huma-num.fr/languages/beja1238. DOI:10.34847/nkl.edd011t1</blockquote>

<blockquote>Seifart, Frank. 2022. Bora DoReCo dataset. In Seifart, Frank, Ludger Paschen and Matthew Stave (eds.). Language Documentation Reference Corpus (DoReCo) 1.2. Berlin &amp; Lyon: Leibniz-Zentrum Allgemeine Sprachwissenschaft &amp; laboratoire Dynamique Du Langage (UMR5596, CNRS &amp; Université Lyon 2). https://doreco.huma-num.fr/languages/bora1263. DOI:10.34847/nkl.6eaf5laq</blockquote>

<blockquote>Reiter, Sabine. 2022. Cashinahua DoReCo dataset. In Seifart, Frank, Ludger Paschen and Matthew Stave (eds.). Language Documentation Reference Corpus (DoReCo) 1.2. Berlin &amp; Lyon: Leibniz-Zentrum Allgemeine Sprachwissenschaft &amp; laboratoire Dynamique Du Langage (UMR5596, CNRS &amp; Université Lyon 2). https://doreco.huma-num.fr/languages/cash1254. DOI:10.34847/nkl.a8f9q2f1</blockquote>

<blockquote>Däbritz, Chris Lasse and Kudryakova, Nina and Stapert, Eugénie and Arkhipov, Alexandre. 2022. Dolgan DoReCo dataset. In Seifart, Frank, Ludger Paschen and Matthew Stave (eds.). Language Documentation Reference Corpus (DoReCo) 1.2. Berlin &amp; Lyon: Leibniz-Zentrum Allgemeine Sprachwissenschaft &amp; laboratoire Dynamique Du Langage (UMR5596, CNRS &amp; Université Lyon 2). https://doreco.huma-num.fr/languages/dolg1241. DOI:10.34847/nkl.f09eikq3</blockquote>

<blockquote>Kazakevich, Olga and Klyachko, Elena. 2022. Evenki DoReCo dataset. In Seifart, Frank, Ludger Paschen and Matthew Stave (eds.). Language Documentation Reference Corpus (DoReCo) 1.2. Berlin &amp; Lyon: Leibniz-Zentrum Allgemeine Sprachwissenschaft &amp; laboratoire Dynamique Du Langage (UMR5596, CNRS &amp; Université Lyon 2). https://doreco.huma-num.fr/languages/even1259. DOI:10.34847/nkl.5e0d27cu</blockquote>

<blockquote>Hellwig, Birgit. 2022. Goemai DoReCo dataset. In Seifart, Frank, Ludger Paschen and Matthew Stave (eds.). Language Documentation Reference Corpus (DoReCo) 1.2. Berlin &amp; Lyon: Leibniz-Zentrum Allgemeine Sprachwissenschaft &amp; laboratoire Dynamique Du Langage (UMR5596, CNRS &amp; Université Lyon 2). https://doreco.huma-num.fr/languages/goem1240. DOI:10.34847/nkl.b93664ml</blockquote>

<blockquote>Harvey, Andrew. 2022. Gorwaa DoReCo dataset. In Seifart, Frank, Ludger Paschen and Matthew Stave (eds.). Language Documentation Reference Corpus (DoReCo) 1.2. Berlin &amp; Lyon: Leibniz-Zentrum Allgemeine Sprachwissenschaft &amp; laboratoire Dynamique Du Langage (UMR5596, CNRS &amp; Université Lyon 2). https://doreco.huma-num.fr/languages/goro1270. DOI:10.34847/nkl.a4b4ijj2</blockquote>

<blockquote>Burenhult, Niclas. 2022. Jahai DoReCo dataset. In Seifart, Frank, Ludger Paschen and Matthew Stave (eds.). Language Documentation Reference Corpus (DoReCo) 1.2. Berlin &amp; Lyon: Leibniz-Zentrum Allgemeine Sprachwissenschaft &amp; laboratoire Dynamique Du Langage (UMR5596, CNRS &amp; Université Lyon 2). https://doreco.huma-num.fr/languages/jeha1242. DOI:10.34847/nkl.6a71xp0p</blockquote>

<blockquote>Kim, Soung-U. 2022. Jejuan DoReCo dataset. In Seifart, Frank, Ludger Paschen and Matthew Stave (eds.). Language Documentation Reference Corpus (DoReCo) 1.2. Berlin &amp; Lyon: Leibniz-Zentrum Allgemeine Sprachwissenschaft &amp; laboratoire Dynamique Du Langage (UMR5596, CNRS &amp; Université Lyon 2). https://doreco.huma-num.fr/languages/jeju1234. DOI:10.34847/nkl.06ebrk38</blockquote>

<blockquote>Vydrina, Alexandra. 2022. Kakabe DoReCo dataset. In Seifart, Frank, Ludger Paschen and Matthew Stave (eds.). Language Documentation Reference Corpus (DoReCo) 1.2. Berlin &amp; Lyon: Leibniz-Zentrum Allgemeine Sprachwissenschaft &amp; laboratoire Dynamique Du Langage (UMR5596, CNRS &amp; Université Lyon 2). https://doreco.huma-num.fr/languages/kaka1265. DOI:10.34847/nkl.d5aeu9t6</blockquote>

<blockquote>Gusev, Valentin and Klooster, Tiina and Wagner-Nagy, Beáta and Arkhipov, Alexandre. 2022. Kamas DoReCo dataset. In Seifart, Frank, Ludger Paschen and Matthew Stave (eds.). Language Documentation Reference Corpus (DoReCo) 1.2. Berlin &amp; Lyon: Leibniz-Zentrum Allgemeine Sprachwissenschaft &amp; laboratoire Dynamique Du Langage (UMR5596, CNRS &amp; Université Lyon 2). https://doreco.huma-num.fr/languages/kama1351. DOI:10.34847/nkl.cdd8177b</blockquote>

<blockquote>Hellwig, Birgit and Schneider-Blum, Gertrud and Ismail, Khaleel Bakheet Khaleel. 2022. Tabaq (Karko) DoReCo dataset. In Seifart, Frank, Ludger Paschen and Matthew Stave (eds.). Language Documentation Reference Corpus (DoReCo) 1.2. Berlin &amp; Lyon: Leibniz-Zentrum Allgemeine Sprachwissenschaft &amp; laboratoire Dynamique Du Langage (UMR5596, CNRS &amp; Université Lyon 2). https://doreco.huma-num.fr/languages/kark1256. DOI:10.34847/nkl.eea8144j</blockquote>

<blockquote>Döhler, Christian. 2022. Komnzo DoReCo dataset. In Seifart, Frank, Ludger Paschen and Matthew Stave (eds.). Language Documentation Reference Corpus (DoReCo) 1.2. Berlin &amp; Lyon: Leibniz-Zentrum Allgemeine Sprachwissenschaft &amp; laboratoire Dynamique Du Langage (UMR5596, CNRS &amp; Université Lyon 2). https://doreco.huma-num.fr/languages/komn1238. DOI:10.34847/nkl.c5e6dudv</blockquote>

<blockquote>Bartels, Hauke and Szczepański, Marcin. 2022. Lower Sorbian DoReCo dataset. In Seifart, Frank, Ludger Paschen and Matthew Stave (eds.). Language Documentation Reference Corpus (DoReCo) 1.2. Berlin &amp; Lyon: Leibniz-Zentrum Allgemeine Sprachwissenschaft &amp; laboratoire Dynamique Du Langage (UMR5596, CNRS &amp; Université Lyon 2). https://doreco.huma-num.fr/languages/lowe1385. DOI:10.34847/nkl.6c6e4e9k</blockquote>

<blockquote>Haude, Katharina. 2022. Movima DoReCo dataset. In Seifart, Frank, Ludger Paschen and Matthew Stave (eds.). Language Documentation Reference Corpus (DoReCo) 1.2. Berlin &amp; Lyon: Leibniz-Zentrum Allgemeine Sprachwissenschaft &amp; laboratoire Dynamique Du Langage (UMR5596, CNRS &amp; Université Lyon 2). https://doreco.huma-num.fr/languages/movi1243. DOI:10.34847/nkl.da42xf67</blockquote>

<blockquote>Ponsonnet, Maïa. 2022. Dalabon DoReCo dataset. In Seifart, Frank, Ludger Paschen and Matthew Stave (eds.). Language Documentation Reference Corpus (DoReCo) 1.2. Berlin &amp; Lyon: Leibniz-Zentrum Allgemeine Sprachwissenschaft &amp; laboratoire Dynamique Du Langage (UMR5596, CNRS &amp; Université Lyon 2). https://doreco.huma-num.fr/languages/ngal1292. DOI:10.34847/nkl.fae299ug</blockquote>

<blockquote>Güldemann, Tom and Ernszt, Martina and Siegmund, Sven and Witzlack-Makarevich, Alena. 2022. Nǁng DoReCo dataset. In Seifart, Frank, Ludger Paschen and Matthew Stave (eds.). Language Documentation Reference Corpus (DoReCo) 1.2. Berlin &amp; Lyon: Leibniz-Zentrum Allgemeine Sprachwissenschaft &amp; laboratoire Dynamique Du Langage (UMR5596, CNRS &amp; Université Lyon 2). https://doreco.huma-num.fr/languages/nngg1234. DOI:10.34847/nkl.f6c37fi0</blockquote>

<blockquote>Haig, Geoff and Vollmer, Maria and Thiele, Hanna. 2022. Northern Kurdish (Kurmanji) DoReCo dataset. In Seifart, Frank, Ludger Paschen and Matthew Stave (eds.). Language Documentation Reference Corpus (DoReCo) 1.2. Berlin &amp; Lyon: Leibniz-Zentrum Allgemeine Sprachwissenschaft &amp; laboratoire Dynamique Du Langage (UMR5596, CNRS &amp; Université Lyon 2). https://doreco.huma-num.fr/languages/nort2641. DOI:10.34847/nkl.ca10ez5t</blockquote>

<blockquote>Franjieh, Michael. 2022. Fanbyak DoReCo dataset. In Seifart, Frank, Ludger Paschen and Matthew Stave (eds.). Language Documentation Reference Corpus (DoReCo) 1.2. Berlin &amp; Lyon: Leibniz-Zentrum Allgemeine Sprachwissenschaft &amp; laboratoire Dynamique Du Langage (UMR5596, CNRS &amp; Université Lyon 2). https://doreco.huma-num.fr/languages/orko1234. DOI:10.34847/nkl.02084446</blockquote>

<blockquote>Ring, Hiram. 2022. Pnar DoReCo dataset. In Seifart, Frank, Ludger Paschen and Matthew Stave (eds.). Language Documentation Reference Corpus (DoReCo) 1.2. Berlin &amp; Lyon: Leibniz-Zentrum Allgemeine Sprachwissenschaft &amp; laboratoire Dynamique Du Langage (UMR5596, CNRS &amp; Université Lyon 2). https://doreco.huma-num.fr/languages/pnar1238. DOI:10.34847/nkl.5ba1062k</blockquote>

<blockquote>Krifka, Manfred. 2022. Daakie DoReCo dataset. In Seifart, Frank, Ludger Paschen and Matthew Stave (eds.). Language Documentation Reference Corpus (DoReCo) 1.2. Berlin &amp; Lyon: Leibniz-Zentrum Allgemeine Sprachwissenschaft &amp; laboratoire Dynamique Du Langage (UMR5596, CNRS &amp; Université Lyon 2). https://doreco.huma-num.fr/languages/port1286. DOI:10.34847/nkl.efeav5l9</blockquote>

<blockquote>Seifart, Frank. 2022. Resígaro DoReCo dataset. In Seifart, Frank, Ludger Paschen and Matthew Stave (eds.). Language Documentation Reference Corpus (DoReCo) 1.2. Berlin &amp; Lyon: Leibniz-Zentrum Allgemeine Sprachwissenschaft &amp; laboratoire Dynamique Du Langage (UMR5596, CNRS &amp; Université Lyon 2). https://doreco.huma-num.fr/languages/resi1247. DOI:10.34847/nkl.ffb96lo8</blockquote>

<blockquote>Witzlack-Makarevich, Alena and Namyalo, Saudah and Kiriggwajjo, Anatol and Molochieva, Zarina. 2022. Ruuli DoReCo dataset. In Seifart, Frank, Ludger Paschen and Matthew Stave (eds.). Language Documentation Reference Corpus (DoReCo) 1.2. Berlin &amp; Lyon: Leibniz-Zentrum Allgemeine Sprachwissenschaft &amp; laboratoire Dynamique Du Langage (UMR5596, CNRS &amp; Université Lyon 2). https://doreco.huma-num.fr/languages/ruul1235. DOI:10.34847/nkl.fde4pp1u</blockquote>

<blockquote>Xu, Xianming and Bai, Bibo. 2022. Sadu DoReCo dataset. In Seifart, Frank, Ludger Paschen and Matthew Stave (eds.). Language Documentation Reference Corpus (DoReCo) 1.2. Berlin &amp; Lyon: Leibniz-Zentrum Allgemeine Sprachwissenschaft &amp; laboratoire Dynamique Du Langage (UMR5596, CNRS &amp; Université Lyon 2). https://doreco.huma-num.fr/languages/sadu1234. DOI:10.34847/nkl.3db4u59d</blockquote>

<blockquote>Forker, Diana and Schiborr, Nils Norman. 2022. Sanzhi Dargwa DoReCo dataset. In Seifart, Frank, Ludger Paschen and Matthew Stave (eds.). Language Documentation Reference Corpus (DoReCo) 1.2. Berlin &amp; Lyon: Leibniz-Zentrum Allgemeine Sprachwissenschaft &amp; laboratoire Dynamique Du Langage (UMR5596, CNRS &amp; Université Lyon 2). https://doreco.huma-num.fr/languages/sanz1248. DOI:10.34847/nkl.81934177</blockquote>

<blockquote>Wegener, Claudia. 2022. Savosavo DoReCo dataset. In Seifart, Frank, Ludger Paschen and Matthew Stave (eds.). Language Documentation Reference Corpus (DoReCo) 1.2. Berlin &amp; Lyon: Leibniz-Zentrum Allgemeine Sprachwissenschaft &amp; laboratoire Dynamique Du Langage (UMR5596, CNRS &amp; Université Lyon 2). https://doreco.huma-num.fr/languages/savo1255. DOI:10.34847/nkl.b74d1b33</blockquote>

<blockquote>Thieberger, Nick. 2022. Nafsan (South Efate) DoReCo dataset. In Seifart, Frank, Ludger Paschen and Matthew Stave (eds.). Language Documentation Reference Corpus (DoReCo) 1.2. Berlin &amp; Lyon: Leibniz-Zentrum Allgemeine Sprachwissenschaft &amp; laboratoire Dynamique Du Langage (UMR5596, CNRS &amp; Université Lyon 2). https://doreco.huma-num.fr/languages/sout2856. DOI:10.34847/nkl.ba4f760l</blockquote>

<blockquote>Schiborr, Nils Norman. 2022. English (Southern England) DoReCo dataset. In Seifart, Frank, Ludger Paschen and Matthew Stave (eds.). Language Documentation Reference Corpus (DoReCo) 1.2. Berlin &amp; Lyon: Leibniz-Zentrum Allgemeine Sprachwissenschaft &amp; laboratoire Dynamique Du Langage (UMR5596, CNRS &amp; Université Lyon 2). https://doreco.huma-num.fr/languages/sout3282. DOI:10.34847/nkl.9c271u5g</blockquote>

<blockquote>Avanzi, Mathieu and Béguelin, Marie-José and Corminboeuf, Gilles and Diémoz, Federica and Johnsen, Laure Anne. 2022. French (Swiss) DoReCo dataset. In Seifart, Frank, Ludger Paschen and Matthew Stave (eds.). Language Documentation Reference Corpus (DoReCo) 1.2. Berlin &amp; Lyon: Leibniz-Zentrum Allgemeine Sprachwissenschaft &amp; laboratoire Dynamique Du Langage (UMR5596, CNRS &amp; Université Lyon 2). https://doreco.huma-num.fr/languages/stan1290. DOI:10.34847/nkl.3520l685</blockquote>

<blockquote>Teo, Amos. 2022. Sümi DoReCo dataset. In Seifart, Frank, Ludger Paschen and Matthew Stave (eds.). Language Documentation Reference Corpus (DoReCo) 1.2. Berlin &amp; Lyon: Leibniz-Zentrum Allgemeine Sprachwissenschaft &amp; laboratoire Dynamique Du Langage (UMR5596, CNRS &amp; Université Lyon 2). https://doreco.huma-num.fr/languages/sumi1235. DOI:10.34847/nkl.5ad4t01p</blockquote>

<blockquote>Gippert, Jost. 2022. Svan DoReCo dataset. In Seifart, Frank, Ludger Paschen and Matthew Stave (eds.). Language Documentation Reference Corpus (DoReCo) 1.2. Berlin &amp; Lyon: Leibniz-Zentrum Allgemeine Sprachwissenschaft &amp; laboratoire Dynamique Du Langage (UMR5596, CNRS &amp; Université Lyon 2). https://doreco.huma-num.fr/languages/svan1243. DOI:10.34847/nkl.9ba054c3</blockquote>

<blockquote>Bogomolova, Natalia and Ganenkov, Dmitry and Schiborr, Nils Norman. 2022. Tabasaran DoReCo dataset. In Seifart, Frank, Ludger Paschen and Matthew Stave (eds.). Language Documentation Reference Corpus (DoReCo) 1.2. Berlin &amp; Lyon: Leibniz-Zentrum Allgemeine Sprachwissenschaft &amp; laboratoire Dynamique Du Langage (UMR5596, CNRS &amp; Université Lyon 2). https://doreco.huma-num.fr/languages/taba1259. DOI:10.34847/nkl.ad7f97xr</blockquote>

<blockquote>Mosel, Ulrike. 2022. Teop DoReCo dataset. In Seifart, Frank, Ludger Paschen and Matthew Stave (eds.). Language Documentation Reference Corpus (DoReCo) 1.2. Berlin &amp; Lyon: Leibniz-Zentrum Allgemeine Sprachwissenschaft &amp; laboratoire Dynamique Du Langage (UMR5596, CNRS &amp; Université Lyon 2). https://doreco.huma-num.fr/languages/teop1238. DOI:10.34847/nkl.9322sdf2</blockquote>

<blockquote>Wichmann, Søren. 2022. Texistepec Popoluca DoReCo dataset. In Seifart, Frank, Ludger Paschen and Matthew Stave (eds.). Language Documentation Reference Corpus (DoReCo) 1.2. Berlin &amp; Lyon: Leibniz-Zentrum Allgemeine Sprachwissenschaft &amp; laboratoire Dynamique Du Langage (UMR5596, CNRS &amp; Université Lyon 2). https://doreco.huma-num.fr/languages/texi1237. DOI:10.34847/nkl.c50ck58f</blockquote>

<blockquote>Rose, Françoise. 2022. Mojeño Trinitario DoReCo dataset. In Seifart, Frank, Ludger Paschen and Matthew Stave (eds.). Language Documentation Reference Corpus (DoReCo) 1.2. Berlin &amp; Lyon: Leibniz-Zentrum Allgemeine Sprachwissenschaft &amp; laboratoire Dynamique Du Langage (UMR5596, CNRS &amp; Université Lyon 2). https://doreco.huma-num.fr/languages/trin1278. DOI:10.34847/nkl.cbc3b4xr</blockquote>

<blockquote>Griscom, Richard. 2022. Asimjeeg Datooga DoReCo dataset. In Seifart, Frank, Ludger Paschen and Matthew Stave (eds.). Language Documentation Reference Corpus (DoReCo) 1.2. Berlin &amp; Lyon: Leibniz-Zentrum Allgemeine Sprachwissenschaft &amp; laboratoire Dynamique Du Langage (UMR5596, CNRS &amp; Université Lyon 2). https://doreco.huma-num.fr/languages/tsim1256. DOI:10.34847/nkl.f77c7m72</blockquote>

<blockquote>Schnell, Stefan. 2022. Vera&#x27;a DoReCo dataset. In Seifart, Frank, Ludger Paschen and Matthew Stave (eds.). Language Documentation Reference Corpus (DoReCo) 1.2. Berlin &amp; Lyon: Leibniz-Zentrum Allgemeine Sprachwissenschaft &amp; laboratoire Dynamique Du Langage (UMR5596, CNRS &amp; Université Lyon 2). https://doreco.huma-num.fr/languages/vera1241. DOI:10.34847/nkl.3e2cu8c4</blockquote>

<blockquote>Michaud, Alexis. 2022. Yongning Na DoReCo dataset. In Seifart, Frank, Ludger Paschen and Matthew Stave (eds.). Language Documentation Reference Corpus (DoReCo) 1.2. Berlin &amp; Lyon: Leibniz-Zentrum Allgemeine Sprachwissenschaft &amp; laboratoire Dynamique Du Langage (UMR5596, CNRS &amp; Université Lyon 2). https://doreco.huma-num.fr/languages/yong1270. DOI:10.34847/nkl.abe65p95</blockquote>",,,v1.2,Frank Seifart ; Ludger Paschen ; Matthew Stave ; Robert Forkel,,10.5281/zenodo.10401967,10.5281/zenodo.10401966,10401966,2023-12-18T14:30:00.491651+00:00,2023-12-18T14:30:00.706262+00:00,cldf-datasets,cc-zero,https://zenodo.org/records/10401967,10401967,cldf:Generic;linguistics,dataset,https://github.com/cldf-datasets/doreco/tree/v1.2
10392172,"CLDF dataset derived from Luangthongkum's ""Proto-Karen Phonology and Lexicon"" from 2019","<p>Cite the source of the dataset as:</p>

<blockquote>
<p>Luangthongkum, T. (2019). A View on Proto-Karen Phonology and Lexicon, Journal of Southest Asian Linguistics Society, 12.1, i-lii. doi: http://hdl.handle.net/10524/52441</p>
</blockquote>",,,v1.0,"Luangthongkum, T.",Johann-Mattis List,10.5281/zenodo.10392172,10.5281/zenodo.6538459,6538459,2023-12-15T16:54:41.214082+00:00,2023-12-15T16:54:41.441886+00:00,lexibank,cc-by-nc-nd-4.0,https://zenodo.org/records/10392172,10392172,cldf:Wordlist;linguistics,dataset,https://github.com/lexibank/luangthongkumkaren/tree/v1.0
10245745,CLDF dataset derived from the Leipzig Glossing Rules,The Leipzig Glossing Rules,,,v1.0,Bernard Comrie ; Martin Haspelmath ; Balthasar Bickel,Robert Forkel,10.5281/zenodo.10245745,10.5281/zenodo.10245744,10245744,2023-12-01T11:57:09.945362+00:00,2023-12-01T11:57:10.090794+00:00,cldf-datasets,cc-by-4.0,https://zenodo.org/records/10245745,10245745,cldf:Generic;linguistics,dataset,https://github.com/cldf-datasets/lgr/tree/v1.0
10214016,"CLDF dataset derived from Oliveira's ""Contribuições para a Reconstrução do Protopáno"" from 2014","<p>Cite the source of the dataset as:</p>

<blockquote>
<p>Oliveira, Sanderson Castro Soares de. 2014. Contribuições para a reconstrução do Protopáno. Universidade de Brasília, Brasília.</p>
</blockquote>",,,v1.2.0,"Oliveira, Sanderson",Frederic Blum ; Carlos M. B. Ugarte ; Johann-Mattis List,10.5281/zenodo.10214016,10.5281/zenodo.8058800,8058800,2023-11-28T15:35:06.092045+00:00,2023-11-28T15:35:06.518039+00:00,lexibank,cc-by-4.0,https://zenodo.org/records/10214016,10214016,cldf:Wordlist;linguistics,dataset,https://github.com/pano-tacanan-history/oliveiraprotopanoan/tree/v1.2.0
10212485,"CLDF dataset derived from Girard's ""Proto-Takanan Phonology"" from 1971","<p>Cite the source of the dataset as:</p>

<blockquote>
<p>Girard, Victor (1971): Proto-Takanan Phonology. University of California Press, Berkeley.</p>
</blockquote>",,,v1.0.0,Victor Girard,Frederic Blum ; Carlos M. B. Ugarte ; Johann-Mattis List,10.5281/zenodo.10212485,10.5281/zenodo.10212484,10212484,2023-11-28T08:23:05.209940+00:00,2023-11-28T08:23:05.335402+00:00,,cc-by-4.0,https://zenodo.org/records/10212485,10212485,cldf:Wordlist;linguistics,dataset,https://github.com/pano-tacanan-history/girardprototakanan/tree/v1.0.0
10212481,"CLDF dataset derived from Valenzuela, Pilar and Roberto Zariquiey's "" Language classification in Western Amazonia: advances in favor of the Pano-Takana Hypothesis"" from 2023","<p>Cite the source of the dataset as:</p>

<blockquote>
<p>Valenzuela, Pilar and Zariquiey, Roberto (2023). Language classification in Western Amazonia: advances in favor of the Pano-Takana Hypothesis. LIAMES: Línguas Indígenas Americanas, Campinas, SP. https://doi.org/10.20396/liames.v23i00.8670150</p>
</blockquote>",,,v1.0.0,Pilar Valenzuela ; Roberto Zariquiey,Frederic Blum ; Carlos M. B. Ugarte,10.5281/zenodo.10212481,10.5281/zenodo.10212480,10212480,2023-11-28T08:22:57.897432+00:00,2023-11-28T08:22:58.018559+00:00,,cc-by-4.0,https://zenodo.org/records/10212481,10212481,cldf:Wordlist;linguistics,dataset,https://github.com/pano-tacanan-history/valenzuelazariquieypanotakana/tree/v1.0.0
10201125,D-PLACE dataset derived from Binford 2001 'Constructing Frames of Reference',"<p>Cite the source of the dataset as:</p>

<blockquote>
<p>Binford, L. 2001. Constructing Frames of Reference: An Analytical Method for Archaeological Theory Building Using Hunter-gatherer and Environmental Data Sets. University of California Press</p>
</blockquote>",,,v3.0.1,Lewis R. Binford,Kathryn R. Kirby ; Russell D. Gray ; Simon J. Greenhill ; Fiona M. Jordan ; Stephanie Gomes-Ng ; Hans-Jörg Bibiko ; Damián E. Blasi ; Carlos A. Botero ; Claire Bowern ; Carol R. Ember ; Dan Leehr ; Bobbi S. Low ; Joe McCarter ; William Divale ; Michael C. Gavin,10.5281/zenodo.10201125,10.5281/zenodo.10171857,10171857,2023-11-23T14:03:28.268657+00:00,2023-11-23T14:03:28.444611+00:00,dplace,cc-by-nc-4.0,https://zenodo.org/records/10201125,10201125,cldf:StructureDataset;linguistics,dataset,https://github.com/D-PLACE/dplace-dataset-binford/tree/v3.0.1
10201104,D-PLACE dataset derived from Jorgensen 1980 'Western Indians',"<p>Cite the source of the dataset as:</p>

<blockquote>
<p>Jorgensen, JG. 1980. Western Indians: Comparative Environments, Languages, and Cultures of 172 Western American Indian Tribes. San Francisco: W.H. Freeman and Company.</p>
</blockquote>",,,v3.0,"Jorgensen, JG",Kathryn R. Kirby ; Russell D. Gray ; Simon J. Greenhill ; Fiona M. Jordan ; Stephanie Gomes-Ng ; Hans-Jörg Bibiko ; Damián E. Blasi ; Carlos A. Botero ; Claire Bowern ; Carol R. Ember ; Dan Leehr ; Bobbi S. Low ; Joe McCarter ; William Divale ; Michael C. Gavin,10.5281/zenodo.10201104,10.5281/zenodo.10201103,10201103,2023-11-23T13:58:19.600991+00:00,2023-11-23T13:58:20.497798+00:00,dplace,cc-by-nc-4.0,https://zenodo.org/records/10201104,10201104,cldf:StructureDataset;linguistics,dataset,https://github.com/D-PLACE/dplace-dataset-wnai/tree/v3.0
10201087,D-PLACE dataset derived from Olson et al. 2001 'Terrestrial Ecoregions of the World',"<p>Cite the source of the dataset as:</p>

<blockquote>
<p>Olson, D. M., Dinerstein, E., Wikramanayake, E. D., Burgess, N. D., Powell, G. V. N., Underwood, E. C., D&#x27;Amico, J. A., Itoua, I., Strand, H. E., Morrison, J. C., Loucks, C. J., Allnutt, T. F., Ricketts, T. H., Kura, Y., Lamoreux, J. F., Wettengel, W. W., Hedao, P., Kassem, K. R. 2001. Terrestrial ecoregions of the world: a new map of life on Earth. Bioscience 51(11):933-938.</p>
</blockquote>",,,v3.0,"Olson, D. M. ; Dinerstein, E. ; Wikramanayake, E. D. ; Burgess, N. D. ; Powell, G. V. N. ; Underwood, E. C. ; D'Amico, J. A. ; Itoua, I. ; Strand, H. E. ; Morrison, J. C. ; Loucks, C. J. ; Allnutt, T. F. ; Ricketts, T. H. ; Kura, Y. ; Lamoreux, J. F. ; Wettengel, W. W. ; Hedao, P. ; Kassem, K. R.",Kathryn R. Kirby ; Russell D. Gray ; Simon J. Greenhill ; Fiona M. Jordan ; Stephanie Gomes-Ng ; Hans-Jörg Bibiko ; Damián E. Blasi ; Carlos A. Botero ; Claire Bowern ; Carol R. Ember ; Dan Leehr ; Bobbi S. Low ; Joe McCarter ; William Divale ; Michael C. Gavin,10.5281/zenodo.10201087,10.5281/zenodo.10201086,10201086,2023-11-23T13:54:18.384178+00:00,2023-11-23T13:54:18.664351+00:00,dplace,cc-by-nc-4.0,https://zenodo.org/records/10201087,10201087,cldf:StructureDataset;linguistics,dataset,https://github.com/D-PLACE/dplace-dataset-teow/tree/v3.0
10201075,D-PLACE dataset derived from Murdock and White 1969 'Standard Cross-Cultural Sample',"<p>Cite the source of the dataset as:</p>

<blockquote>
<p>Murdock GP &amp; White DR. 1969. Standard Cross-Cultural Sample. Ethnology. 9:329–369.</p>
</blockquote>",,,v3.0,"Murdock, George P. ; White, Douglas R.",Kathryn R. Kirby ; Russell D. Gray ; Simon J. Greenhill ; Fiona M. Jordan ; Stephanie Gomes-Ng ; Hans-Jörg Bibiko ; Damián E. Blasi ; Carlos A. Botero ; Claire Bowern ; Carol R. Ember ; Dan Leehr ; Bobbi S. Low ; Joe McCarter ; William Divale ; Michael C. Gavin,10.5281/zenodo.10201075,10.5281/zenodo.10201074,10201074,2023-11-23T13:51:39.625241+00:00,2023-11-23T13:51:40.329587+00:00,dplace,cc-by-nc-4.0,https://zenodo.org/records/10201075,10201075,cldf:StructureDataset;linguistics,dataset,https://github.com/D-PLACE/dplace-dataset-sccs/tree/v3.0
10183957,D-PLACE dataset derived from NASA TERRA/MODIS 'Net Primary Productivity',"<p>Cite the source of the dataset as:</p>

<blockquote>
<p>NASA. Net Primary Productivity (1 month - TERRA/MODIS)</p>
</blockquote>",,,v3.0,NASA TERRA/MODIS,Kathryn R. Kirby ; Russell D. Gray ; Simon J. Greenhill ; Fiona M. Jordan ; Stephanie Gomes-Ng ; Hans-Jörg Bibiko ; Damián E. Blasi ; Carlos A. Botero ; Claire Bowern ; Carol R. Ember ; Dan Leehr ; Bobbi S. Low ; Joe McCarter ; William Divale ; Michael C. Gavin,10.5281/zenodo.10183957,10.5281/zenodo.10183956,10183956,2023-11-22T07:50:12.806388+00:00,2023-11-22T07:50:13.007789+00:00,dplace,cc-by-nc-4.0,https://zenodo.org/records/10183957,10183957,cldf:StructureDataset;linguistics,dataset,https://github.com/D-PLACE/dplace-dataset-modis/tree/v3.0
10182361,D-PLACE dataset derived from Kreft and Jetz 2007 'Global patterns and determinants of vascular plant diversity',"<p>Cite the source of the dataset as:</p>

<blockquote>
<p>Kreft H, Jetz W. Global patterns and determinants of vascular plant diversity. Proc Natl Acad Sci. 2007;104: 5925–5930.</p>
</blockquote>",,,v3.0,Kreft H. ; Jetz W.,Kathryn R. Kirby ; Russell D. Gray ; Simon J. Greenhill ; Fiona M. Jordan ; Stephanie Gomes-Ng ; Hans-Jörg Bibiko ; Damián E. Blasi ; Carlos A. Botero ; Claire Bowern ; Carol R. Ember ; Dan Leehr ; Bobbi S. Low ; Joe McCarter ; William Divale ; Michael C. Gavin,10.5281/zenodo.10182361,10.5281/zenodo.10182360,10182360,2023-11-21T17:35:29.961158+00:00,2023-11-21T17:35:30.082884+00:00,dplace,cc-by-nc-4.0,https://zenodo.org/records/10182361,10182361,cldf:StructureDataset;linguistics,dataset,https://github.com/D-PLACE/dplace-dataset-kreft/tree/v3.0
10182356,D-PLACE dataset derived from Jenkins et al. 2013 'Global patterns of terrestrial vertebrate diversity and conservation',"<p>Cite the source of the dataset as:</p>

<blockquote>
<p>Jenkins CN, Pimm SL, Joppa LN. Global patterns of terrestrial vertebrate diversity and conservation. Proc Natl Acad Sci. 2013;110: E2602–E2610.</p>
</blockquote>",,,v3.0,"Jenkins, CN ; SL Pimm ; LN Joppa",Kathryn R. Kirby ; Russell D. Gray ; Simon J. Greenhill ; Fiona M. Jordan ; Stephanie Gomes-Ng ; Hans-Jörg Bibiko ; Damián E. Blasi ; Carlos A. Botero ; Claire Bowern ; Carol R. Ember ; Dan Leehr ; Bobbi S. Low ; Joe McCarter ; William Divale ; Michael C. Gavin,10.5281/zenodo.10182356,10.5281/zenodo.10182355,10182355,2023-11-21T17:33:12.449545+00:00,2023-11-21T17:33:12.720203+00:00,dplace,cc-by-3.0,https://zenodo.org/records/10182356,10182356,cldf:StructureDataset;linguistics,dataset,https://github.com/D-PLACE/dplace-dataset-jenkins/tree/v3.0
10182319,"D-PLACE dataset derived from Wessel and Smith 2015 'Global Self-consistent, Hierarchical, High-resolution Geography Database'","<p>Cite the source of the dataset as:</p>

<blockquote>
<p>Wessel, P., and W. H. F. Smith (1996), A global, self-consistent, hierarchical, high-resolution shoreline database, J. Geophys. Res., 101(B4), 8741–8743, doi:10.1029/96JB00104.

Wessel P, Smith, W. H. F. Global Self-consistent, Hierarchical, High-resolution Geography Database (GSHHS) v2.3.4 [Internet]. 2015. Available: https://www.ngdc.noaa.gov/mgg/shorelines/gshhs.html</p>
</blockquote>",,,v3.0.1,P. Wessel ; W. H. F. Smith,Kathryn R. Kirby ; Russell D. Gray ; Simon J. Greenhill ; Fiona M. Jordan ; Stephanie Gomes-Ng ; Hans-Jörg Bibiko ; Damián E. Blasi ; Carlos A. Botero ; Claire Bowern ; Carol R. Ember ; Dan Leehr ; Bobbi S. Low ; Joe McCarter ; William Divale ; Michael C. Gavin,10.5281/zenodo.10182319,10.5281/zenodo.10182307,10182307,2023-11-21T17:21:05.805470+00:00,2023-11-21T17:21:06.226802+00:00,dplace,lgpl-3.0,https://zenodo.org/records/10182319,10182319,cldf:StructureDataset;linguistics,dataset,https://github.com/D-PLACE/dplace-dataset-gshhs/tree/v3.0.1
10182308,"D-PLACE dataset derived from Wessel and Smith 2015 'Global Self-consistent, Hierarchical, High-resolution Geography Database'","<p>Cite the source of the dataset as:</p>

<blockquote>
<p>Wessel, P., and W. H. F. Smith (1996), A global, self-consistent, hierarchical, high-resolution shoreline database, J. Geophys. Res., 101(B4), 8741–8743, doi:10.1029/96JB00104.

Wessel P, Smith, W. H. F. Global Self-consistent, Hierarchical, High-resolution Geography Database (GSHHS) v2.3.4 [Internet]. 2015. Available: https://www.ngdc.noaa.gov/mgg/shorelines/gshhs.html</p>
</blockquote>",,,v3.0,P. Wessel ; W. H. F. Smith,Kathryn R. Kirby ; Russell D. Gray ; Simon J. Greenhill ; Fiona M. Jordan ; Stephanie Gomes-Ng ; Hans-Jörg Bibiko ; Damián E. Blasi ; Carlos A. Botero ; Claire Bowern ; Carol R. Ember ; Dan Leehr ; Bobbi S. Low ; Joe McCarter ; William Divale ; Michael C. Gavin,10.5281/zenodo.10182308,10.5281/zenodo.10182307,10182307,2023-11-21T17:12:14.752763+00:00,2023-11-21T17:12:14.892739+00:00,dplace,lgpl-3.0,https://zenodo.org/records/10182308,10182308,cldf:StructureDataset;linguistics,dataset,https://github.com/D-PLACE/dplace-dataset-gshhs/tree/v3.0
10180043,D-PLACE dataset derived from 'Global Multi-resolution Terrain Elevation Data 2010',"<p>Cite the source of the dataset as:</p>

<blockquote>
<p>Global Multi-resolution Terrain Elevation Data courtesy of the U.S. Geological Survey (Downloaded 14 Jul 2014)</p>
</blockquote>",,,v3.0,Earth Resources Observation and Science (EROS) Center,Kathryn R. Kirby ; Russell D. Gray ; Simon J. Greenhill ; Fiona M. Jordan ; Stephanie Gomes-Ng ; Hans-Jörg Bibiko ; Damián E. Blasi ; Carlos A. Botero ; Claire Bowern ; Carol R. Ember ; Dan Leehr ; Bobbi S. Low ; Joe McCarter ; William Divale ; Michael C. Gavin,10.5281/zenodo.10180043,10.5281/zenodo.10180042,10180042,2023-11-21T16:21:34.301569+00:00,2023-11-21T16:21:34.430497+00:00,dplace,cc-by-nc-4.0,https://zenodo.org/records/10180043,10180043,cldf:StructureDataset;linguistics,dataset,https://github.com/D-PLACE/dplace-dataset-gmted2010/tree/v3.0
10179301,D-PLACE dataset derived from Lima-Ribeiro et al. 2015 'ecoClimate',"<p>Cite the source of the dataset as:</p>

<blockquote>
<p>Lima-Ribeiro MS; Varela S; González-Hernández J; Oliveira G; Diniz-Filho JAF; Terribile LC. 2015. ecoClimate: a database of climate data from multiple models for past, present, and future for Macroecologists and Biogeographers Biodiversity Informatics 10, 1-21. DOI: 10.17161/bi.v10i0.4955

Lima-Ribeiro MS; Varela S; González-Hernández J; Oliveira G; Diniz-Filho JAF; Peterson AT; Terribile LC. The ecoClimate Database, http://ecoclimate.org</p>
</blockquote>",,,v3.0,Lima-Ribeiro MS ; Varela S ; González-Hernández J ; Oliveira G ; Diniz-Filho JAF ; Peterson AT ; Terribile LC,Kathryn R. Kirby ; Russell D. Gray ; Simon J. Greenhill ; Fiona M. Jordan ; Stephanie Gomes-Ng ; Hans-Jörg Bibiko ; Damián E. Blasi ; Carlos A. Botero ; Claire Bowern ; Carol R. Ember ; Dan Leehr ; Bobbi S. Low ; Joe McCarter ; William Divale ; Michael C. Gavin,10.5281/zenodo.10179301,10.5281/zenodo.10179300,10179300,2023-11-21T16:07:56.730805+00:00,2023-11-21T16:07:56.937772+00:00,dplace,cc-by-nc-sa-4.0,https://zenodo.org/records/10179301,10179301,cldf:StructureDataset;linguistics,dataset,https://github.com/D-PLACE/dplace-dataset-ecoclimate/tree/v3.0
10177061,D-PLACE dataset derived from Murdock et al. 1999 'Ethnographic Atlas',"<p>Cite the source of the dataset as:</p>

<blockquote>
<p>Murdock, G. P., R. Textor, H. Barry, III, D. R. White, J. P. Gray, and W. T. Divale. 1999. Ethnographic Atlas. World Cultures 10:24-136 (codebook)</p>
</blockquote>",,,v3.0,"Murdock, G. P. ; R. Textor ; H. Barry, III ; D. R. White ; J. P. Gray ; W. T. Divale",Kathryn R. Kirby ; Russell D. Gray ; Simon J. Greenhill ; Fiona M. Jordan ; Stephanie Gomes-Ng ; Hans-Jörg Bibiko ; Damián E. Blasi ; Carlos A. Botero ; Claire Bowern ; Carol R. Ember ; Dan Leehr ; Bobbi S. Low ; Joe McCarter ; William Divale ; Michael C. Gavin,10.5281/zenodo.10177061,10.5281/zenodo.10177060,10177060,2023-11-21T15:27:37.843341+00:00,2023-11-21T15:27:38.008499+00:00,dplace,cc-by-nc-4.0,https://zenodo.org/records/10177061,10177061,cldf:StructureDataset;linguistics,dataset,https://github.com/D-PLACE/dplace-dataset-ea/tree/v3.0
10171858,D-PLACE dataset derived from Binford 2001 'Constructing Frames of Reference',"<p>Cite the source of the dataset as:</p>

<blockquote>
<p>Binford, L. 2001. Constructing Frames of Reference: An Analytical Method for Archaeological Theory Building Using Hunter-gatherer and Environmental Data Sets. University of California Press</p>
</blockquote>",,,v3.0,Lewis R. Binford,Kathryn R. Kirby ; Russell D. Gray ; Simon J. Greenhill ; Fiona M. Jordan ; Stephanie Gomes-Ng ; Hans-Jörg Bibiko ; Damián E. Blasi ; Carlos A. Botero ; Claire Bowern ; Carol R. Ember ; Dan Leehr ; Bobbi S. Low ; Joe McCarter ; William Divale ; Michael C. Gavin,10.5281/zenodo.10171858,10.5281/zenodo.10171857,10171857,2023-11-21T13:54:56.989907+00:00,2023-11-21T13:54:57.249930+00:00,dplace,cc-by-nc-4.0,https://zenodo.org/records/10171858,10171858,cldf:StructureDataset;linguistics,dataset,https://github.com/D-PLACE/dplace-dataset-binford/tree/v3.0
10149910,Phlorest phylogeny derived from Zhang et al 2019 'Phylogenetic evidence for Sino-Tibetan origin in northern China in the Late Neolithic',"<p>Cite the source of the dataset as:</p>

<blockquote>
<p>Zhang M, Yan S, Pan W, &amp; Jin L. 2019. Phylogenetic evidence for Sino-Tibetan origin in northern China in the Late Neolithic. Nature, 569, 112–115.</p>
</blockquote>",,,v1.1,Menghan Zhang ; Shi Yan ; Wuyun Pan ; Li Jin,Simon J. Greenhill ; Robert Forkel,10.5281/zenodo.10149910,10.5281/zenodo.8250323,8250323,2023-11-17T15:59:32.255415+00:00,2023-11-17T15:59:32.419441+00:00,phlorest;dplace,cc-by-4.0,https://zenodo.org/records/10149910,10149910,cldf:Generic;linguistics,dataset,https://github.com/phlorest/zhang_et_al2019/tree/v1.1
10149891,Phlorest phylogeny derived from Walker & Ribeiro 2011 'Bayesian phylogeography of the Arawak expansion in lowland South America',"<p>Cite the source of the dataset as:</p>

<blockquote>
<p>Walker, R. S., &amp; Ribeiro, L. A. (2011). Bayesian phylogeography of the Arawak expansion in lowland South America. Proceedings of the Royal Society B: Biological Sciences, 278(1718), 2562–2567.</p>
</blockquote>",,,v1.1,R. S. Walker ; L. A. Ribeiro,Simon J. Greenhill ; Robert Forkel,10.5281/zenodo.10149891,10.5281/zenodo.8250306,8250306,2023-11-17T15:48:52.669915+00:00,2023-11-17T15:48:52.804611+00:00,phlorest;dplace,cc-by-4.0,https://zenodo.org/records/10149891,10149891,cldf:Generic;linguistics,dataset,https://github.com/phlorest/walker_and_ribeiro2011/tree/v1.1
10149871,Phlorest phylogeny derived from Sicoli & Holton 2014 'Linguistic phylogenies support back-migration from Beringia to Asia',"<p>Cite the source of the dataset as:</p>

<blockquote>
<p>Sicoli MA &amp; Holton G (2014) Linguistic phylogenies support back-migration from Beringia to Asia. PLoS One 9(3):e91722.</p>
</blockquote>",,,v1.1,"Sicoli, Mark A. ; Holton, Gary",Simon J. Greenhill ; Robert Forkel,10.5281/zenodo.10149871,10.5281/zenodo.8250302,8250302,2023-11-17T15:45:26.831875+00:00,2023-11-17T15:45:27.027497+00:00,phlorest;dplace,cc-by-4.0,https://zenodo.org/records/10149871,10149871,cldf:Generic;linguistics,dataset,https://github.com/phlorest/sicoli_and_holton2014/tree/v1.1
10149865,Phlorest phylogeny derived from Sagart et al. 2019 'Dated language phylogenies shed light on the ancestry of Sino-Tibetan',"<p>Cite the source of the dataset as:</p>

<blockquote>
<p>Sagart L, Jacques G, Lai Y, Ryder RJ, Thouzeau V, Greenhill SJ, List J- M. 2019 Dated language phylogenies shed light on the ancestry of Sino-Tibetan. Proceedings of the National Academy of Sciences, 201817972.</p>
</blockquote>",,,v1.1,"Sagart, Laurent ; Jacques, Guillaume ; Lai, Yunfan ; Ryder, Robin J. ; Thouzeau, Valentin ; List, Johann-Mattis ; Simon J. Greenhill",Simon J. Greenhill ; Robert Forkel,10.5281/zenodo.10149865,10.5281/zenodo.8250294,8250294,2023-11-17T15:41:16.247543+00:00,2023-11-17T15:41:16.409603+00:00,phlorest;dplace,cc-by-4.0,https://zenodo.org/records/10149865,10149865,cldf:Generic;linguistics,dataset,https://github.com/phlorest/sagart_et_al2019/tree/v1.1
10149839,Phlorest phylogeny derived from Robinson and Holton 2012 'Internal Classification of the Alor-Pantar Language Family Using Computational Methods Applied to the Lexicon',"<p>Cite the source of the dataset as:</p>

<blockquote>
<p>Robinson, L. C., &amp; Holton, G. (2012). Internal Classification of the Alor-Pantar Language Family Using Computational Methods Applied to the Lexicon. Language Dynamics and Change, 2(2), 123-149. doi:10.1163/22105832-20120201</p>
</blockquote>",,,v1.1,Laura C. Robinson ; Gary Holton,Simon J. Greenhill ; Robert Forkel,10.5281/zenodo.10149839,10.5281/zenodo.8250285,8250285,2023-11-17T15:29:30.909233+00:00,2023-11-17T15:29:31.073970+00:00,phlorest;dplace,cc-by-4.0,https://zenodo.org/records/10149839,10149839,cldf:Generic;linguistics,dataset,https://github.com/phlorest/robinson_and_holton2012/tree/v1.1
10149825,Phlorest phylogeny derived from Lee & Hasegawa 2013 'Evolution of the Ainu Language in Space and Time',"<p>Cite the source of the dataset as:</p>

<blockquote>
<p>Lee S, Hasegawa T (2013) Evolution of the Ainu Language in Space and Time. PLoS ONE 8(4): e62243. doi: 10.1371/journal.pone.0062243</p>
</blockquote>",,,v1.1,Sean Lee ; Toshikazu Hasegawa,Simon J. Greenhill ; Robert Forkel,10.5281/zenodo.10149825,10.5281/zenodo.8250179,8250179,2023-11-17T15:26:30.946404+00:00,2023-11-17T15:26:31.144884+00:00,phlorest;dplace,cc-by-4.0,https://zenodo.org/records/10149825,10149825,cldf:Generic;linguistics,dataset,https://github.com/phlorest/lee_and_hasegawa2013/tree/v1.1
10149812,Phlorest phylogeny derived from Lee 2015 'A Sketch of Language History in the Korean Peninsula',"<p>Cite the source of the dataset as:</p>

<blockquote>
<p>Lee S (2015) A Sketch of Language History in the Korean Peninsula. PLoS ONE 10(5): e0128448. doi:10.1371/journal.pone.0128448</p>
</blockquote>",,,v1.1,"Lee, Sean",Simon J. Greenhill ; Robert Forkel,10.5281/zenodo.10149812,10.5281/zenodo.8250162,8250162,2023-11-17T15:21:16.113246+00:00,2023-11-17T15:21:16.278273+00:00,phlorest;dplace,cc-by-4.0,https://zenodo.org/records/10149812,10149812,cldf:Generic;linguistics,dataset,https://github.com/phlorest/lee2015/tree/v1.1
10149769,Phlorest phylogeny derived from Kolipakam et al. 2018 'A Bayesian phylogenetic study of the Dravidian language family',"<p>Cite the source of the dataset as:</p>

<blockquote>
<p>Kolipakam V, Jordan FM, Dunn M, Greenhill SJ, Bouckaert R, Gray RD &amp; Verkerk A. 2018. A Bayesian phylogenetic study of the Dravidian language family. R. Soc. Open Sci. 5: 171504.</p>
</blockquote>",,,v1.1,"Kolipakam, Vishnupriya ; Jordan, Fiona M. ; Dunn, Michael ; Bouckaert, Remco ; Gray, Russell D. ; Verkerk, Annemarie ; Simon J. Greenhill",Simon J. Greenhill ; Robert Forkel,10.5281/zenodo.10149769,10.5281/zenodo.8250129,8250129,2023-11-17T15:06:54.145875+00:00,2023-11-17T15:06:54.349886+00:00,phlorest;dplace,cc-by-4.0,https://zenodo.org/records/10149769,10149769,cldf:Generic;linguistics,dataset,https://github.com/phlorest/kolipakam_et_al2018/tree/v1.1
10149760,Phlorest phylogeny derived from Kitchen et al. 2009 'Bayesian phylogenetic analysis of Semitic languages identifies an Early Bronze Age origin of Semitic in the Near East',"<p>Cite the source of the dataset as:</p>

<blockquote>
<p>Kitchen A, Ehret C, Assefa S &amp; Mulligan CJ. 2009. Bayesian phylogenetic analysis of Semitic languages identifies an Early Bronze Age origin of Semitic in the Near East. Proceedings of the Royal Society B: Biological Sciences, 270(1668), 2703-2710.</p>
</blockquote>",,,v1.1,A. Kitchen ; C. Ehret ; S. Assefa ; C. J. Mulligan,Simon J. Greenhill ; Robert Forkel,10.5281/zenodo.10149760,10.5281/zenodo.8250115,8250115,2023-11-17T15:02:45.974918+00:00,2023-11-17T15:02:46.184166+00:00,phlorest;dplace,cc-by-4.0,https://zenodo.org/records/10149760,10149760,cldf:Generic;linguistics,dataset,https://github.com/phlorest/kitchen_et_al2009/tree/v1.1
10149695,Phlorest phylogeny derived from Hruschka et al. 2015 'Detecting regular sound changes in linguistics as events of concerted evolution',"<p>Cite the source of the dataset as:</p>

<blockquote>
<p>Hruschka, D. J., Branford, S., Smith, E. D., Wilkins, J., Meade, A., Pagel, M., &amp; Bhattacharya, T. (2015). Detecting regular sound changes in linguistics as events of concerted evolution. Current Biology, 25(1), 1-9.</p>
</blockquote>",,,v1.1,Daniel J. Hruschka ; Simon Branford ; Eric D. Smith ; Jon Wilkins ; Andrew Meade ; Mark Pagel ; Tanmoy Bhattacharya,Simon J. Greenhill ; Robert Forkel,10.5281/zenodo.10149695,10.5281/zenodo.8250105,8250105,2023-11-17T14:44:21.300066+00:00,2023-11-17T14:44:21.469058+00:00,phlorest;dplace,cc-by-4.0,https://zenodo.org/records/10149695,10149695,cldf:Generic;linguistics,dataset,https://github.com/phlorest/hruschka_et_al2015/tree/v1.1
10149686,Phlorest phylogeny derived from Honkola et al. 2013 'Cultural and climatic changes shape the evolutionary history of the Uralic languages',"<p>Cite the source of the dataset as:</p>

<blockquote>
<p>Honkola T, Vesakoski O, Korhonen K, Lehtinen J, Syrjänen K &amp; Wahlberg N. 2013. Cultural and climatic changes shape the evolutionary history of the Uralic languages. Journal of Evolutionary Biology, 26(6):1244–1253.</p>
</blockquote>",,,v1.1,"Honkola, T ; Vesakoski, O ; Korhonen, K ; Lehtinen, J ; Syrjänen, K ; Wahlberg, N",Simon J. Greenhill ; Robert Forkel,10.5281/zenodo.10149686,10.5281/zenodo.8250097,8250097,2023-11-17T14:42:32.542250+00:00,2023-11-17T14:42:32.739232+00:00,phlorest;dplace,cc-by-4.0,https://zenodo.org/records/10149686,10149686,cldf:Generic;linguistics,dataset,https://github.com/phlorest/honkola_et_al2013/tree/v1.1
10149683,Phlorest phylogeny derived from Grollemund et al. 2015 'Bantu expansion shows habitat alters the route and pace of human dispersals',"<p>Cite the source of the dataset as:</p>

<blockquote>
<p>Grollemund R, Branford S, Bostoen K, Meade A, Venditti C &amp; Pagel M. 2015. Bantu expansion shows habitat alters the route and pace of human dispersals. Proceedings of the National Academy of Sciences of the USA, 112(43), 13296-13301.</p>
</blockquote>",,,v1.1,Rebecca Grollemund ; Simon Branford ; Koen Bostoen ; Andrew Meade ; Chris Venditti ; Mark Pagel,Simon J. Greenhill ; Robert Forkel,10.5281/zenodo.10149683,10.5281/zenodo.8250088,8250088,2023-11-17T14:39:58.655650+00:00,2023-11-17T14:39:58.849958+00:00,phlorest;dplace,cc-by-4.0,https://zenodo.org/records/10149683,10149683,cldf:Generic;linguistics,dataset,https://github.com/phlorest/grollemund_et_al2015/tree/v1.1
10149678,Phlorest phylogeny derived from Greenhill 2015 'TransNewGuinea.org: An Online Database of New Guinea Languages',"<p>Cite the source of the dataset as:</p>

<blockquote>
<p>Greenhill, S. J. (2015). TransNewGuinea.org: An Online Database of New Guinea Languages. PLOS ONE, 10(10), e0141563. doi:10.1371/journal.pone.0141563</p>
</blockquote>",,,v1.1,Simon J. Greenhill,Simon J. Greenhill ; Robert Forkel,10.5281/zenodo.10149678,10.5281/zenodo.8250076,8250076,2023-11-17T14:37:33.637392+00:00,2023-11-17T14:37:33.828814+00:00,phlorest;dplace,cc-by-4.0,https://zenodo.org/records/10149678,10149678,cldf:Generic;linguistics,dataset,https://github.com/phlorest/greenhill2015/tree/v1.1
10149668,Phlorest phylogeny derived from Gray et al. 2009 'Language phylogenies reveal expansion pulses and pauses in Pacific settlement',"<p>Cite the source of the dataset as:</p>

<blockquote>
<p>Gray RD, Drummond AJ, &amp; Greenhill SJ 2009. Language phylogenies reveal expansion pulses and pauses in Pacific settlement. Science, 323(5913), 479-483.</p>
</blockquote>",,,v1.1.1,Russell D. Gray ; Alexei J. Drummond ; Simon J. Greenhill,Simon J. Greenhill ; Robert Forkel,10.5281/zenodo.10149668,10.5281/zenodo.8250067,8250067,2023-11-17T14:34:56.699048+00:00,2023-11-17T14:34:56.886630+00:00,phlorest;dplace,cc-by-4.0,https://zenodo.org/records/10149668,10149668,cldf:Generic;linguistics,dataset,https://github.com/phlorest/gray_et_al2009/tree/v1.1.1
10149635,Phlorest phylogeny derived from Gray et al. 2009 'Language phylogenies reveal expansion pulses and pauses in Pacific settlement',"<p>Cite the source of the dataset as:</p>

<blockquote>
<p>Gray RD, Drummond AJ, &amp; Greenhill SJ 2009. Language phylogenies reveal expansion pulses and pauses in Pacific settlement. Science, 323(5913), 479-483.</p>
</blockquote>",,,v1.1,Russell D. Gray ; Alexei J. Drummond ; Simon J. Greenhill,Simon J. Greenhill ; Robert Forkel,10.5281/zenodo.10149635,10.5281/zenodo.8250067,8250067,2023-11-17T14:25:00.408309+00:00,2023-11-17T14:25:00.601916+00:00,phlorest;dplace,cc-by-4.0,https://zenodo.org/records/10149635,10149635,cldf:Generic;linguistics,dataset,https://github.com/phlorest/gray_et_al2009/tree/v1.1
10149621,Phlorest phylogeny derived from Dunn et al. 2011 'Evolved structure of language shows lineage-specific trends in word-order universals',"<p>Cite the source of the dataset as:</p>

<blockquote>
<p>Dunn M, Greenhill SJ, Levinson SC &amp; Gray RD. 2011. Evolved structure of language shows lineage-specific trends in word-order universals. Nature, 473(7345), 79-82.</p>
</blockquote>",,,v1.1,Michael Dunn ; S.C. Levinson ; Russell D. Gray ; Simon J. Greenhill,Simon J. Greenhill ; Robert Forkel,10.5281/zenodo.10149621,10.5281/zenodo.8250052,8250052,2023-11-17T14:21:06.960277+00:00,2023-11-17T14:21:07.133445+00:00,phlorest;dplace,cc-by-4.0,https://zenodo.org/records/10149621,10149621,cldf:Generic;linguistics,dataset,https://github.com/phlorest/dunn_et_al2011/tree/v1.1
10149579,Phlorest phylogeny derived from De Filippo et al. 2012 'Bringing together linguistic and genetic evidence to test the Bantu expansion',"<p>Cite the source of the dataset as:</p>

<blockquote>
<p>De Filippo, C., Bostoen, K., Stoneking, M., &amp; Pakendorf, B. (2012). Bringing together linguistic and genetic evidence to test the Bantu expansion. Proceedings of the Royal Society B: Biological Sciences, 279(1741), 3256–3263. doi:10.1098/rspb.2012.0318</p>
</blockquote>",,,v1.1,Cesare de Filippo ; Koen Bostoen ; Mark Stoneking ; Brigitte Pakendorf,Simon J. Greenhill ; Robert Forkel,10.5281/zenodo.10149579,10.5281/zenodo.8250038,8250038,2023-11-17T14:11:31.787473+00:00,2023-11-17T14:11:31.939152+00:00,phlorest;dplace,cc-by-4.0,https://zenodo.org/records/10149579,10149579,cldf:Generic;linguistics,dataset,https://github.com/phlorest/defilippo_et_al2012/tree/v1.1
10149561,Phlorest phylogeny derived from Chang et al. 2015 'Ancestry-constrained phylogenetic analysis supports the Indo-European steppe hypothesis',"<p>Cite the source of the dataset as:</p>

<blockquote>
<p>Chang W, Cathcart C, Hall D, &amp; Garrett A. 2015. Ancestry-constrained phylogenetic analysis supports the Indo-European steppe hypothesis. Language, 91(1):194-244.</p>
</blockquote>",,,v1.1,"Chang, Will ; Cathcart, Chundra ; Hall, David ; Garrett, Andrew",Simon J. Greenhill ; Robert Forkel,10.5281/zenodo.10149561,10.5281/zenodo.8250014,8250014,2023-11-17T14:06:24.540125+00:00,2023-11-17T14:06:24.681324+00:00,phlorest;dplace,cc-by-4.0,https://zenodo.org/records/10149561,10149561,cldf:Generic;linguistics,dataset,https://github.com/phlorest/chang_et_al2015/tree/v1.1
10149552,Phlorest phylogeny derived from Chacon & List 2015 'Improved computational models of sound change shed light on the history of the Tukanoan languages',"<p>Cite the source of the dataset as:</p>

<blockquote>
<p>Chacon TC, List J-M (2015) Improved computational models of sound change shed light on the history of the Tukanoan languages. Journal of Language Relationship, 3:177–203.</p>
</blockquote>",,,v1.1,"Chacon, Thiago Costa ; List, Johann-Mattis",Simon J. Greenhill ; Robert Forkel,10.5281/zenodo.10149552,10.5281/zenodo.8249988,8249988,2023-11-17T14:01:23.696982+00:00,2023-11-17T14:01:23.845061+00:00,phlorest;dplace,cc-by-4.0,https://zenodo.org/records/10149552,10149552,cldf:Generic;linguistics,dataset,https://github.com/phlorest/chacon_and_list2015/tree/v1.1
10149544,Phlorest phylogeny derived from Bowern & Atkinson 2012 'Computational phylogenetics and the internal structure of Pama-Nyungan',"<p>Cite the source of the dataset as:</p>

<blockquote>
<p>Bowern C &amp; Atkinson QD. 2012. Computational phylogenetics and the internal structure of Pama-Nyungan. Language, 88(4), 817-845.</p>
</blockquote>",,,v1.1,Claire Bowern ; Quentin Atkinson,Simon J. Greenhill ; Robert Forkel,10.5281/zenodo.10149544,10.5281/zenodo.8249977,8249977,2023-11-17T13:58:46.855919+00:00,2023-11-17T13:58:47.016298+00:00,phlorest;dplace,cc-by-4.0,https://zenodo.org/records/10149544,10149544,cldf:Generic;linguistics,dataset,https://github.com/phlorest/bowern_and_atkinson2012/tree/v1.1
10149537,Phlorest phylogeny derived from Bouckaert et al. 2018 'The origin and expansion of Pama–Nyungan languages across Australia',"<p>Cite the source of the dataset as:</p>

<blockquote>
<p>Bouckaert RR, Bowern C &amp; Atkinson QD. 2018. The origin and expansion of Pama–Nyungan languages across Australia. Nature Ecology and Evolution. 2: 741–749</p>
</blockquote>",,,v1.1,"Bouckaert, Remco R. ; Bowern, Claire ; Atkinson, Quentin D.",Simon J. Greenhill ; Robert Forkel,10.5281/zenodo.10149537,10.5281/zenodo.8249941,8249941,2023-11-17T13:56:49.648565+00:00,2023-11-17T13:56:49.815598+00:00,phlorest;dplace,cc-by-4.0,https://zenodo.org/records/10149537,10149537,cldf:Generic;linguistics,dataset,https://github.com/phlorest/bouckaert_et_al2018/tree/v1.1
10149518,Phlorest phylogeny derived from Bouckaert et al. 2012 'Mapping the Origins and Expansion of the Indo-European Language Family',"<p>Cite the source of the dataset as:</p>

<blockquote>
<p>Bouckaert RR, Lemey P, Dunn M, Greenhill SJ, Alekseyenko AV, Drummond AJ, Gray RD, Suchard MA &amp; Atkinson QD. 2012. Mapping the Origins and Expansion of the Indo-European Language Family. Science, 337(6097), 957-960.</p>
</blockquote>",,,v1.1,R. Bouckaert ; P. Lemey ; M. Dunn ; A. V. Alekseyenko ; A. J. Drummond ; R. D. Gray ; M. A. Suchard ; Q. D. Atkinson ; Simon J. Greenhill,Simon J. Greenhill ; Robert Forkel,10.5281/zenodo.10149518,10.5281/zenodo.8249915,8249915,2023-11-17T13:50:44.992434+00:00,2023-11-17T13:50:45.102408+00:00,phlorest;dplace,cc-by-4.0,https://zenodo.org/records/10149518,10149518,cldf:Generic;linguistics,dataset,https://github.com/phlorest/bouckaert_et_al2012/tree/v1.1
10149510,Phlorest phylogeny derived from Birchall et al. 2016 'A combined comparative and phylogenetic analysis of the Chapacuran language family',"<p>Cite the source of the dataset as:</p>

<blockquote>
<p>Birchall, Joshua, Michael Dunn, and Simon J. Greenhill. 2016. A combined comparative and phylogenetic analysis of the Chapacuran language family. International Journal of American Linguistics 82 (3): 255–84. doi: 10.1086/687383</p>
</blockquote>",,,v1.1,Joshua Birchall ; Michael Dunn ; Simon J. Greenhill,Simon J. Greenhill ; Robert Forkel,10.5281/zenodo.10149510,10.5281/zenodo.8248751,8248751,2023-11-17T13:45:34.975813+00:00,2023-11-17T13:45:35.126895+00:00,phlorest;dplace,cc-by-4.0,https://zenodo.org/records/10149510,10149510,cldf:Generic;linguistics,dataset,https://github.com/phlorest/birchall_et_al2016/tree/v1.1
10149488,Phlorest phylogeny derived from Atkinson 2006 'From Species to Languages: a phylogenetic approach to human prehistory',"<p>Cite the source of the dataset as:</p>

<blockquote>
<p>Atkinson, Quentin D. 2006. From Species to Languages: a phylogenetic approach to human prehistory. PhD Thesis, University of Auckland, New Zealand.</p>
</blockquote>",,,v1.2,Quentin D. Atkinson,Simon J. Greenhill ; Robert Forkel,10.5281/zenodo.10149488,10.5281/zenodo.8248388,8248388,2023-11-17T13:39:32.003021+00:00,2023-11-17T13:39:32.140899+00:00,phlorest;dplace,cc-zero,https://zenodo.org/records/10149488,10149488,cldf:Generic;linguistics,dataset,https://github.com/phlorest/atkinson2006/tree/v1.2
10149409,Phlorest phylogeny derived from Lee & Hasegawa 2011 'Bayesian phylogenetic analysis supports an agricultural origin of Japonic languages',"<p>Cite the source of the dataset as:</p>

<blockquote>
<p>Lee S, Hasegawa T (2011) Bayesian phylogenetic analysis supports an agricultural origin of Japonic languages. Proceedings of the Royal Society B: Biological Sciences, 278(1725):3662–9.</p>
</blockquote>",,,v1.1,"Lee, Sean ; Hasegawa, Toshikazu",Simon J. Greenhill ; Robert Forkel,10.5281/zenodo.10149409,10.5281/zenodo.8250174,8250174,2023-11-17T13:27:49.389285+00:00,2023-11-17T13:27:49.534139+00:00,phlorest;dplace,cc-by-4.0,https://zenodo.org/records/10149409,10149409,cldf:Generic;linguistics,dataset,https://github.com/phlorest/lee_and_hasegawa2011/tree/v1.1
10113016,IMTVault,"<p>Cite the source of the dataset as:</p>

<blockquote>
<p>Krämer, Thomas, and Sebastian Nordhoff. 2022. &quot;IMTVault: Extracting and Enriching Low-resource Language Interlinear Glossed Text from Grammatical Descriptions and Typological Survey Articles: Proceedings of The 8th Workshop on Linked Data in Linguistics within the 13th Language Resources and Evaluation Conference.&quot; 13th Language Resources and Evaluation Conference lREC 2022, LREC 2022, Marseille, 24.06.2022.</p>
</blockquote>",,,v1.1,Sebastian Nordhoff ; Robert Forkel,,10.5281/zenodo.10113016,10.5281/zenodo.7371911,7371911,2023-11-11T11:44:11.613976+00:00,2023-11-11T11:44:11.779907+00:00,cldf-datasets,cc-by-4.0,https://zenodo.org/records/10113016,10113016,cldf:Generic;linguistics,dataset,https://github.com/cldf-datasets/imtvault/tree/v1.1
10054441,"CLDF dataset derived from Blum et al.'s ""A Comparative Wordlist for Investigating Distant Relations Among Languages in Lowland South America.","<p>Cite the source of the dataset as:</p>

<blockquote>
<p>Blum, Frederic and Barrientos, Carlos and Zariquiey, Roberto and List, Johann-Mattis. Forthcoming. A Comparative Wordlist for Investigating Distant Relations Among Languages in Lowland South America.</p>
</blockquote>",,,v0.1,Frederic Blum ; Carlos M. B. Ugarte ; Roberto Zariquiey ; Johann-Mattis List,,10.5281/zenodo.10054441,10.5281/zenodo.10054440,10054440,2023-10-30T13:25:45.221029+00:00,2023-10-30T14:05:02.091687+00:00,lexibank,cc-by-4.0,https://zenodo.org/records/10054441,10054441,cldf:Wordlist;linguistics,dataset,https://github.com/pano-tacanan-history/blumpanotacana/tree/v0.1
10033194,"CLDF dataset derived from Bowern et al.'s ""Diversity in the Numeral Systems of Australian Languages"" from 2012","<p>Cite the source of the dataset as:</p>

<blockquote>
<p>Bowern, Claire, and Jason Zentz (2012): Diversity in the Numeral Systems of Australian Languages. Anthropological Linguistics, 2012. http://www.jstor.org/stable/23621076</p>
</blockquote>",,,v0.8,Claire Bowern ; Jason Zentz,Carlos Barrientos Ugarte ; Johann-Mattis List,10.5281/zenodo.10033194,10.5281/zenodo.10033193,10033193,2023-10-23T08:47:56.126595+00:00,2023-10-23T08:47:56.316559+00:00,cldf-datasets,cc-by-4.0,https://zenodo.org/records/10033194,10033194,cldf:Wordlist;linguistics,dataset,https://github.com/numeralbank/bowernnumerals/tree/v0.8
10033151,"CLDF dataset derived from Mamta's ""South Asian Numerals Database"" from 2023","<p>Cite the source of the dataset as:</p>

<blockquote>
<p>Mamta, K. (2023): South Asian Numerals Database (SAND). Leipzig: Max Planck Institute for Evolutionary Anthropology.</p>
</blockquote>",,,v0.8,Mamta Kumari,Johann-Mattis List ; Christoph Rzymski,10.5281/zenodo.10033151,10.5281/zenodo.10033150,10033150,2023-10-23T08:39:01.558526+00:00,2023-10-23T08:39:01.748083+00:00,,cc-by-4.0,https://zenodo.org/records/10033151,10033151,cldf:Wordlist;linguistics,dataset,https://github.com/numeralbank/sand/tree/v0.8
10016900,"lexibank/barlowkilliantomoip: CLDF dataset derived from Barlow and Killian's ""Tomoip Wordlist"" from 2023","<p>Cite the lexibank dataset as</p>
<p>Cite the source dataset as</p>
<blockquote>
<p>Barlow, Russell &amp; Killian, Don. 2023. Tomoip wordlist: Based on elicitation sessions with Simon Mangil from Milim village, recorded in Kokopo, East New Britain, October to November 2022. https://doi.org/10.5281/zenodo.8435080</p>
</blockquote>",,,v1.0,Christoph Rzymski ; barlowrussell,,10.5281/zenodo.10016900,10.5281/zenodo.10016899,10016899,2023-10-18T08:16:08.539027+00:00,2023-10-18T08:16:08.751577+00:00,cldf-datasets,cc-by-4.0,https://zenodo.org/records/10016900,10016900,,software,https://github.com/lexibank/barlowkilliantomoip/tree/v1.0
10016548,pano-tacanan-history/oliveiraprotopanoan: CLDF dataset derived from Oliveira's (2014) reconstruction of Proto-Panoan,"<p>This release fixes several errors and alignments and is a substantial improvement on the previous release.</p>
<p>Please cite the original dataset as</p>
<blockquote>
<p>Oliveira, Sanderson Castro Soares de (2014). Contribuições para a reconstrução do Protopáno. Universidade de Brasília, Brasília, 2014.</p>
</blockquote>
<p>Please cite the article in which we describe the digitization and creation of alignments:</p>
<blockquote>
<p>Blum, Frederic and Barrientos, Carlos. 2023. ""A New Dataset with Phonological Reconstructions in CLDF,"" in Computer-Assisted Language Comparison in Practice, 21/06/2023, https://calc.hypotheses.org/6142.</p>
</blockquote>",,,v1.1.0,Frederic Blum ; C. M. B. Ugarte ; Johann-Mattis List ; Christoph Rzymski,,10.5281/zenodo.10016548,10.5281/zenodo.8058800,8058800,2023-10-18T08:08:48.603860+00:00,2023-10-18T08:08:48.734910+00:00,lexibank,cc-by-4.0,https://zenodo.org/records/10016548,10016548,,software,https://github.com/pano-tacanan-history/oliveiraprotopanoan/tree/v1.1.0
10015142,pano-tacanan-history/oliveiraprotopanoan: CLDF dataset derived from Oliveira's (2014) reconstruction of Proto-Panoan,"<p>Zenodo fix from the previous release.</p>
<p>Please cite the original dataset as</p>
<blockquote>
<p>Oliveira, Sanderson Castro Soares de (2014). Contribuições para a reconstrução do Protopáno. Universidade de Brasília, Brasília, 2014.</p>
</blockquote>
<p>Please cite the article in which we describe the digitization and creation of alignments:</p>
<blockquote>
<p>Blum, Frederic and Barrientos, Carlos. 2023. ""A New Dataset with Phonological Reconstructions in CLDF,"" in Computer-Assisted Language Comparison in Practice, 21/06/2023, https://calc.hypotheses.org/6142.</p>
</blockquote>",,,v1.1.1,Frederic Blum ; C. M. B. Ugarte ; Johann-Mattis List ; Christoph Rzymski,,10.5281/zenodo.10015142,10.5281/zenodo.8058800,8058800,2023-10-17T17:29:01.306407+00:00,2023-10-17T17:29:01.477311+00:00,lexibank,cc-by-4.0,https://zenodo.org/records/10015142,10015142,,software,https://github.com/pano-tacanan-history/oliveiraprotopanoan/tree/v1.1.1
10006641,linguistlist/multitree: MultiTree: A digital library of language relationships,No description provided.,,,v0.1,LinguistList,,10.5281/zenodo.10006641,10.5281/zenodo.10006569,10006569,2023-10-16T09:13:35.011424+00:00,2023-10-16T09:21:24.112865+00:00,cldf-datasets;linguistlist,cc-by-sa-4.0,https://zenodo.org/records/10006641,10006641,,dataset,https://github.com/linguistlist/multitree/tree/v0.1
10006570,linguistlist/multitree: MultiTree: A digital library of language relationships,No description provided.,,,v0.1,LinguistList,,10.5281/zenodo.10006570,10.5281/zenodo.10006569,10006569,2023-10-16T09:09:00.817186+00:00,2023-10-16T09:17:36.230689+00:00,cldf-datasets;linguistlist,cc-by-sa-4.0,https://zenodo.org/records/10006570,10006570,,dataset,https://github.com/linguistlist/multitree/tree/v0.1
8437515,"CLDF dataset derived from Barlow and Killian's ""Tomoip Wordlist"" from 2023","<p>Cite the source of the dataset as:</p>

<blockquote>
<p>Barlow, Russell &amp; Killian, Don. 2023. Tomoip wordlist: Based on elicitation sessions with Simon Mangil from Milim village, recorded in Kokopo, East New Britain, October to November 2022. https://doi.org/10.5281/zenodo.8435080</p>
</blockquote>",,,v1.0.2,Russell Barlow ; Don Killian,Christoph Rzymski,10.5281/zenodo.8437515,10.5281/zenodo.8435080,8435080,2023-10-13T05:33:37.218000+00:00,2023-10-13T05:33:40.093063+00:00,lexibank,cc-by-4.0,https://zenodo.org/records/8437515,8437515,cldf:Wordlist;linguistics,dataset,https://github.com/lexibank/barlowkilliantomoip/tree/v1.0.2
8435096,"CLDF dataset derived from Barlow's and Killian's ""Tomoip Wordlist"" from 2022","<p>Cite the source of the dataset as:</p>

<blockquote>
<p>Barlow, Russell &amp; Killian, Don. 2023. Tomoip wordlist: Based on elicitation sessions with Simon Mangil from Milim village, recorded in Kokopo, East New Britain, October to November 2022. https://doi.org/10.5281/zenodo.8435080</p>
</blockquote>",,,v1.0.1,Russell Barlow ; Don Killian,Christoph Rzymski,10.5281/zenodo.8435096,10.5281/zenodo.8435080,8435080,2023-10-12T12:01:25.246084+00:00,2023-10-13T05:33:37.481901+00:00,lexibank,cc-by-4.0,https://zenodo.org/records/8435096,8435096,cldf:Wordlist;linguistics,dataset,https://github.com/lexibank/barlowkilliantomoip/tree/v1.0.1
8435081,"CLDF dataset derived from Barlow's and Killian's ""Tomoip Wordlist"" from 2022","<p>Cite the source of the dataset as:</p>

<blockquote>
<p>Barlow, Russell &amp; Killian, Don. 2023. Tomoip wordlist: Based on elicitation sessions with Simon Mangil from Milim village, recorded in Kokopo, East New Britain, October to November 2022.</p>
</blockquote>",,,v1.0,Russell Barlow ; Don Killian,Christoph Rzymski,10.5281/zenodo.8435081,10.5281/zenodo.8435080,8435080,2023-10-12T11:57:19.615307+00:00,2023-10-13T05:33:37.306804+00:00,lexibank,cc-by-4.0,https://zenodo.org/records/8435081,8435081,cldf:Wordlist;linguistics,dataset,https://github.com/lexibank/barlowkilliantomoip/tree/v1.0
8405204,"CLDF dataset derived from Koelle's ""Polyglotta Africana"" from 1854","<p>Cite the source of the dataset as:</p>

<blockquote>
<p>Koelle, Sigismund W. (1854). Polyglotta Africana or Comparative Vocabulary of Nearly Three Hundred Words and Phrases in more than One Hundred Distinct African Languages. London: Church Missionary House.</p>
</blockquote>",,,v2.0,Sigismund Koelle,Guillaume Segerer ; Guillaume Segerer ; Robert Forkel ; Johann-Mattis List ; Tiago Tresoldi,10.5281/zenodo.8405204,10.5281/zenodo.5136889,5136889,2023-10-04T07:07:19.382001+00:00,2023-10-05T14:27:09.516767+00:00,lexibank,cc-by-4.0,https://zenodo.org/records/8405204,8405204,cldf:Wordlist;linguistics,dataset,https://github.com/lexibank/polyglottaafricana/tree/v2.0
8365633,"CLDF dataset derived from Koelle's ""Polyglotta Africana"" from 1854","<p>Cite the source of the dataset as:</p>

<blockquote>
<p>Koelle, Sigismund W. (1854). Polyglotta Africana or Comparative Vocabulary of Nearly Three Hundred Words and Phrases in more than One Hundred Distinct African Languages. London: Church Missionary House.</p>
</blockquote>",,,v1.2,Sigismund Koelle,Guillaume Segerer ; Guillaume Segerer ; Robert Forkel ; Johann-Mattis List ; Tiago Tresoldi,10.5281/zenodo.8365633,10.5281/zenodo.5136889,5136889,2023-09-21T07:02:36.280727+00:00,2023-10-04T07:07:19.762199+00:00,lexibank,cc-by-4.0,https://zenodo.org/records/8365633,8365633,cldf:Wordlist;linguistics,dataset,https://github.com/lexibank/polyglottaafricana/tree/v1.2
8362164,"CLDF dataset derived from Koelle's ""Polyglotta Africana"" from 1854","<p>Cite the source of the dataset as:</p>

<blockquote>
<p>Koelle, Sigismund W. (1854). Polyglotta Africana or Comparative Vocabulary of Nearly Three Hundred Words and Phrases in more than One Hundred Distinct African Languages. London: Church Missionary House.</p>
</blockquote>",,,v1.1,Sigismund Koelle,Guillaume Segerer ; Guillaume Segerer ; Robert Forkel ; Johann-Mattis List ; Tiago Tresoldi,10.5281/zenodo.8362164,10.5281/zenodo.5136889,5136889,2023-09-20T06:54:16.432803+00:00,2023-10-04T07:07:19.639955+00:00,lexibank,cc-by-4.0,https://zenodo.org/records/8362164,8362164,cldf:Wordlist;linguistics,dataset,https://github.com/lexibank/polyglottaafricana/tree/v1.1
5136890,"CLDF dataset derived from Koelle's ""Polyglotta Africana"" from 1854","<p>Cite the source of the dataset as:</p>

<blockquote>
<p>Koelle, Sigismund W. (1854). Polyglotta Africana or Comparative Vocabulary of Nearly Three Hundred Words and Phrases in more than One Hundred Distinct African Languages. London: Church Missionary House.</p>
</blockquote>",,,v1.0,Sigismund Koelle,Robert Forkel ; Guillaume Segerer ; Guillaume Segerer ; Tiago Tresoldi,10.5281/zenodo.5136890,10.5281/zenodo.5136889,5136889,2021-07-26T06:28:07.714249+00:00,2023-10-04T07:07:19.529335+00:00,lexibank,cc-by-4.0,https://zenodo.org/records/5136890,5136890,cldf:Wordlist;linguistics,dataset,https://github.com/lexibank/polyglottaafricana/tree/v1.0
8385277,"CLDF dataset derived from Barlow's ""Numerals of the Pacific"" from 2022","<p>Cite the source of the dataset as:</p>

<blockquote>
<p>Barlow, Russell (ed.). 2022. Numerals of the Pacific: A collection of numeral terms in Austronesian and Papuan languages.</p>
</blockquote>",,,v1.4,Russell Barlow,Christoph Rzymski,10.5281/zenodo.8385277,10.5281/zenodo.5596346,5596346,2023-09-28T07:03:39.268254+00:00,2023-09-28T14:28:02.976412+00:00,lexibank,cc-by-4.0,https://zenodo.org/records/8385277,8385277,cldf:Wordlist;linguistics,dataset,https://github.com/numeralbank/barlowpacific/tree/v1.4
7097819,"CLDF dataset derived from Barlow's ""Numerals of the Pacific"" from 2022","<p>Cite the source of the dataset as:</p>

<blockquote>
<p>Barlow, Russell (ed.). 2022. Numerals of the Pacific: A collection of numeral terms in Austronesian and Papuan languages.</p>
</blockquote>",,,v1.3.1,Russell Barlow,Christoph Rzymski,10.5281/zenodo.7097819,10.5281/zenodo.5596346,5596346,2022-09-20T18:12:08.557649+00:00,2023-09-28T07:03:39.976827+00:00,lexibank,cc-by-4.0,https://zenodo.org/records/7097819,7097819,cldf:Wordlist;linguistics,dataset,https://github.com/numeralbank/barlowpacific/tree/v1.3.1
7097796,"CLDF dataset derived from Barlow's ""Numerals of the Pacific"" from 2021","<p>Cite the source of the dataset as:</p>

<blockquote>
<p>Barlow, Russell (ed.). 2021. Numerals of the Pacific: A collection of numeral terms in Austronesian and Papuan languages.</p>
</blockquote>",,,v1.3,Russell Barlow,Christoph Rzymski,10.5281/zenodo.7097796,10.5281/zenodo.5596346,5596346,2022-09-20T18:04:14.952088+00:00,2023-09-28T07:03:39.821494+00:00,lexibank,cc-by-4.0,https://zenodo.org/records/7097796,7097796,cldf:Wordlist;linguistics,dataset,https://github.com/numeralbank/barlowpacific/tree/v1.3
5997116,"CLDF dataset derived from Barlow's ""Numerals of the Pacific"" from 2021","<p>Cite the source of the dataset as:</p>

<blockquote>
<p>Barlow, Russell (ed.). 2021. Numerals of the Pacific: A collection of numeral terms in Austronesian and Papuan languages.</p>
</blockquote>",,,v1.2,Russell Barlow,Christoph Rzymski,10.5281/zenodo.5997116,10.5281/zenodo.5596346,5596346,2022-02-07T14:53:01.190093+00:00,2023-09-28T07:03:39.686972+00:00,lexibank,cc-by-4.0,https://zenodo.org/records/5997116,5997116,cldf:Wordlist;linguistics,dataset,https://github.com/numeralbank/barlowpacific/tree/v1.2
5772284,"CLDF dataset derived from Barlow's ""Numerals of the Pacific"" from 2021","<p>Cite the source of the dataset as:</p>

<blockquote>
<p>Barlow, Russell (ed.). 2021. Numerals of the Pacific: A collection of numeral terms in Austronesian and Papuan languages.</p>
</blockquote>",,,v1.1,Russell Barlow,Christoph Rzymski,10.5281/zenodo.5772284,10.5281/zenodo.5596346,5596346,2021-12-10T12:20:51.507592+00:00,2023-09-28T07:03:39.578987+00:00,lexibank,cc-by-4.0,https://zenodo.org/records/5772284,5772284,cldf:Wordlist;linguistics,dataset,https://github.com/numeralbank/barlowpacific/tree/v1.1
5596347,"CLDF dataset derived from Barlow's ""Numerals of the Pacific"" from 2021","<p>Cite the source of the dataset as:</p>

<blockquote>
<p>Barlow, Russell (ed.). 2021. Numerals of the Pacific: A collection of numeral terms in Austronesian and Papuan languages.</p>
</blockquote>",,,v1.0,Russell Barlow,Christoph Rzymski,10.5281/zenodo.5596347,10.5281/zenodo.5596346,5596346,2021-10-25T11:40:11.525590+00:00,2023-09-28T07:03:39.426363+00:00,lexibank,cc-by-4.0,https://zenodo.org/records/5596347,5596347,cldf:Wordlist;linguistics,dataset,https://github.com/numeralbank/barlowpacific/tree/v1.0
8383011,"CLDF dataset derived from Lai and List's ""Comparison of Rgyalrongic Languages"" from 2023","<p>Cite the source of the dataset as:</p>

<blockquote>
<p>Lai, Yunfan and List, Johann-Mattis (2023): Lexical Data for the Historical Comparison of Rgyalrongic Languages [Dataset, Version 1.0]. Leipzig: Max Planck Institute for Evolutionary Anthropology.</p>
</blockquote>",,,v0.2,Johann-Mattis List,,10.5281/zenodo.8383011,10.5281/zenodo.7866795,7866795,2023-09-27T10:54:03.606881+00:00,2023-09-27T14:26:55.458401+00:00,eu;lexibank,cc-by-4.0,https://zenodo.org/records/8383011,8383011,cldf:Wordlist;linguistics,dataset,https://github.com/lexibank/lairgyalrong/tree/v0.2
7866796,Lexical Data for the Historical Comparison of Rgyalrongic Languages,"<p>Cite the source of the dataset as:</p>

<blockquote>
<p>Lai, Yunfan and List, Johann-Mattis (2023):Lexical Data for the Historical Comparison of Rgyalrongic Languages [Dataset, Version 0.1]. Leipzig: Max Planck Institute for Evolutionary Anthropology.</p>
</blockquote>",,,v0.1,Yunfan Lai ; Johann-Mattis List,,10.5281/zenodo.7866796,10.5281/zenodo.7866795,7866795,2023-04-26T10:03:11.130820+00:00,2023-09-27T10:54:03.742607+00:00,lexibank;eu,cc-by-4.0,https://zenodo.org/records/7866796,7866796,cldf:Wordlist;linguistics,dataset,https://github.com/lexibank/lairgyalrong/tree/v0.1
8361936,"CLDF dataset derived from Grierson's ""Linguistic Survey of India"" from 1928","<p>Cite the source of the dataset as:</p>

<blockquote>
<p>Grierson, George Abraham (1928): Linguistic Survey of India. Comparative Vocabulary. Calcutta: Government of India Central Publication Branch.</p>
</blockquote>",,,v1.0,"Grierson, George Abraham",Taraka Rama ; Patrick Lundberg ; Christoph Rzymski ; Robert Forkel ; Johann-Mattis List,10.5281/zenodo.8361936,10.5281/zenodo.8361935,8361935,2023-09-20T05:32:02.054774+00:00,2023-09-20T14:27:04.343709+00:00,lexibank,cc-by-4.0,https://zenodo.org/records/8361936,8361936,cldf:Wordlist;linguistics,dataset,https://github.com/lexibank/lsi/tree/v1.0
8362943,Katukinan-Arawan-Harakmbut Database (KAHD),"<p>Cite the source of the dataset as:</p>

<blockquote>
<p>Ferraz Gerardi, Fabrício &amp; Aragon, Carolina &amp; Reichert, Stanislav &amp; Vogel, Alan &amp; Van linden, An (2022): Katukinan-Arawan-Harakmbut Database (KAHD) [Dataset]. Pre-release.</p>
</blockquote>",,,0.9.1,Fabrício Ferraz Gerardi ; Carolina Aragon ; Fernando Orphão de Carvalho ; Stanislav Reichert ; Alan Vogel ; An Van linden,Johann-Mattis List,10.5281/zenodo.8362943,10.5281/zenodo.6357449,6357449,2023-09-20T10:24:06.940931+00:00,2023-09-20T14:27:04.168282+00:00,lexibank,cc-by-4.0,https://zenodo.org/records/8362943,8362943,cldf:Wordlist;linguistics,dataset,https://github.com/tupian-language-resources/kahd/tree/0.9.1
7536378,Katukinan-Arawan-Harakmbut Database (KAHD),"<p>Cite the source of the dataset as:</p>

<blockquote>
<p>Ferraz Gerardi, Fabrício &amp; Aragon, Carolina &amp; Reichert, Stanislav &amp; Vogel, Alan &amp; Van linden, An (2022): Katukinan-Arawan-Harakmbut Database (KAHD) [Dataset]. Pre-release.</p>
</blockquote>",,,0.9,Fabrício Ferraz Gerardi ; Carolina Aragon ; Stanislav Reichert ; Alan Vogel ; An Van linden,Johann-Mattis List,10.5281/zenodo.7536378,10.5281/zenodo.6357449,6357449,2023-01-14T07:38:25.721707+00:00,2023-09-20T10:24:07.673842+00:00,lexibank,cc-by-4.0,https://zenodo.org/records/7536378,7536378,cldf:Wordlist;linguistics,dataset,https://github.com/tupian-language-resources/kahd/tree/0.9
6523593,Katukinan-Arawan-Harakmbut Database (KAHD),"<p>Cite the source of the dataset as:</p>

<blockquote>
<p>Ferraz Gerardi, Fabrício &amp; Aragon, Carolina &amp; Reichert, Stanislav (2022): Katukinan-Arawan-Harakmbut Database (KAHD) [Dataset]. Pre-release</p>
</blockquote>",,,0.2,FFGerardi,,10.5281/zenodo.6523593,10.5281/zenodo.6357449,6357449,2022-05-06T09:08:57.067512+00:00,2023-09-20T10:24:07.500238+00:00,lexibank,mit-license,https://zenodo.org/records/6523593,6523593,cldf:Wordlist;linguistics,dataset,https://github.com/LanguageStructure/KAHD_pre_release/tree/0.2
6357450,Katukinan-Arawan-Harakmbut Database (KAHD),"<p>Cite the source of the dataset as:</p>

<blockquote>
<p>Ferraz Gerardi, Fabr&iacute;cio &amp; Aragon, Carolina &amp; Reichert, Stanislav (2022): Katukinan-Arawan-Harakmbut Database (KAHD) [Dataset]. Pre-release</p>
</blockquote>",,,0.1,FFGerardi,,10.5281/zenodo.6357450,10.5281/zenodo.6357449,6357449,2022-03-15T11:17:04.857873+00:00,2023-09-20T10:24:07.169241+00:00,lexibank,mit-license,https://zenodo.org/records/6357450,6357450,cldf:Wordlist;linguistics;Amazonian languages;Lexical database;Historical linguistics;Arawan languages;Katukinan languages;Harakmbut,dataset,https://github.com/LanguageStructure/KAHD_pre_release/tree/0.1
8334753,Lexical Database of Bororoan,No description provided.,,,v0.9.5,"Ferraz Gerardi, Fabrício ; Tresoldi, Tiago",,10.5281/zenodo.8334753,10.5281/zenodo.8334752,8334752,2023-09-11T12:32:35.871882+00:00,2023-09-11T14:26:52.581512+00:00,lexibank,other-open,https://zenodo.org/records/8334753,8334753,cldf:Wordlist;linguistics,dataset,https://github.com/tupian-language-resources/bororo/tree/v0.9.5
8249942,Phlorest phylogeny derived from Bouckaert et al. 2018 'The origin and expansion of Pama–Nyungan languages across Australia',"<p>Cite the source of the dataset as:</p>

<blockquote>
<p>Bouckaert RR, Bowern C &amp; Atkinson QD. 2018. The origin and expansion of Pama–Nyungan languages across Australia. Nature Ecology and Evolution. 2: 741–749</p>
</blockquote>",,,v1.0,"Bouckaert, Remco R. ; Bowern, Claire ; Atkinson, Quentin D.",Simon J. Greenhill ; Robert Forkel,10.5281/zenodo.8249942,10.5281/zenodo.8249941,8249941,2023-08-15T13:53:59.486676+00:00,2023-08-16T02:26:55.632079+00:00,dplace;phlorest,cc-by-4.0,https://zenodo.org/records/8249942,8249942,cldf:Generic;linguistics,dataset,https://github.com/phlorest/bouckaert_et_al2018/tree/v1.0
8250295,Phlorest phylogeny derived from Sagart et al. 2019 'Dated language phylogenies shed light on the ancestry of Sino-Tibetan',"<p>Cite the source of the dataset as:</p>

<blockquote>
<p>Sagart L, Jacques G, Lai Y, Ryder RJ, Thouzeau V, Greenhill SJ, List J- M. 2019 Dated language phylogenies shed light on the ancestry of Sino-Tibetan. Proceedings of the National Academy of Sciences, 201817972.</p>
</blockquote>",,,v1.0,"Sagart, Laurent ; Jacques, Guillaume ; Lai, Yunfan ; Ryder, Robin J. ; Thouzeau, Valentin ; List, Johann-Mattis ; Simon J. Greenhill",Simon J. Greenhill ; Robert Forkel,10.5281/zenodo.8250295,10.5281/zenodo.8250294,8250294,2023-08-15T16:14:42.624991+00:00,2023-08-16T02:26:55.559912+00:00,dplace;phlorest,cc-by-4.0,https://zenodo.org/records/8250295,8250295,cldf:Generic;linguistics,dataset,https://github.com/phlorest/sagart_et_al2019/tree/v1.0
8250116,Phlorest phylogeny derived from Kitchen et al. 2009 'Bayesian phylogenetic analysis of Semitic languages identifies an Early Bronze Age origin of Semitic in the Near East',"<p>Cite the source of the dataset as:</p>

<blockquote>
<p>Kitchen A, Ehret C, Assefa S &amp; Mulligan CJ. 2009. Bayesian phylogenetic analysis of Semitic languages identifies an Early Bronze Age origin of Semitic in the Near East. Proceedings of the Royal Society B: Biological Sciences, 270(1668), 2703-2710.</p>
</blockquote>",,,v1.0,A. Kitchen ; C. Ehret ; S. Assefa ; C. J. Mulligan,Simon J. Greenhill ; Robert Forkel,10.5281/zenodo.8250116,10.5281/zenodo.8250115,8250115,2023-08-15T14:58:31.631099+00:00,2023-08-16T02:26:55.492026+00:00,dplace;phlorest,cc-by-4.0,https://zenodo.org/records/8250116,8250116,cldf:Generic;linguistics,dataset,https://github.com/phlorest/kitchen_et_al2009/tree/v1.0
8250286,Phlorest phylogeny derived from Robinson and Holton 2012 'Internal Classification of the Alor-Pantar Language Family Using Computational Methods Applied to the Lexicon',"<p>Cite the source of the dataset as:</p>

<blockquote>
<p>Robinson, L. C., &amp; Holton, G. (2012). Internal Classification of the Alor-Pantar Language Family Using Computational Methods Applied to the Lexicon. Language Dynamics and Change, 2(2), 123-149. doi:10.1163/22105832-20120201</p>
</blockquote>",,,v1.0,Laura C. Robinson ; Gary Holton,Simon J. Greenhill ; Robert Forkel,10.5281/zenodo.8250286,10.5281/zenodo.8250285,8250285,2023-08-15T16:11:01.894027+00:00,2023-08-16T02:26:55.483663+00:00,dplace;phlorest,cc-by-4.0,https://zenodo.org/records/8250286,8250286,cldf:Generic;linguistics,dataset,https://github.com/phlorest/robinson_and_holton2012/tree/v1.0
8250303,Phlorest phylogeny derived from Sicoli & Holton 2014 'Linguistic phylogenies support back-migration from Beringia to Asia',"<p>Cite the source of the dataset as:</p>

<blockquote>
<p>Sicoli MA &amp; Holton G (2014) Linguistic phylogenies support back-migration from Beringia to Asia. PLoS One 9(3):e91722.</p>
</blockquote>",,,v1.0,"Sicoli, Mark A. ; Holton, Gary",Simon J. Greenhill ; Robert Forkel,10.5281/zenodo.8250303,10.5281/zenodo.8250302,8250302,2023-08-15T16:17:44.807869+00:00,2023-08-16T02:26:55.478627+00:00,dplace;phlorest,cc-by-4.0,https://zenodo.org/records/8250303,8250303,cldf:Generic;linguistics,dataset,https://github.com/phlorest/sicoli_and_holton2014/tree/v1.0
8249978,Phlorest phylogeny derived from Bowern & Atkinson 2012 'Computational phylogenetics and the internal structure of Pama-Nyungan',"<p>Cite the source of the dataset as:</p>

<blockquote>
<p>Bowern C &amp; Atkinson QD. 2012. Computational phylogenetics and the internal structure of Pama-Nyungan. Language, 88(4), 817-845.</p>
</blockquote>",,,v1.0,Claire Bowern ; Quentin Atkinson,Simon J. Greenhill ; Robert Forkel,10.5281/zenodo.8249978,10.5281/zenodo.8249977,8249977,2023-08-15T13:58:51.413845+00:00,2023-08-16T02:26:55.400609+00:00,dplace;phlorest,cc-by-4.0,https://zenodo.org/records/8249978,8249978,cldf:Generic;linguistics,dataset,https://github.com/phlorest/bowern_and_atkinson2012/tree/v1.0
8250089,Phlorest phylogeny derived from Grollemund et al. 2015 'Bantu expansion shows habitat alters the route and pace of human dispersals',"<p>Cite the source of the dataset as:</p>

<blockquote>
<p>Grollemund R, Branford S, Bostoen K, Meade A, Venditti C &amp; Pagel M. 2015. Bantu expansion shows habitat alters the route and pace of human dispersals. Proceedings of the National Academy of Sciences of the USA, 112(43), 13296-13301.</p>
</blockquote>",,,v1.0,Rebecca Grollemund ; Simon Branford ; Koen Bostoen ; Andrew Meade ; Chris Venditti ; Mark Pagel,Simon J. Greenhill ; Robert Forkel,10.5281/zenodo.8250089,10.5281/zenodo.8250088,8250088,2023-08-15T14:49:39.244631+00:00,2023-08-16T02:26:55.396644+00:00,dplace;phlorest,cc-by-4.0,https://zenodo.org/records/8250089,8250089,cldf:Generic;linguistics,dataset,https://github.com/phlorest/grollemund_et_al2015/tree/v1.0
8250307,Phlorest phylogeny derived from Walker & Ribeiro 2011 'Bayesian phylogeography of the Arawak expansion in lowland South America',"<p>Cite the source of the dataset as:</p>

<blockquote>
<p>Walker, R. S., &amp; Ribeiro, L. A. (2011). Bayesian phylogeography of the Arawak expansion in lowland South America. Proceedings of the Royal Society B: Biological Sciences, 278(1718), 2562–2567.</p>
</blockquote>",,,v1.0,R. S. Walker ; L. A. Ribeiro,Simon J. Greenhill ; Robert Forkel,10.5281/zenodo.8250307,10.5281/zenodo.8250306,8250306,2023-08-15T16:21:08.460026+00:00,2023-08-16T02:26:55.371484+00:00,dplace;phlorest,cc-by-4.0,https://zenodo.org/records/8250307,8250307,cldf:Generic;linguistics,dataset,https://github.com/phlorest/walker_and_ribeiro2011/tree/v1.0
8250098,Phlorest phylogeny derived from Honkola et al. 2013 'Cultural and climatic changes shape the evolutionary history of the Uralic languages',"<p>Cite the source of the dataset as:</p>

<blockquote>
<p>Honkola T, Vesakoski O, Korhonen K, Lehtinen J, Syrjänen K &amp; Wahlberg N. 2013. Cultural and climatic changes shape the evolutionary history of the Uralic languages. Journal of Evolutionary Biology, 26(6):1244–1253.</p>
</blockquote>",,,v1.0,"Honkola, T ; Vesakoski, O ; Korhonen, K ; Lehtinen, J ; Syrjänen, K ; Wahlberg, N",Simon J. Greenhill ; Robert Forkel,10.5281/zenodo.8250098,10.5281/zenodo.8250097,8250097,2023-08-15T14:52:35.509512+00:00,2023-08-16T02:26:55.314423+00:00,dplace;phlorest,cc-by-4.0,https://zenodo.org/records/8250098,8250098,cldf:Generic;linguistics,dataset,https://github.com/phlorest/honkola_et_al2013/tree/v1.0
8250077,Phlorest phylogeny derived from Greenhill 2015 'TransNewGuinea.org: An Online Database of New Guinea Languages',"<p>Cite the source of the dataset as:</p>

<blockquote>
<p>Greenhill, S. J. (2015). TransNewGuinea.org: An Online Database of New Guinea Languages. PLOS ONE, 10(10), e0141563. doi:10.1371/journal.pone.0141563</p>
</blockquote>",,,v1.0,Simon J. Greenhill,Simon J. Greenhill ; Robert Forkel,10.5281/zenodo.8250077,10.5281/zenodo.8250076,8250076,2023-08-15T14:44:28.586449+00:00,2023-08-16T02:26:55.161621+00:00,dplace;phlorest,cc-by-4.0,https://zenodo.org/records/8250077,8250077,cldf:Generic;linguistics,dataset,https://github.com/phlorest/greenhill2015/tree/v1.0
8250106,Phlorest phylogeny derived from Hruschka et al. 2015 'Detecting regular sound changes in linguistics as events of concerted evolution',"<p>Cite the source of the dataset as:</p>

<blockquote>
<p>Hruschka, D. J., Branford, S., Smith, E. D., Wilkins, J., Meade, A., Pagel, M., &amp; Bhattacharya, T. (2015). Detecting regular sound changes in linguistics as events of concerted evolution. Current Biology, 25(1), 1-9.</p>
</blockquote>",,,v1.0,Daniel J. Hruschka ; Simon Branford ; Eric D. Smith ; Jon Wilkins ; Andrew Meade ; Mark Pagel ; Tanmoy Bhattacharya,Simon J. Greenhill ; Robert Forkel,10.5281/zenodo.8250106,10.5281/zenodo.8250105,8250105,2023-08-15T14:55:26.979680+00:00,2023-08-16T02:26:55.158689+00:00,dplace;phlorest,cc-by-4.0,https://zenodo.org/records/8250106,8250106,cldf:Generic;linguistics,dataset,https://github.com/phlorest/hruschka_et_al2015/tree/v1.0
8248653,"CLDF dataset derived from Greenhill's ""TransNewGuinea.org"" from 2015","<p>Cite the source of the dataset as:</p>

<blockquote>
<p>Greenhill, Simon J. (2015): TransNewGuinea.org: An Online Database of New Guinea Languages. PLoS ONE 10.10: e0141563.</p>
</blockquote>",,,v3.1,Simon J. Greenhill,Robert Forkel ; Tiago Tresoldi,10.5281/zenodo.8248653,10.5281/zenodo.2634949,2634949,2023-08-15T08:10:35.721091+00:00,2023-08-16T02:26:54.243307+00:00,lexibank,cc-by-4.0,https://zenodo.org/records/8248653,8248653,cldf:Wordlist;linguistics,dataset,https://github.com/lexibank/transnewguineaorg/tree/v3.1
8250180,Phlorest phylogeny derived from Lee & Hasegawa 2013 'Evolution of the Ainu Language in Space and Time',"<p>Cite the source of the dataset as:</p>

<blockquote>
<p>Lee S, Hasegawa T (2013) Evolution of the Ainu Language in Space and Time. PLoS ONE 8(4): e62243. doi: 10.1371/journal.pone.0062243</p>
</blockquote>",,,v1.0,Sean Lee ; Toshikazu Hasegawa,Simon J. Greenhill ; Robert Forkel,10.5281/zenodo.8250180,10.5281/zenodo.8250179,8250179,2023-08-15T15:16:57.870677+00:00,2023-08-16T02:26:54.211521+00:00,dplace;phlorest,cc-by-4.0,https://zenodo.org/records/8250180,8250180,cldf:Generic;linguistics,dataset,https://github.com/phlorest/lee_and_hasegawa2013/tree/v1.0
8250217,CLDF dataset for the GATA (Grammars Across Time Analyzed) dataset,"<p>Cite the dataset as:</p>

<blockquote>
<p>Frederic Blum, Carlos Barrientos, Adriano Ingunza, Damian E. Blasi &amp; Roberto Zariquiey. (2023). CLDF dataset for `Grammars Analyzed Across Time` (GATA).</p>
</blockquote>",,,v1.0.0,Frederic Blum ; Carlos Barrientos ; Adriano Ingunza ; Damián E. Blasi ; Roberto Zariquiey,,10.5281/zenodo.8250217,10.5281/zenodo.7294752,7294752,2023-08-15T15:32:08.471744+00:00,2023-08-16T02:26:54.048196+00:00,,cc-by-4.0,https://zenodo.org/records/8250217,8250217,cldf:Generic;linguistics;language obsolescence,dataset,https://github.com/cldf-datasets/gata/tree/v1.0.0
8250175,Phlorest phylogeny derived from Lee & Hasegawa 2011 'Bayesian phylogenetic analysis supports an agricultural origin of Japonic languages',"<p>Cite the source of the dataset as:</p>

<blockquote>
<p>Lee S, Hasegawa T (2011) Bayesian phylogenetic analysis supports an agricultural origin of Japonic languages. Proceedings of the Royal Society B: Biological Sciences, 278(1725):3662–9.</p>
</blockquote>",,,v1.0,"Lee, Sean ; Hasegawa, Toshikazu",Simon J. Greenhill ; Robert Forkel,10.5281/zenodo.8250175,10.5281/zenodo.8250174,8250174,2023-08-15T15:14:16.672168+00:00,2023-08-16T02:26:54.039359+00:00,dplace;phlorest,cc-by-4.0,https://zenodo.org/records/8250175,8250175,cldf:Generic;linguistics,dataset,https://github.com/phlorest/lee_and_hasegawa2011/tree/v1.0
8250039,Phlorest phylogeny derived from De Filippo et al. 2012 'Bringing together linguistic and genetic evidence to test the Bantu expansion',"<p>Cite the source of the dataset as:</p>

<blockquote>
<p>De Filippo, C., Bostoen, K., Stoneking, M., &amp; Pakendorf, B. (2012). Bringing together linguistic and genetic evidence to test the Bantu expansion. Proceedings of the Royal Society B: Biological Sciences, 279(1741), 3256–3263. doi:10.1098/rspb.2012.0318</p>
</blockquote>",,,v1.0,Cesare de Filippo ; Koen Bostoen ; Mark Stoneking ; Brigitte Pakendorf,Simon J. Greenhill ; Robert Forkel,10.5281/zenodo.8250039,10.5281/zenodo.8250038,8250038,2023-08-15T14:25:14.785586+00:00,2023-08-16T02:26:54.029974+00:00,dplace;phlorest,cc-by-4.0,https://zenodo.org/records/8250039,8250039,cldf:Generic;linguistics,dataset,https://github.com/phlorest/defilippo_et_al2012/tree/v1.0
8250015,Phlorest phylogeny derived from Chang et al. 2015 'Ancestry-constrained phylogenetic analysis supports the Indo-European steppe hypothesis',"<p>Cite the source of the dataset as:</p>

<blockquote>
<p>Chang W, Cathcart C, Hall D, &amp; Garrett A. 2015. Ancestry-constrained phylogenetic analysis supports the Indo-European steppe hypothesis. Language, 91(1):194-244.</p>
</blockquote>",,,v1.0,"Chang, Will ; Cathcart, Chundra ; Hall, David ; Garrett, Andrew",Simon J. Greenhill ; Robert Forkel,10.5281/zenodo.8250015,10.5281/zenodo.8250014,8250014,2023-08-15T14:11:51.001290+00:00,2023-08-16T02:26:53.957938+00:00,dplace;phlorest,cc-by-4.0,https://zenodo.org/records/8250015,8250015,cldf:Generic;linguistics,dataset,https://github.com/phlorest/chang_et_al2015/tree/v1.0
8250068,Phlorest phylogeny derived from Gray et al. 2009 'Language phylogenies reveal expansion pulses and pauses in Pacific settlement',"<p>Cite the source of the dataset as:</p>

<blockquote>
<p>Gray RD, Drummond AJ, &amp; Greenhill SJ 2009. Language phylogenies reveal expansion pulses and pauses in Pacific settlement. Science, 323(5913), 479-483.</p>
</blockquote>",,,v1.0,"Russell D. Gray, ; Alexei J. Drummond ; Simon J. Greenhill",Simon J. Greenhill ; Robert Forkel,10.5281/zenodo.8250068,10.5281/zenodo.8250067,8250067,2023-08-15T14:38:25.317834+00:00,2023-08-16T02:26:53.924760+00:00,dplace;phlorest,cc-by-4.0,https://zenodo.org/records/8250068,8250068,cldf:Generic;linguistics,dataset,https://github.com/phlorest/gray_et_al2009/tree/v1.0
8249989,Phlorest phylogeny derived from Chacon & List 2015 'Improved computational models of sound change shed light on the history of the Tukanoan languages',"<p>Cite the source of the dataset as:</p>

<blockquote>
<p>Chacon TC, List J-M (2015) Improved computational models of sound change shed light on the history of the Tukanoan languages. Journal of Language Relationship, 3:177–203.</p>
</blockquote>",,,v1.0,"Chacon, Thiago Costa ; List, Johann-Mattis",Simon J. Greenhill ; Robert Forkel,10.5281/zenodo.8249989,10.5281/zenodo.8249988,8249988,2023-08-15T14:02:33.571524+00:00,2023-08-16T02:26:53.855727+00:00,dplace;phlorest,cc-by-4.0,https://zenodo.org/records/8249989,8249989,cldf:Generic;linguistics,dataset,https://github.com/phlorest/chacon_and_list2015/tree/v1.0
8248389,Phlorest phylogeny derived from Atkinson 2006 'From Species to Languages: a phylogenetic approach to human prehistory',"<p>Cite the source of the dataset as:</p>

<blockquote>
<p>Atkinson, Quentin D. 2006. From Species to Languages: a phylogenetic approach to human prehistory. PhD Thesis, University of Auckland, New Zealand.</p>
</blockquote>",,,v1.0,Quentin D. Atkinson,Simon J. Greenhill,10.5281/zenodo.8248389,10.5281/zenodo.8248388,8248388,2023-08-15T06:18:58.680030+00:00,2023-08-16T02:26:53.839670+00:00,dplace;phlorest,other-open,https://zenodo.org/records/8248389,8248389,cldf:Generic;linguistics,dataset,https://github.com/phlorest/atkinson2006/tree/v1.0
8250324,Phlorest phylogeny derived from Zhang et al 2019 'Sino-Tibetan (Zhang et al. 2019)',"<p>Cite the source of the dataset as:</p>

<blockquote>
<p>Zhang M, Yan S, Pan W, &amp; Jin L. 2019. Phylogenetic evidence for Sino-Tibetan origin in northern China in the Late Neolithic. Nature, 569, 112–115.</p>
</blockquote>",,,v1.0,Menghan Zhang ; Shi Yan ; Wuyun Pan ; Li Jin,Simon J. Greenhill ; Robert Forkel,10.5281/zenodo.8250324,10.5281/zenodo.8250323,8250323,2023-08-15T16:32:32.779123+00:00,2023-08-16T02:26:53.802253+00:00,dplace;phlorest,cc-by-4.0,https://zenodo.org/records/8250324,8250324,cldf:Generic;linguistics,dataset,https://github.com/phlorest/zhang_et_al2019/tree/v1.0
8250053,Phlorest phylogeny derived from Dunn et al. 2011 'Evolved structure of language shows lineage-specific trends in word-order universals',"<p>Cite the source of the dataset as:</p>

<blockquote>
<p>Dunn M, Greenhill SJ, Levinson SC &amp; Gray RD. 2011. Evolved structure of language shows lineage-specific trends in word-order universals. Nature, 473(7345), 79-82.</p>
</blockquote>",,,v1.0,Michael Dunn ; S.C. Levinson ; Russell D. Gray ; Simon J. Greenhill,Simon J. Greenhill ; Robert Forkel,10.5281/zenodo.8250053,10.5281/zenodo.8250052,8250052,2023-08-15T14:30:33.946035+00:00,2023-08-16T02:26:53.800189+00:00,dplace;phlorest,cc-by-4.0,https://zenodo.org/records/8250053,8250053,cldf:Generic;linguistics,dataset,https://github.com/phlorest/dunn_et_al2011/tree/v1.0
8249894,Phlorest phylogeny derived from Atkinson 2006 'From Species to Languages: a phylogenetic approach to human prehistory',"<p>Cite the source of the dataset as:</p>

<blockquote>
<p>Atkinson, Quentin D. 2006. From Species to Languages: a phylogenetic approach to human prehistory. PhD Thesis, University of Auckland, New Zealand.</p>
</blockquote>",,,v1.1,Quentin D. Atkinson,Simon J. Greenhill ; Robert Forkel,10.5281/zenodo.8249894,10.5281/zenodo.8248388,8248388,2023-08-15T13:24:43.415275+00:00,2023-08-16T02:26:53.786928+00:00,dplace;phlorest,other-open,https://zenodo.org/records/8249894,8249894,cldf:Generic;linguistics,dataset,https://github.com/phlorest/atkinson2006/tree/v1.1
8250163,Phlorest phylogeny derived from Lee 2015 'A Sketch of Language History in the Korean Peninsula',"<p>Cite the source of the dataset as:</p>

<blockquote>
<p>Lee S (2015) A Sketch of Language History in the Korean Peninsula. PLoS ONE 10(5): e0128448. doi:10.1371/journal.pone.0128448</p>
</blockquote>",,,v1.0,"Lee, Sean",Simon J. Greenhill ; Robert Forkel,10.5281/zenodo.8250163,10.5281/zenodo.8250162,8250162,2023-08-15T15:10:10.566282+00:00,2023-08-16T02:26:53.743576+00:00,dplace;phlorest,cc-by-4.0,https://zenodo.org/records/8250163,8250163,cldf:Generic;linguistics,dataset,https://github.com/phlorest/lee2015/tree/v1.0
8248752,Phlorest phylogeny derived from Birchall et al. 2016 'A combined comparative and phylogenetic analysis of the Chapacuran language family',"<p>Cite the source of the dataset as:</p>

<blockquote>
<p>Birchall, Joshua, Michael Dunn, and Simon J. Greenhill. 2016. A combined comparative and phylogenetic analysis of the Chapacuran language family. International Journal of American Linguistics 82 (3): 255–84. doi: 10.1086/687383</p>
</blockquote>",,,v1.0,Joshua Birchall ; Michael Dunn ; Simon J. Greenhill,Simon J. Greenhill ; Robert Forkel,10.5281/zenodo.8248752,10.5281/zenodo.8248751,8248751,2023-08-15T08:49:54.130452+00:00,2023-08-16T02:26:53.654756+00:00,dplace;phlorest,other-open,https://zenodo.org/records/8248752,8248752,cldf:Generic;linguistics,dataset,https://github.com/phlorest/birchall_et_al2016/tree/v1.0
8249916,Phlorest phylogeny derived from Bouckaert et al. 2012 'Mapping the Origins and Expansion of the Indo-European Language Family',"<p>Cite the source of the dataset as:</p>

<blockquote>
<p>Bouckaert RR, Lemey P, Dunn M, Greenhill SJ, Alekseyenko AV, Drummond AJ, Gray RD, Suchard MA &amp; Atkinson QD. 2012. Mapping the Origins and Expansion of the Indo-European Language Family. Science, 337(6097), 957-960.</p>
</blockquote>",,,v1.0,R. Bouckaert ; P. Lemey ; M. Dunn ; A. V. Alekseyenko ; A. J. Drummond ; R. D. Gray ; M. A. Suchard ; Q. D. Atkinson ; Simon J. Greenhill,Simon J. Greenhill ; Robert Forkel,10.5281/zenodo.8249916,10.5281/zenodo.8249915,8249915,2023-08-15T13:38:23.934734+00:00,2023-08-16T02:26:53.621410+00:00,dplace;phlorest,other-open,https://zenodo.org/records/8249916,8249916,cldf:Generic;linguistics,dataset,https://github.com/phlorest/bouckaert_et_al2012/tree/v1.0
8250130,Phlorest phylogeny derived from Kolipakam et al. 2018 'A Bayesian phylogenetic study of the Dravidian language family',"<p>Cite the source of the dataset as:</p>

<blockquote>
<p>Kolipakam V, Jordan FM, Dunn M, Greenhill SJ, Bouckaert R, Gray RD &amp; Verkerk A. 2018. A Bayesian phylogenetic study of the Dravidian language family. R. Soc. Open Sci. 5: 171504.</p>
</blockquote>",,,v1.0,"Kolipakam, Vishnupriya ; Jordan, Fiona M. ; Dunn, Michael ; Bouckaert, Remco ; Gray, Russell D. ; Verkerk, Annemarie ; Simon J. Greenhill",Simon J. Greenhill ; Robert Forkel,10.5281/zenodo.8250130,10.5281/zenodo.8250129,8250129,2023-08-15T15:03:03.795023+00:00,2023-08-16T02:26:53.502957+00:00,dplace;phlorest,cc-by-4.0,https://zenodo.org/records/8250130,8250130,cldf:Generic;linguistics,dataset,https://github.com/phlorest/kolipakam_et_al2018/tree/v1.0
8250219,Phlorest phylogeny derived from Michael et al. 2015 'A Bayesian Phylogenetic Classification of Tupi-Guarani',"<p>Cite the source of the dataset as:</p>

<blockquote>
<p>Michael L, Chousou-Polydouri N, Bartolomei K, Donnelly E, Wauters V, Meira S &amp; O&#x27;Hagan Z. 2015. A Bayesian Phylogenetic Classification of Tupi-Guarani. LIAMES 15(2):1–36.</p>
</blockquote>",,,v1.0,"Michael, Lev ; Chousou-polydouri, Natalia ; Bartolomei, Keith ; Donnelly, Erin ; Wauters, Vivian ; Hagan, Zachary O",Simon J. Greenhill ; Robert Forkel,10.5281/zenodo.8250219,10.5281/zenodo.8250218,8250218,2023-08-15T15:32:18.803423+00:00,2023-08-16T02:26:53.412894+00:00,dplace;phlorest,cc-by-4.0,https://zenodo.org/records/8250219,8250219,cldf:Generic;linguistics,dataset,https://github.com/phlorest/michael_et_al2015/tree/v1.0
8026861,CLDF dataset for the GATA (Grammars Across Time Analyzed) dataset,"<p>Cite the dataset as:</p>

<blockquote>
<p>Frederic Blum, Carlos Barrientos, Adriano Ingunza, Damian E. Blasi &amp; Roberto Zariquiey. (2023). CLDF dataset for `Grammars Analyzed Across Time` (GATA) (v0.2).</p>
</blockquote>",,,v0.2.1,Frederic Blum ; Carlos Barrientos ; Adriano Ingunza ; Damián E. Blasi ; Roberto Zariquiey,,10.5281/zenodo.8026861,10.5281/zenodo.7294752,7294752,2023-06-12T09:37:55.921200+00:00,2023-08-15T15:32:09.257824+00:00,,other-open,https://zenodo.org/records/8026861,8026861,cldf:Generic;linguistics;language obsolescence,dataset,https://github.com/cldf-datasets/gata/tree/v0.2.1
5141620,"CLDF dataset derived from Greenhill's ""TransNewGuinea.org"" from 2015","<p>Cite the source of the dataset as:</p>

<blockquote>
<p>Greenhill, Simon J. (2015): TransNewGuinea.org: An Online Database of New Guinea Languages. PLoS ONE 10.10: e0141563.</p>
</blockquote>",,,v3.0,Simon J. Greenhill,Robert Forkel ; Tiago Tresoldi,10.5281/zenodo.5141620,10.5281/zenodo.2634949,2634949,2021-07-28T10:34:24.676737+00:00,2023-08-15T08:10:36.220526+00:00,lexibank,cc-by-4.0,https://zenodo.org/records/5141620,5141620,cldf:Wordlist;linguistics,dataset,https://github.com/lexibank/transnewguineaorg/tree/v3.0
3537646,"CLDF dataset derived from Greenhill's ""TransNewGuinea.org"" from 2015","<p>Cite the source dataset as</p>

<blockquote>
<p>Greenhill SJ. 2015. TransNewGuinea.org: An Online Database of New Guinea Languages. PLoS ONE 10(10): e0141563. <a href=""http://transnewguinea.org"">http://transnewguinea.org</a>.</p>
</blockquote>",,,v2.0,Simon J. Greenhill ; Robert Forkel ; Tiago Tresoldi,,10.5281/zenodo.3537646,10.5281/zenodo.2634949,2634949,2019-11-11T12:58:13.758982+00:00,2023-08-15T08:10:36.150030+00:00,lexibank,other-open,https://zenodo.org/records/3537646,3537646,cldf:Wordlist,dataset,https://github.com/lexibank/transnewguineaorg/tree/v2.0
3268577,"CLDF dataset derived from Greenhill's ""TransNewGuinea.org"" from 2015","<p>Cite the source dataset as</p>

<blockquote>
<p>Greenhill SJ. 2015. TransNewGuinea.org: An Online Database of New Guinea Languages. PLoS ONE 10(10): e0141563. <a href=""http://transnewguinea.org"">http://transnewguinea.org</a>.</p>
</blockquote>",,,v1.0.1,Simon J. Greenhill ; Robert Forkel ; Tiago Tresoldi,,10.5281/zenodo.3268577,10.5281/zenodo.2634949,2634949,2019-07-04T10:42:20.028149+00:00,2023-08-15T08:10:36.026023+00:00,lexibank,other-open,https://zenodo.org/records/3268577,3268577,,dataset,https://github.com/lexibank/transnewguineaorg/tree/v1.0.1
2634950,"CLDF dataset derived from Greenhill's ""TransNewGuinea.org"" from 2015","<p>Cite the source dataset as</p>

<blockquote>
<p>Greenhill SJ. 2015. TransNewGuinea.org: An Online Database of New Guinea Languages. PLoS ONE 10(10): e0141563. <a href=""http://transnewguinea.org"">http://transnewguinea.org</a>.</p>
</blockquote>",,,v1.0,Simon J. Greenhill ; Robert Forkel ; Tiago Tresoldi,,10.5281/zenodo.2634950,10.5281/zenodo.2634949,2634949,2019-04-10T08:40:16.816755+00:00,2023-08-15T08:10:35.820686+00:00,lexibank,other-open,https://zenodo.org/records/2634950,2634950,,dataset,https://github.com/lexibank/transnewguineaorg/tree/v1.0
8238983,"CLDF dataset derived from Heath et al's ""Dogon Comparative Wordlist"" from 2016","<p>Cite the source of the dataset as:</p>

<blockquote>
<p>Moran, Steven &amp; Forkel, Robert &amp; Heath, Jeffrey (eds.) 2016. Dogon and Bangime Linguistics. Jena: Max Planck Institute for the Science of Human History. (Available online at http://dogonlanguages.org, Accessed on 2023-08-10.)</p>
</blockquote>",,,v0.1,Jeffrey Heath ; Laura McPherson ; Kirill Prokhorov ; Steven Moran,Abbie Hantgan ; Johann-Mattis List,10.5281/zenodo.8238983,10.5281/zenodo.8238982,8238982,2023-08-11T12:02:37.743475+00:00,2023-08-12T02:26:56.986722+00:00,lexibank,other-open,https://zenodo.org/records/8238983,8238983,cldf:Wordlist;linguistics,dataset,https://github.com/languageislands/heathdogon/tree/v0.1
8038975,CLDF dataset of the Enggano word list from 1895 in Stokhof and Almanar's (1987) Holle List,"<p>This repository contains the digitised Enggano word list (from 1895; see Stokhof and Almanar 1987 for the original source) that has been matched with the <a href=""https://engganolang.github.io/digitised-holle-list/"">digitised Holle List</a> (Rajeg 2023a; cf. Stokhof 1980), providing the English glosses for the Enggano forms. The data set conforms to the Cross-Linguistic Data Format (<a href=""https://cldf.clld.org/"">CLDF</a>) (Forkel et al. 2018).</p>

<p><em>The work in this repository is part of the <a href=""https://gtr.ukri.org/project/8AB0C3DC-F1C9-4CFA-BB4D-5BE748213372"">AHRC-funded project</a> on Lexical resources for Enggano, a threatened language of Indonesia (central webpage of the Enggano project: <a href=""https://enggano.ling-phil.ox.ac.uk/"">https://enggano.ling-phil.ox.ac.uk/</a>)</em></p>

<p><strong>References</strong></p>

<p>Forkel, Robert, Johann-Mattis List, Simon J. Greenhill, Christoph Rzymski, Sebastian Bank, Michael Cysouw, Harald Hammarstr&ouml;m, Martin Haspelmath, Gereon A. Kaiping &amp; Russell D. Gray. 2018. Cross-Linguistic Data Formats, advancing data sharing and re-use in comparative linguistics. Scientific Data. Nature Publishing Group 5(1). 180205. <a href=""https://doi.org/10.1038/sdata.2018.205"">https://doi.org/10.1038/sdata.2018.205</a>.</p>

<p>Rajeg, Gede Primahadi Wijaya. 2023a. Digitised, Searchable Holle List in Stokhof (1980) [Data set]. (1.3.0). Zenodo. <a href=""https://doi.org/10.5281/ZENODO.7972273"">https://doi.org/10.5281/ZENODO.7972273</a>. <a href=""https://engganolang.github.io/digitised-holle-list/"">https://engganolang.github.io/digitised-holle-list/</a>. <a href=""https://ora.ox.ac.uk/objects/uuid:a511951b-86fb-4019-94d4-280efa83de02"">https://ora.ox.ac.uk/objects/uuid:a511951b-86fb-4019-94d4-280efa83de02</a></p>

<p>Rajeg, Gede Primahadi Wijaya. 2023b. CLDF dataset of the Enggano word list from 1895 in Stokhof and Almanar&#39;s (1987) Holle List [Data set]. <a href=""https://github.com/engganolang/holle-list-enggano-1895"">https://github.com/engganolang/holle-list-enggano-1895</a></p>

<p>Stokhof, W. A. L., ed. 1980. Holle Lists, Vocabularies in Languages of Indonesia, Vol. 1: Introductory Volume. Vol. Materials in Languages of Indonesia. Canberra, A.C.T., Australia: Dept. of Linguistics, Research School of Pacific Studies, The Australian National University. <a href=""https://core.ac.uk/reader/159464813"">https://core.ac.uk/reader/159464813</a>.</p>

<p>Stokhof, W. A. L., and Alma E. Almanar. 1987. Holle Lists, Vocabularies in Languages of Indonesia, Vol. 10/3: Islands Off the West Coast of Sumatra. Vol. Materials in Languages of Indonesia. Pacific Linguistics (Series d) 76. Canberra, A.C.T., Australia: Dept. of Linguistics, Research School of Pacific Studies, The Australian National University. <a href=""http://hdl.handle.net/1885/144589"">http://hdl.handle.net/1885/144589</a>.</p>",,,1.0.0,"Rajeg, Gede Primahadi Wijaya",,10.5281/zenodo.8038975,10.5281/zenodo.8038974,8038974,2023-06-14T14:18:46.227525+00:00,2023-08-02T09:20:20.355075+00:00,complexico;lexibank;holle-list;enggano,cc-by-sa-4.0,https://zenodo.org/records/8038975,8038975,Enggano;Holle List;Lexical database;Cross-Linguistic Data Format;CLDF;Word List,dataset,https://github.com/engganolang/holle-list-enggano-1895/tree/1.0.0
8034964,"Digitised, searchable Holle List in Stokhof (1980)","<p>This repository contains the digitised Holle List in Stokhof (<a href=""https://core.ac.uk/reader/159464813"">1980</a>), namely the reference list of words in Dutch, English, and Indonesian, whose Index numbers can be linked to the Index of the word lists in the&nbsp;targeted languages (these lists are published independently in the subsequent volumes). Details and the interactive web version of the list can be accessed via <a href=""https://engganolang.github.io/digitised-holle-list/"">https://engganolang.github.io/digitised-holle-list/</a> (Rajeg 2023).</p>

<p>The work in this repository is part of the <a href=""https://gtr.ukri.org/project/8AB0C3DC-F1C9-4CFA-BB4D-5BE748213372"">AHRC-funded project</a> on <em>Lexical resources for Enggano, a threatened language of Indonesia</em> (central webpage of the Enggano project: <a href=""https://enggano.ling-phil.ox.ac.uk/"">https://enggano.ling-phil.ox.ac.uk/</a>)</p>

<p><strong>Updates in version 1.3.0</strong></p>

<ul>
	<li>Adding the <a href=""https://cldf.clld.org/"">cross-linguistic data format (CLDF)</a> version (Forkel et al. 2018) of the Holle List. In <a href=""https://github.com/engganolang/digitised-holle-list/tree/main/cldf"">this CLDF version</a>, the English column becomes the gloss for the Dutch and Indonesian forms (in the <code>forms.csv</code>). The parameters table contains the Concepticon concept sets mapping to the English gloss.</li>
	<li>Adding a GitHub action infrastructure to <a href=""https://github.com/engganolang/digitised-holle-list/actions/workflows/cldf-validation.yml"">validate the CLDF format</a>, adapting the one provided <a href=""https://github.com/intercontinental-dictionary-series/ids/blob/v4.3/.github/workflows/cldf-validation.yml"">here</a> as part of the Intercontinental Dictionary Series (IDS) (Key and Comrie 2023).</li>
	<li>Adding the <a href=""https://github.com/engganolang/digitised-holle-list/blob/main/code/pycldf-processing-in-terminal.sh"">code</a> to validate the CLDF dataset in terminal.</li>
	<li>Adding the <a href=""https://github.com/engganolang/digitised-holle-list/blob/main/code/run-clld-app.sh"">code</a> to test-deploy locally the CLDF dataset in the <a href=""https://clld.org/"">cross-linguistic linked data (CLLD)</a> web framework (Forkel 2023).</li>
</ul>

<p><strong>References</strong></p>

<p>Forkel, Robert, Johann-Mattis List, Simon J. Greenhill, Christoph Rzymski, Sebastian Bank, Michael Cysouw, Harald Hammarstr&ouml;m, Martin Haspelmath, Gereon A. Kaiping &amp; Russell D. Gray. 2018. Cross-Linguistic Data Formats, advancing data sharing and re-use in comparative linguistics. Scientific Data. Nature Publishing Group 5(1). 180205. <a href=""https://doi.org/10.1038/sdata.2018.205"">https://doi.org/10.1038/sdata.2018.205</a>.</p>

<p>Forkel, Robert. 2023. clld: Python library supporting the development of cross-linguistic databases. Python. <a href=""https://clld.org/"">https://clld.org/</a>. (14 June, 2023).</p>

<p>Key, Mary Ritchie &amp; Comrie, Bernard (eds.) 2023. The Intercontinental Dictionary Series. Leipzig: Max Planck Institute for Evolutionary Anthropology. (Available online at <a href=""https://ids.clld.org"">https://ids.clld.org</a>, Accessed on 2023-06-14.)</p>

<p>Rajeg, Gede Primahadi Wijaya. 2023. Digitised, searchable Holle List in Stokhof (1980) (1.3.0). University of Oxford, UK. <a href=""https://doi.org/10.5281/zenodo.7972273"">https://doi.org/10.5281/zenodo.7972273</a> <a href=""https://engganolang.github.io/digitised-holle-list/"">https://engganolang.github.io/digitised-holle-list/</a> <a href=""https://ora.ox.ac.uk/objects/uuid:a511951b-86fb-4019-94d4-280efa83de02"">https://ora.ox.ac.uk/objects/uuid:a511951b-86fb-4019-94d4-280efa83de02</a></p>

<p>Stokhof, W. A. L. (ed.). 1980. Holle lists, vocabularies in languages of Indonesia, vol. 1: Introductory volume. Vol. Materials in Languages of Indonesia. Canberra, A.C.T., Australia: Dept. of Linguistics, Research School of Pacific Studies, The Australian National University. <a href=""https://core.ac.uk/reader/159464813"">https://core.ac.uk/reader/159464813</a>.</p>",,,1.3.0,"Rajeg, Gede Primahadi Wijaya",,10.5281/zenodo.8034964,10.5281/zenodo.7972273,7972273,2023-06-13T23:00:39.587034+00:00,2023-08-02T09:00:50.124542+00:00,lexibank;dumilah-fib-unud;holle-list;enggano;complexico,cc-by-sa-4.0,https://zenodo.org/records/8034964,8034964,holle-list;word-list;Holle-list;language-documentation;lexical-database,dataset,https://github.com/engganolang/digitised-holle-list/tree/1.3.0
8177536,"CLDF dataset derived from Walker and Ribeiro's ""Bayesian Phylogeography of the Arawak expansion"" from 2011","<p>Cite the source of the dataset as:</p>

<blockquote>
<p>Robert S. Walker and Lincoln A. Ribeiro. 2011. Bayesian phylogeography of the Arawak expansion in lowland South America. *Proceedings of the Royal Society B: Biological Sciences*. Volume 278, Number 1718, 2562--2567. DOI: 10.1098/rspb.2010.2579</p>
</blockquote>",,,v1.0,Robert S. Walker ; Lincoln A. Ribeiro,Tiago Tresoldi ; Natalia Morozova,10.5281/zenodo.8177536,10.5281/zenodo.8177535,8177535,2023-07-24T12:22:38.731906+00:00,2023-07-25T02:26:59.781211+00:00,lexibank,cc-by-4.0,https://zenodo.org/records/8177536,8177536,cldf:Wordlist;linguistics,dataset,https://github.com/lexibank/walkerarawakan/tree/v1.0
8177854,"CLDF dataset derived from Wheeler and Whiteley's ""Evolution of Uto-Aztecan Languages"" from 2014","<p>Cite the source of the dataset as:</p>

<blockquote>
<p>Wheeler, W. C., &amp; Whiteley, P. M. (2014). Historical linguistics as a sequence optimization problem: the evolution and biogeography of Uto-Aztecan languages. Cladistics, 31(2), 113–125. doi:10.1111/cla.12078</p>
</blockquote>",,,v1.0,"Wheeler, W. ; Whiteley, P.",Johann-Mattis List,10.5281/zenodo.8177854,10.5281/zenodo.8177853,8177853,2023-07-24T12:46:54.225082+00:00,2023-07-25T02:26:59.758400+00:00,lexibank,cc-by-nc-4.0,https://zenodo.org/records/8177854,8177854,cldf:Wordlist;linguistics,dataset,https://github.com/lexibank/wheelerutoaztecan/tree/v1.0
8169353,"CLDF dataset derived from Liu et al.'s ""Comparative Wordlist of Newari Varieties"" from 2023","<p>Cite the source of the dataset as:</p>

<blockquote>
<p>Liu, Zhenyang; Jacques, Guillaume; List, Johann-Mattis (2023): Creating a Standardized Comparative Wordlist of Newari Varieties. (26/07/2023), URL: https://calc.hypotheses.org/6269.</p>
</blockquote>",,,v1.0.0,Zhenyang Liu ; Guillaume Jacques ; Johann-Mattis List,,10.5281/zenodo.8169353,10.5281/zenodo.8169352,8169352,2023-07-20T15:08:41.556959+00:00,2023-07-24T14:04:15.903860+00:00,lexibank,cc-by-4.0,https://zenodo.org/records/8169353,8169353,cldf:Wordlist;linguistics,dataset,https://github.com/lexibank/liunewari/tree/v1.0.0
8171452,"CLDF dataset derived from Hruschka et al.'s ""Detecting regular sound changes in linguistics as events of concerted evolution"" from 2015","<p>Cite the source of the dataset as:</p>

<blockquote>
<p>Hruschka, D. J., Branford, S., Smith, E. D., Wilkins, J., Meade, A., Pagel, M., &amp; Bhattacharya, T. (2015). Detecting regular sound changes in linguistics as events of concerted evolution. Current Biology, 25(1), 1-9.</p>
</blockquote>",,,v1.0,Daniel Hruschka,Daniel Hruschka ; Robert Forkel ; Johann-Mattis List,10.5281/zenodo.8171452,10.5281/zenodo.8171451,8171451,2023-07-21T10:01:19.344218+00:00,2023-07-24T14:04:12.561904+00:00,lexibank,cc-by-nc-4.0,https://zenodo.org/records/8171452,8171452,cldf:Wordlist;linguistics,dataset,https://github.com/lexibank/hruschkaturkic/tree/v1.0
8089434,"CLDF dataset derived from Heggarty, Paul & Anderson, Cormac & Scarborough, Matthew's ""Indo-European Cognate Relationships database project"" (IE-CoR) from 2022","<p>Cite the source of the dataset as:</p>

<blockquote>
<p>Heggarty, Paul &amp; Anderson, Cormac &amp; Scarborough, Matthew 2022. Indo-European Cognate Relationships database project (IE-CoR). Leipzig: Max Planck Institute for Evolutionary Anthropology</p>
</blockquote>",,,v1.0,Paul Heggarty ; Cormac Anderson ; Hans-Jörg Bibiko,Paul Heggarty ; Paul Heggarty ; Cormac Anderson ; Cormac Anderson ; Matthew Scarborough ; Matthew Scarborough,10.5281/zenodo.8089434,10.5281/zenodo.8089433,8089433,2023-06-28T08:48:15.367853+00:00,2023-07-24T06:39:07.079498+00:00,lexibank,cc-by-4.0,https://zenodo.org/records/8089434,8089434,cldf:Wordlist;linguistics,dataset,https://github.com/lexibank/iecor/tree/v1.0
8171665,"CLDF dataset derived from Kitchen et al.'s ""Bayesian phylogenetic analysis of Semitic languages"" from 2009","<p>Cite the source of the dataset as:</p>

<blockquote>
<p>Bayesian phylogenetic analysis of Semitic languages identifies an Early Bronze Age origin of Semitic in the Near East. Andrew Kitchen, Christopher Ehret, Shiferaw Assefa, Connie J. Mulligan. Proc. R. Soc. B 2009 -; DOI: 10.1098/rspb.2009.0408. Published 29 April 2009</p>
</blockquote>",,,v1.0,Simon J. Greenhill,,10.5281/zenodo.8171665,10.5281/zenodo.8171664,8171664,2023-07-21T10:48:47.484154+00:00,2023-07-23T02:26:56.674362+00:00,lexibank,cc-by-nc-4.0,https://zenodo.org/records/8171665,8171665,cldf:Wordlist;linguistics,dataset,https://github.com/lexibank/kitchensemitic/tree/v1.0
8169123,"CLDF dataset derived from Grollemund et al.'s ""Bantu expansion shows habitat alters the route and pace of human dispersals"" from 2015","<p>Cite the source of the dataset as:</p>

<blockquote>
<p>Grollemund, Rebecca, Branford, Simon, Bostoen, Koen, Meade, Andrew, Venditti, Chris, &amp; Pagel, Mark (2015) Bantu expansion shows habitat alters the route and pace of human dispersals. Proc Natl Acad Sci USA. doi:10.1073/pnas.1503793112.</p>
</blockquote>",,,v1.0,Robert Forkel ; Tiago Tresoldi,Mark Pagel ; Rebecca Grollemund,10.5281/zenodo.8169123,10.5281/zenodo.3755518,3755518,2023-07-20T13:52:34.720658+00:00,2023-07-20T14:26:49.820762+00:00,lexibank,cc-by-nc-4.0,https://zenodo.org/records/8169123,8169123,cldf:Wordlist;linguistics,dataset,https://github.com/lexibank/grollemundbantu/tree/v1.0
3755544,"CLDF dataset derived from Grollemund et al.'s ""Bantu expansion shows habitat alters the route and pace of human dispersals"" from 2015","<p>Cite the source of the dataset as:</p>

<blockquote>
<p>Grollemund, Rebecca, Branford, Simon, Bostoen, Koen, Meade, Andrew, Venditti, Chris, &amp; Pagel, Mark (2015) Bantu expansion shows habitat alters the route and pace of human dispersals. Proc Natl Acad Sci USA. doi:10.1073/pnas.1503793112.</p>
</blockquote>",,,v1.0rc6,Robert Forkel ; Tiago Tresoldi,Mark Pagel ; Rebecca Grollemund,10.5281/zenodo.3755544,10.5281/zenodo.3755518,3755518,2020-04-17T12:11:30.538296+00:00,2023-07-20T13:52:35.113367+00:00,lexibank,cc-by-nc-4.0,https://zenodo.org/records/3755544,3755544,linguistics;cldf:Wordlist,dataset,
3755519,"CLDF dataset derived from Grollemund et al.'s ""Bantu expansion shows habitat alters the route and pace of human dispersals"" from 2015","<p>Cite the source of the dataset as:</p>

<blockquote>
<p>Grollemund, Rebecca, Branford, Simon, Bostoen, Koen, Meade, Andrew, Venditti, Chris, &amp; Pagel, Mark (2015) Bantu expansion shows habitat alters the route and pace of human dispersals. Proc Natl Acad Sci USA. doi:10.1073/pnas.1503793112.</p>
</blockquote>",,,v1.0rc1,Robert Forkel ; Tiago Tresoldi,Mark Pagel ; Rebecca Grollemund,10.5281/zenodo.3755519,10.5281/zenodo.3755518,3755518,2020-04-17T11:41:44.296033+00:00,2023-07-20T13:52:34.892039+00:00,lexibank,cc-by-nc-4.0,https://zenodo.org/records/3755519,3755519,linguistics;cldf:Wordlist,software,https://github.com/lexibank/grollemundbantu/tree/v1.0rc1
7741197,"CLDF dataset derived from Blust's ""Austronesian Comparative Dictionary""","<p>Cite the source of the dataset as:</p>

<blockquote>
<p>Robert Blust and Stephen Trussel 2020. The Austronesian Comparative Dictionary. Web edition</p>
</blockquote>",,,v1.2,Robert Blust ; Stephen Trussel ; Alexander D. Smith,Robert Forkel,10.5281/zenodo.7741197,10.5281/zenodo.7737547,7737547,2023-03-16T13:22:30.441289+00:00,2023-07-05T12:03:30.361883+00:00,lexibank,cc-by-4.0,https://zenodo.org/records/7741197,7741197,cldf:Wordlist;linguistics,dataset,https://github.com/lexibank/acd/tree/v1.2
7737610,"CLDF dataset derived from Blust's ""Austronesian Comparative Dictionary""","<p>Cite the source of the dataset as:</p>

<blockquote>
<p>Robert Blust and Stephen Trussel 2020. The Austronesian Comparative Dictionary. Web edition</p>
</blockquote>",,,v1.1,Robert Bust ; Stephen Trussel ; Alexander D. Smith,Robert Forkel,10.5281/zenodo.7737610,10.5281/zenodo.7737547,7737547,2023-03-15T14:23:46.971560+00:00,2023-07-05T12:03:29.650813+00:00,lexibank,cc-by-4.0,https://zenodo.org/records/7737610,7737610,cldf:Wordlist;linguistics,dataset,https://github.com/lexibank/acd/tree/v1.1
7737548,"CLDF dataset derived from Blust's ""Austronesian Comparative Dictionary""","<p>Cite the source of the dataset as:</p>

<blockquote>
<p>Robert Blust and Stephen Trussel 2020. The Austronesian Comparative Dictionary. Web edition</p>
</blockquote>",,,v1.0,Robert Bust ; Stephen Trussel ; Alexander D. Smith,Robert Forkel,10.5281/zenodo.7737548,10.5281/zenodo.7737547,7737547,2023-03-15T14:06:09.319341+00:00,2023-07-05T12:03:29.500427+00:00,lexibank,cc-by-4.0,https://zenodo.org/records/7737548,7737548,cldf:Wordlist;linguistics,dataset,https://github.com/lexibank/acd/tree/v1.0
8112337,The Catalogue of Endangered Languages as CLDF dataset,"<p>Cite the source of the dataset as:</p>

<blockquote>
<p>Catalogue of Endangered Languages. 2023. University of Hawaii at Manoa. http://www.endangeredlanguages.com</p>
</blockquote>",,,v2023.3,Lyle Campbell ; Gary Holton ; Anna Belew,Lyle Campbell ; Lyle Campbell ; Lyle Campbell ; Gary Holton ; Gary Holton ; Anna Belew ; Anna Belew ; Sean Simpson ; John Van Way ; Amy Brunett ; Jacob Collard ; Kristen Dunkinson ; Raina Heaton ; Uliana Kazagasheva ; Huiying Nala Lee ; Lwin Moe ; Eve Okura ; Kaori Ueki ; Brent Woo ; Willem F.H. Adelaar ; Greg Anderson ; I. Wayan Arka ; Habib Borjian ; Claire Bowern ; David Bradley ; Matthias Brenzinger ; Charles Häberl ; Alice C. Harris ; Juha Janhunen ; Brian Joseph ; Martin Maiden ; Bill Palmer ; Keren Rice ; David Solnit ; George Van Driem ; James Woodward ; Carolina Aragon ; Katie Butler ; Joelle Kirtley ; Stephanie Locke ; Colleen O'Brien ; Melody Ann Ross-Nathaniel ; Robert Forkel,10.5281/zenodo.8112337,10.5281/zenodo.7871166,7871166,2023-07-04T07:01:58.674955+00:00,2023-07-05T02:26:51.982403+00:00,cldf-datasets,cc-by-4.0,https://zenodo.org/records/8112337,8112337,cldf:StructureDataset;linguistics,dataset,https://github.com/cldf-datasets/elcat/tree/v2023.3
8098797,The Catalogue of Endangered Languages as CLDF dataset,"<p>Cite the source of the dataset as:</p>

<blockquote>
<p>Catalogue of Endangered Languages. 2023. University of Hawaii at Manoa. http://www.endangeredlanguages.com</p>
</blockquote>",,,v2023.2,Lyle Campbell ; Gary Holton ; Anna Belew,Lyle Campbell ; Lyle Campbell ; Lyle Campbell ; Gary Holton ; Gary Holton ; Anna Belew ; Anna Belew ; Sean Simpson ; John Van Way ; Amy Brunett ; Jacob Collard ; Kristen Dunkinson ; Raina Heaton ; Uliana Kazagasheva ; Huiying Nala Lee ; Lwin Moe ; Eve Okura ; Kaori Ueki ; Brent Woo ; Willem F.H. Adelaar ; Greg Anderson ; I. Wayan Arka ; Habib Borjian ; Claire Bowern ; David Bradley ; Matthias Brenzinger ; Charles Häberl ; Alice C. Harris ; Juha Janhunen ; Brian Joseph ; Martin Maiden ; Bill Palmer ; Keren Rice ; David Solnit ; George Van Driem ; James Woodward ; Carolina Aragon ; Katie Butler ; Joelle Kirtley ; Stephanie Locke ; Colleen O'Brien ; Melody Ann Ross-Nathaniel ; Robert Forkel,10.5281/zenodo.8098797,10.5281/zenodo.7871166,7871166,2023-06-30T07:32:39.873502+00:00,2023-07-04T07:01:59.118306+00:00,cldf-datasets,cc-by-4.0,https://zenodo.org/records/8098797,8098797,cldf:StructureDataset;linguistics,dataset,https://github.com/cldf-datasets/elcat/tree/v2023.2
7915644,The Catalogue of Endangered Languages as CLDF dataset,"<p>Cite the source of the dataset as:</p>

<blockquote>
<p>Catalogue of Endangered Languages. 2023. University of Hawaii at Manoa. http://www.endangeredlanguages.com</p>
</blockquote>",,,v2023.1,Lyle Campbell ; Gary Holton ; Anna Belew,Lyle Campbell ; Lyle Campbell ; Lyle Campbell ; Gary Holton ; Gary Holton ; Anna Belew ; Anna Belew ; Sean Simpson ; John Van Way ; Amy Brunett ; Jacob Collard ; Kristen Dunkinson ; Raina Heaton ; Uliana Kazagasheva ; Huiying Nala Lee ; Lwin Moe ; Eve Okura ; Kaori Ueki ; Brent Woo ; Willem F.H. Adelaar ; Greg Anderson ; I. Wayan Arka ; Habib Borjian ; Claire Bowern ; David Bradley ; Matthias Brenzinger ; Charles Häberl ; Alice C. Harris ; Juha Janhunen ; Brian Joseph ; Martin Maiden ; Bill Palmer ; Keren Rice ; David Solnit ; George Van Driem ; James Woodward ; Carolina Aragon ; Katie Butler ; Joelle Kirtley ; Stephanie Locke ; Colleen O'Brien ; Melody Ann Ross-Nathaniel ; Robert Forkel,10.5281/zenodo.7915644,10.5281/zenodo.7871166,7871166,2023-05-09T14:20:43.148945+00:00,2023-07-04T07:01:58.920789+00:00,cldf-datasets,cc-by-4.0,https://zenodo.org/records/7915644,7915644,cldf:StructureDataset;linguistics,dataset,https://github.com/cldf-datasets/elcat/tree/v2023.1
7871167,The Catalogue of Endangered Languages as CLDF dataset,"<p>Cite the source of the dataset as:</p>

<blockquote>
<p>Catalogue of Endangered Languages. 2023. University of Hawaii at Manoa. http://www.endangeredlanguages.com</p>
</blockquote>",,,v2023,Lyle Campbell ; Gary Holton ; Anna Belew,Lyle Campbell ; Lyle Campbell ; Lyle Campbell ; Gary Holton ; Gary Holton ; Anna Belew ; Anna Belew ; Sean Simpson ; John Van Way ; Amy Brunett ; Jacob Collard ; Kristen Dunkinson ; Raina Heaton ; Uliana Kazagasheva ; Huiying Nala Lee ; Lwin Moe ; Eve Okura ; Kaori Ueki ; Brent Woo ; Willem F.H. Adelaar ; Greg Anderson ; I. Wayan Arka ; Habib Borjian ; Claire Bowern ; David Bradley ; Matthias Brenzinger ; Charles Häberl ; Alice C. Harris ; Juha Janhunen ; Brian Joseph ; Martin Maiden ; Bill Palmer ; Keren Rice ; David Solnit ; George Van Driem ; James Woodward ; Carolina Aragon ; Katie Butler ; Joelle Kirtley ; Stephanie Locke ; Colleen O'Brien ; Melody Ann Ross-Nathaniel ; Robert Forkel,10.5281/zenodo.7871167,10.5281/zenodo.7871166,7871166,2023-04-27T13:31:36.082951+00:00,2023-07-04T07:01:58.815495+00:00,cldf-datasets,cc-by-4.0,https://zenodo.org/records/7871167,7871167,cldf:StructureDataset;linguistics,dataset,https://github.com/cldf-datasets/elcat/tree/v2023
7914774,"CLDF dataset derived from Greenhill et al.'s ""Austronesian Basic Vocabulary Database"" from 2022 focusing on Oceanic languages","<p>Cite the source of the dataset as:</p>

<blockquote>
<p>Greenhill, S.J., Blust. R, &amp; Gray, R.D. (2008). The Austronesian Basic Vocabulary Database: From Bioinformatics to Lexomics. Evolutionary Bioinformatics, 4:271-283.</p>
</blockquote>",,,1.01,Simon J. Greenhill,Johann-Mattis List,10.5281/zenodo.7914774,10.5281/zenodo.7914773,7914773,2023-05-09T12:41:10.327698+00:00,2023-06-29T17:30:43.173358+00:00,lexibank,cc-by-4.0,https://zenodo.org/records/7914774,7914774,cldf:Wordlist;linguistics,dataset,https://github.com/SimonGreenhill/abvdoutliers/tree/1.01
7973420,Micronesian Comparative Dictionary,"<p>Cite the source of the dataset as:</p>

<blockquote>
<p>Byron W. Bender, Ward H. Goodenough, Frederick H. Jackson, Jeffrey C. Marck, Kenneth L. Rehg, Ho-min Sohn, Stephen Trussel, and Judith W. Wang. 2003. Proto-Micronesian Reconstructions—1. Oceanic Linguistics Vol. 42(1), 1-110, DOI: 10.2307/3623449</p>
</blockquote>",,,v1.0,Byron W. Bender ; Ward H. Goodenough ; Frederick H. Jackson ; Jeffrey C. Marck ; Kenneth L. Rehg ; Ho-min Sohn ; Stephen Trussel ; Judith W. Wang,Robert Forkel ; Lev Blumenfeld,10.5281/zenodo.7973420,10.5281/zenodo.7973419,7973419,2023-05-26T08:18:15.102797+00:00,2023-06-29T17:30:37.215389+00:00,lexibank,cc-by-4.0,https://zenodo.org/records/7973420,7973420,cldf:Wordlist;linguistics,dataset,https://github.com/lexibank/mcd/tree/v1.0
8058801,"CLDF dataset derived from Oliveira's ""Contribuições para a Reconstrução do Protopáno"" from 2014","<p>Cite the source of the dataset as:</p>

<blockquote>
<p>Oliveira, Sanderson Castro Soares de (2014). Contribuições para a reconstrução do Protopáno. Universidade de Brasília, Brasília, 2014.</p>
</blockquote>",,,v1.0.0,"Oliveira, Sanderson",Frederic Blum ; Carlos M. B. Ugarte ; Johann-Mattis List,10.5281/zenodo.8058801,10.5281/zenodo.8058800,8058800,2023-06-20T08:28:37.816945+00:00,2023-06-29T17:30:26.591991+00:00,lexibank,cc-by-4.0,https://zenodo.org/records/8058801,8058801,cldf:Wordlist;linguistics,dataset,https://github.com/pano-tacanan-history/oliveiraprotopanoan/tree/v1.0.0
8085892,"CLDF dataset derived from Tolmie and Dawson's ""Comparative Vocabulary of the Indigenous Peoples in British Columbia"" from 1884","<p>Cite the source of the dataset as:</p>

<blockquote>
<p>Tolmie, Fraser W. and Dawson, George M. (1884). Comparative vocabularies of the Indian tribes of British Columbia, with a map illustrating distribution. Montreal: Dawson Brothers.</p>
</blockquote>",,,v1.0,Christoph Rzymski,Johann-Mattis List,10.5281/zenodo.8085892,10.5281/zenodo.8085891,8085891,2023-06-27T09:41:04.861763+00:00,2023-06-29T17:30:24.100187+00:00,lexibank,cc-by-nc-4.0,https://zenodo.org/records/8085892,8085892,cldf:Wordlist;linguistics,dataset,https://github.com/lexibank/tolmiebritishcolumbia/tree/v1.0
7976754,The AUTOTYP database,"<p>AUTOTYP&nbsp;is a large-scale research program with goals in both quantitative and qualitative typology. This release contains the full raw data from the AUTOTYP databases along with metadata, aggregated datasets and aggregation scripts.&nbsp;</p>

<p>Please cite as:</p>

<p>Bickel, Balthasar, Nichols, Johanna, Zakharko, Taras, Witzlack-Makarevich, Alena, Hildebrandt, Kristine, Rie&szlig;ler, Michael, Bierkandt, Lennart, Z&uacute;&ntilde;iga, Fernando &amp; Lowe, John B. 2022. The AUTOTYP database (v1.1.1).&nbsp;https://doi.org/10.5281/zenodo.7976754</p>

<p><strong>Release 1.1.1&nbsp;summary</strong></p>

<p>-&nbsp;Improved CLDF export for the dataset `MaximallyInflectedVerbSynthesis`</p>

<p>Many thanks to Robert Forkel for this contribution!&nbsp;</p>",,,v1.1.1,"Bickel, Balthasar ; Nichols, Johanna ; Zakharko, Taras ; Witzlack-Makarevich, Alena ; Hildebrandt, Kristine ; Rießler, Michael ; Bierkandt, Lennart ; Zúñiga, Fernando ; Lowe, John B.",,10.5281/zenodo.7976754,10.5281/zenodo.3899803,3899803,2023-05-27T07:29:21.069760+00:00,2023-06-02T08:52:26.759148+00:00,autotyp,cc-by-4.0,https://zenodo.org/records/7976754,7976754,database;linguistics;linguistic  typology;morphosyntax;syntax;morphology;phonology,dataset,https://github.com/autotyp/autotyp-data/tree/v1.1.1
6793367,The AUTOTYP database,"<p>AUTOTYP&nbsp;is a large-scale research program with goals in both quantitative and qualitative typology. This release contains the full raw data from the AUTOTYP databases along with metadata, aggregated datasets and aggregation scripts.&nbsp;</p>

<p>Please cite as:</p>

<p>Bickel, Balthasar, Nichols, Johanna, Zakharko, Taras, Witzlack-Makarevich, Alena, Hildebrandt, Kristine, Rie&szlig;ler, Michael, Bierkandt, Lennart, Z&uacute;&ntilde;iga, Fernando &amp; Lowe, John B. 2022. The AUTOTYP database (v1.1).&nbsp;https://doi.org/10.5281/zenodo.6793367</p>

<p><strong>Release 1.1.0 summary</strong></p>

<p>The main changes in this release are:</p>

<ul>
	<li>A new&nbsp;<a href=""https://cldf.clld.org/"">CLDF</a>&nbsp;export, kindly contributed by Robert Forkel</li>
	<li>Revamp of the verb synthesis datasets which has been renamed to<br>
	<code>MaximallyInflectedVerbSynthesis</code>&nbsp;(see below)</li>
	<li>Enhancements to&nbsp;<code>GrammaticalRelations</code></li>
</ul>

<p>Important: this release introduces breaking changes to the Morphology module. Important changes are listed below. Refer to the changelog for a more detailed list.&nbsp;</p>

<p><strong>CLDF export</strong></p>

<p>A CLDF export of AUTOTYP database was one of the most requested features since the new release.<br>
We are very thankful to Robert Forkel for writing the code that generates a CLDF dataset of<br>
AUTOTYP data. Starting from AUTOTYP 1.1.0 there is a CLDF dataset in&nbsp;<code>data</code>. The accompanying<br>
Python scripts used to generate this export can be found in the repository<br>
<a href=""https://github.com/autotyp/autotyp-cldf-scripts"">autotyp/autotyp-cldf-scripts</a></p>

<p><strong>Revamp of verb synthesis datasets in the Morphology module</strong></p>

<p>We wanted to clarify that the verb synthesis dataset in the Morphology module describes<br>
maximally inflected verb forms only rather than all attested verb forms. To make this more<br>
obvious we have renamed the affected datasets to include the phrase&nbsp;<code>MaximallyInflected</code>&nbsp;as well as<br>
updated the variable metadata to clarify this point. Thus:</p>

<ul>
	<li><code>VerbSynthesis</code>&nbsp;becomes&nbsp;<code>MaximallyInflectedVerbSynthesis</code></li>
	<li><code>VerbInflectionAndAgreementCountsByPosition</code>&nbsp;becomes&nbsp;<code>MaximallyInflectedVerbInflectionAndAgreementCountsByPosition</code></li>
	<li><code>VerbAgreementAggregatedByMarkerPosition</code>&nbsp;becomes&nbsp;<code>MaximallyInflectedVerbAgreementAggregatedByMarkerPosition</code></li>
	<li><code>VerbInflectionCategoriesAggregatedByMarkerPosition</code>&nbsp;becomes&nbsp;<code>MaximallyInflectedVerbInflectionCategoriesAggregatedByMarkerPosition</code></li>
	<li>etc.</li>
</ul>

<p>This is a breaking change.</p>

<p><strong>Enhancements to&nbsp;<code>GrammaticalRelations</code></strong></p>

<p>Multiple new variables that describe properties of grammatical relations have been added to<br>
<code>GrammaticalRelations</code>&nbsp;dataset. Please refer to the list of changes below.</p>

<p>&nbsp;</p>

<p>&nbsp;</p>",,,v1.1.0,"Bickel, Balthasar ; Nichols, Johanna ; Zakharko, Taras ; Witzlack-Makarevich, Alena ; Hildebrandt, Kristine ; Rießler, Michael ; Bierkandt, Lennart ; Zúñiga, Fernando ; Lowe, John B.",,10.5281/zenodo.6793367,10.5281/zenodo.3899803,3899803,2022-08-18T10:08:14.380067+00:00,2023-06-02T08:52:25.606204+00:00,autotyp,cc-by-4.0,https://zenodo.org/records/6793367,6793367,database;linguistics;linguistic  typology;morphosyntax;syntax;morphology;phonology,dataset,https://github.com/autotyp/autotyp-data/tree/v1.1.0
7893948,"CLDF word list from Gerhard Köbler's ""Gotisches Wörterbuch"" (2014)","<p>Cite the source of the dataset as:</p>

<blockquote>
<p>Köbler, Gerhard, ed. Gotisches Wörterbuch. Brill, 1989</p>
</blockquote>",,,1.0,Viktor Martinović,Gerhard Köbler ; Viktor Martinović,10.5281/zenodo.7893948,10.5281/zenodo.7893947,7893947,2023-05-03T21:29:11.867419+00:00,2023-05-04T05:59:08.356722+00:00,lexibank,other-open,https://zenodo.org/records/7893948,7893948,cldf:Wordlist;linguistics,dataset,https://github.com/LoanpyDataHub/koeblergothic/tree/1.0
7893910,CLDF dataset derived from 'West Old Turkic' by András Róna-Tas and Árpád Berta from 2011,"<p>Cite the source of the dataset as:</p>

<blockquote>
<p>Róna-Tas, András, &amp; Berta, Árpád. (2011) West Old Turkic. Harrassowitz Verlag, Wiesbaden</p>
</blockquote>",,,2.0,András Róna-Tas ; † Árpád Berta,László Károly ; Viktor Martinović ; Johann-Mattis List,10.5281/zenodo.7893910,10.5281/zenodo.7252642,7252642,2023-05-03T20:57:37.886608+00:00,2023-05-04T02:26:50.962001+00:00,lexibank,cc-by-4.0,https://zenodo.org/records/7893910,7893910,cldf:Wordlist;linguistics,dataset,https://github.com/LoanpyDataHub/ronataswestoldturkic/tree/2.0
7893944,CLDF dataset derived from a preprint of 'Új magyar etimológiai szótár' [New Hungarian Etymological Dictionary] by Károly Gerstner (ed.),"<p>Cite the source of the dataset as:</p>

<blockquote>
<p>Gerstner, Károly (ed.) (2011-2023). Új magyar Etimológiai Szótár. Hungarian Academy of Sciences, Budapest. http://uesz.nytud.hu/.</p>
</blockquote>",,,2.0,Viktor Martinović,Károly Gerstner ; Loránd Benkő ; Loránd Benkő ; Viktor Martinović ; Johann-Mattis List,10.5281/zenodo.7893944,10.5281/zenodo.6212426,6212426,2023-05-03T21:28:01.547367+00:00,2023-05-04T02:26:50.893357+00:00,lexibank,mit-license,https://zenodo.org/records/7893944,7893944,cldf:Wordlist;linguistics,dataset,https://github.com/LoanpyDataHub/gerstnerhungarian/tree/2.0
6377318,CLDF dataset derived from a preprint of 'Új magyar etimológiai szótár' [New Hungarian Etymological Dictionary] by Károly Gerstner (ed.),"<p>Cite the source of the dataset as:</p>

<blockquote>
<p>Gerstner, K&aacute;roly (ed.) (2016). &Uacute;j magyar Etimol&oacute;giai Sz&oacute;t&aacute;r. Hungarian Academy of Sciences, Budapest. http://uesz.nytud.hu/.</p>
</blockquote>",,,v3.1,Viktor Martinović,,10.5281/zenodo.6377318,10.5281/zenodo.6212426,6212426,2022-03-22T19:11:43.614754+00:00,2023-05-03T21:28:02.487317+00:00,lexibank,mit-license,https://zenodo.org/records/6377318,6377318,cldf:Wordlist;linguistics,dataset,https://github.com/martino-vic/gerstnerhungarian/tree/v3.1
6377199,CLDF dataset derived from a preprint of 'Új magyar etimológiai szótár' [New Hungarian Etymological Dictionary] by Gerstner Károly,"<p>Cite the source of the dataset as:</p>

<blockquote>
<p>Gerstner, Károly (ed.) (2016). Új magyar Etimológiai Szótár. Hungarian Academy of Sciences, Budapest. http://uesz.nytud.hu/.</p>
</blockquote>",,,v3,Viktor Martinović,,10.5281/zenodo.6377199,10.5281/zenodo.6212426,6212426,2022-03-22T18:34:30.188823+00:00,2023-05-03T21:28:02.258055+00:00,lexibank,mit-license,https://zenodo.org/records/6377199,6377199,cldf:Wordlist;linguistics,dataset,https://github.com/martino-vic/gerstnerhungarian/tree/v3
6212556,Trunkated CLDF dataset derived from a preprint of 'Új Etimológiai Szótár' [New Etymological Dictionary] edited by Gerstner Károly,"<p>Cite the source of the dataset as:</p>

<blockquote>
<p>Gerstner 2016</p>
</blockquote>",,,v1.3,Viktor Martinović,,10.5281/zenodo.6212556,10.5281/zenodo.6212426,6212426,2022-02-21T22:56:41.085500+00:00,2023-05-03T21:28:02.091989+00:00,lexibank,mit-license,https://zenodo.org/records/6212556,6212556,cldf:Wordlist;linguistics,dataset,https://github.com/martino-vic/gerstnerhungarian/tree/v1.3
6212427,Trunkated CLDF dataset derived from a preprint of 'Új Etimológiai Szótár' [New Etymological Dictionary] edited by Gerstner Károly,"<p>Cite the source of the dataset as:</p>

<blockquote>
<p>Gerstner 2016</p>
</blockquote>",,,v2,Viktor Martinović,,10.5281/zenodo.6212427,10.5281/zenodo.6212426,6212426,2022-02-21T22:44:57.234334+00:00,2023-05-03T21:28:01.832728+00:00,lexibank,mit-license,https://zenodo.org/records/6212427,6212427,cldf:Wordlist;linguistics,dataset,https://github.com/martino-vic/gerstnerhungarian/tree/v2
7252643,CLDF dataset derived from 'West Old Turkic' by András Róna-Tas and Árpád Berta from 2011,"<p>Cite the source of the dataset as:</p>

<blockquote>
<p>Róna-Tas, András, &amp; Berta, Árpád. (2011) West Old Turkic. Harrassowitz Verlag, Wiesbaden</p>
</blockquote>",,,1.1,András Róna-Tas ; † Árpád Berta,László Károly ; Viktor Martinović ; Johann-Mattis List,10.5281/zenodo.7252643,10.5281/zenodo.7252642,7252642,2022-10-26T10:19:06.379356+00:00,2023-05-03T20:57:38.015979+00:00,lexibank,cc-by-4.0,https://zenodo.org/records/7252643,7252643,cldf:Wordlist;linguistics,dataset,https://github.com/martino-vic/rtbwestoldturkic/tree/1.1
7836668,Lexibank Analysed,"<p>Cite the source of the dataset as:</p>

<blockquote>
<p>List, J.-M., R. Forkel, S. Greenhill, C. Rzymski, J. Englisch, and R. Gray (2022): <strong>Lexibank, A public repository of standardized wordlists with computed phonological and lexical features</strong>. <em>Scientific Data</em> 9.316. 1-31.&nbsp;https://doi.org/10.1038/s41597-022-01432-0&nbsp;</p>
</blockquote>",,,v1.0,Johann-Mattis List ; Robert Forkel ; Simon J. Greenhill ; Christoph Rzymski ; Johannes Englisch ; Russell D. Gray,,10.5281/zenodo.7836668,10.5281/zenodo.5227817,5227817,2023-04-17T10:50:37.539558+00:00,2023-04-26T10:07:11.890470+00:00,produsemy;lexibank;calc;eu,cc-by-4.0,https://zenodo.org/records/7836668,7836668,cldf:Wordlist;linguistics,dataset,https://github.com/lexibank/lexibank-analysed/tree/v1.0
5227818,Lexibank: A publicly available repository of standardized lexical datasets with automatically computed phonological and lexical features for more than 2000 language varieties,"<p>Cite the dataset as:</p>

<blockquote>
<p>List, Johann-Mattis; Forkel, Robert; Greenhill, Simon J.; Rzymski, Christoph; Englisch, Johannes; and Russell D. Gray (2021): Lexibank: A publicly available repository of standardized lexical datasets with automatically computed phonological and lexical features for more than 2000 language varieties [Dataset, Version 0.1]. Geneva: Zenodo. https://github.com/lexibank/lexibank-analysed</p>
</blockquote>",,,v0.2,"Johann-Mattis List ; Robert Forkel ; Simon J. Greenhill ; Rzymski, Christoph ; Englisch, Johannes ; Russell D. Gray",,10.5281/zenodo.5227818,10.5281/zenodo.5227817,5227817,2021-08-20T18:27:37.187464+00:00,2023-04-26T10:07:11.775543+00:00,produsemy;calc;eu;lexibank,cc-by-4.0,https://zenodo.org/records/5227818,5227818,linguistics;cldf:Wordlist,software,https://github.com/lexibank/lexibank-analysed/tree/v0.2
7591335,"CLDF dataset accompanying Miller and List's ""Borrowing in South American Languages"" from 2023","<p>Cite the source of the dataset as:</p>

<blockquote>
<p>Miller, John and List, Johann-Mattis (2023): Detecting Lexical Borrowings from Dominant Languages in Multilingual Wordlists. In: Proceedings of the 15th Conference of the European Chapter of the Association for Computational Linguistics. Short Papers.</p>
</blockquote>",,,v1.0,John Miller ; Johann-Mattis List,,10.5281/zenodo.7591335,10.5281/zenodo.7590183,7590183,2023-01-31T19:16:16.953934+00:00,2023-04-26T10:07:02.093494+00:00,eu;calc,cc-by-4.0,https://zenodo.org/records/7591335,7591335,cldf:Wordlist;linguistics,dataset,https://github.com/lexibank/sabor/tree/v1.0
7590184,"CLDF dataset accompanying Miller and List's ""Borrowing in South American Languages"" from 2023","<p>Cite the source of the dataset as:</p>

<blockquote>
<p>Miller, John and List, Johann-Mattis (2023): Detecting Lexical Borrowings from Dominant Languages in Multilingual Wordlists. In: Proceedings of the 15th Conference of the European Chapter of the Association for Computational Linguistics. Short Papers.</p>
</blockquote>",,,v1.0.0,John Miller ; Johann-Mattis List,,10.5281/zenodo.7590184,10.5281/zenodo.7590183,7590183,2023-01-31T14:50:35.821697+00:00,2023-04-26T10:07:01.962460+00:00,eu;calc,cc-by-4.0,https://zenodo.org/records/7590184,7590184,cldf:Wordlist;linguistics,dataset,https://github.com/lexibank/sabor/tree/v1.0.0
7844558,Grambank v1.0,"<p>Cite the source of the dataset as:</p>

<blockquote>
<p>Skirgård, Hedvig and Haynie, Hannah J. and Blasi, Damián E. and Hammarström, Harald and Collins, Jeremy and Latarche, Jay J. and Lesage, Jakob and Weber, Tobias and Witzlack-Makarevich, Alena and Passmore, Sam and Chira, Angela and Maurits, Luke and Dinnage, Russell and Dunn, Michael and Reesink, Ger and Singer, Ruth and Bowern, Claire and Epps, Patience and Hill, Jane and Vesakoski, Outi and Robbeets, Martine and Abbas, Noor Karolin and Auer, Daniel and Bakker, Nancy A. and Barbos, Giulia and Borges, Robert D. and Danielsen, Swintha and Dorenbusch, Luise and Dorn, Ella and Elliott, John and Falcone, Giada and Fischer, Jana and Ghanggo Ate, Yustinus and Gibson, Hannah and Göbel, Hans-Philipp and Goodall, Jemima A. and Gruner, Victoria and Harvey, Andrew and Hayes, Rebekah and Heer, Leonard and Herrera Miranda, Roberto E. and Hübler, Nataliia and Huntington-Rainey, Biu and Ivani, Jessica K. and Johns, Marilen and Just, Erika and Kashima, Eri and Kipf, Carolina and Klingenberg, Janina V. and König, Nikita and Koti, Aikaterina and Kowalik, Richard G. A. and Krasnoukhova, Olga and Lindvall, Nora L.M. and Lorenzen, Mandy and Lutzenberger, Hannah and Martins, Tônia R.A. and Mata German, Celia and van der  Meer, Suzanne and Montoya Samamé, Jaime and Müller, Michael and Muradoglu, Saliha and Neely, Kelsey and Nickel, Johanna and Norvik, Miina and Oluoch, Cheryl Akinyi and Peacock, Jesse and Pearey, India O.C. and Peck, Naomi and Petit, Stephanie and Pieper, Sören and Poblete, Mariana and Prestipino, Daniel and Raabe, Linda and Raja, Amna and Reimringer, Janis and Rey, Sydney C. and Rizaew, Julia and Ruppert, Eloisa and Salmon, Kim K. and Sammet, Jill and Schembri, Rhiannon and Schlabbach, Lars and Schmidt, Frederick W.P. and Skilton, Amalia and Smith, Wikaliler Daniel and de  Sousa, Hilário and Sverredal, Kristin and Valle, Daniel and Vera, Javier and Voß, Judith and Witte, Tim and Wu, Henry and Yam, Stephanie and Ye 葉婧婷, Jingting and Yong, Maisie and Yuditha, Tessa and Zariquiey, Roberto and Forkel, Robert and Evans, Nicholas and Levinson, Stephen C. and Haspelmath, Martin and Greenhill, Simon J. and Atkinson, Quentin D. and Gray, Russell D. (in press). Grambank reveals the importance of genealogical constraints on linguistic diversity and highlights the impact of language loss. Science Advances.</p>
</blockquote>",,,v1.0.3,Hedvig Skirgård ; Hannah J. Haynie ; Harald Hammarström ; Russell Barlow ; Damián E. Blasi ; Jeremy Collins ; Jay Latarche ; Jakob Lesage ; Tobias Weber ; Alena Witzlack-Makarevich ; Michael Dunn ; Ger Reesink ; Ruth Singer ; Johannes Englisch ; Angela Chira ; Annemarie Verkerk ; Russell Dinnage ; Luke Maurits ; Sam Passmore ; Claire Bowern ; Patience Epps ; Jane Hill ; Outi Vesakoski ; Noor Karolin Abbas ; Sunny Ananth ; Daniel Auer ; Nancy A. Bakker ; Giulia Barbos ; Anina Bolls ; Robert D. Borges ; Mitchell Browen ; Hoju Cha 차호주 ; Lennart Chevallier ; Swintha Danielsen ; Hugo de Vos ; Sinoël Dohlen ; Luise Dorenbusch ; Ella Dorn ; Marie Duhamel ; Farah El Haj Ali ; John Elliott ; Grace Ephraums ; Giada Falcone ; Anna-Maria Fehn ; Jana Fischer ; Yustinus Ghanggo Ate ; Hannah Gibson ; Hans-Philipp Göbel ; Jemima A. Goodall ; Samuel Griggs ; Victoria Gruner ; Andrew Harvey ; Rebekah Hayes ; Leonard Heer ; Roberto E. Herrera Miranda ; Nataliia Hübler ; Biu H. Huntington-Rainey ; Guglielmo Inglese ; Jessica K. Ivani ; Marilen Johns ; Erika Just ; Ivan Kapitonov ; Eri Kashima ; Carolina Kipf ; Janina V. Klingenberg ; Nikita König ; Aikaterina Koti ; Richard G. A. Kowalik ; Olga Krasnoukhova ; Kate Lynn Lindsey ; Nora  L. M. Lindvall ; Mandy Lorenzen ; Hannah Lutzenberger ; Manuel Rüdisühli ; Alexandra Marley ; Tânia R. A. Martins ; Marvin Leonard Martiny ; Celia Mata German ; Suzanne van der Meer ; Jacob Menschel ; Jaime Montoya ; Michael Müller ; Saliha Muradoglu ; HunterGatherer ; David Nash ; Kelsey Neely ; Johanna Nickel ; Miina Norvik ; Olga Olina ; Bruno Olsson ; Cheryl Akinyi Oluoch ; David Osgarby ; Leah Pappas ; Jesse Peacock ; India O.C. Pearey ; Naomi Peck ; Jana Peter ; Stephanie Petit ; Sören Pieper ; Mariana Poblete ; Daniel Prestipino ; Linda Raabe ; Amna Raja ; Tihomir Rangelov ; Janis Reimringer ; Sydney C. Rey ; Julia Rizaew ; Kristian Roncero Toledo ; Eloisa Ruppert ; Kim K. Salmon ; Jill Sammet ; Rhiannon Schembri ; Lars Schlabbach ; Frederick W. P. Schmidt ; Dineke Schokkin ; Jeff Siegel ; Jane Simpson ; Amalia Skilton ; Hilário de Sousa ; Kristin Sverredal ; Daniel Valle ; Javier Vera ; Judith Voß ; Daniel Wikalier Smith ; Nicholas Williams ; Tim Witte ; Henry Wu ; Stephanie Yam ; Jingting Ye 葉婧婷 ; Maisie Yong ; Tessa Yuditha ; Roberto Zariquiey ; Olena Shcherbakova ; Robert Forkel ; Nicholas Evans ; Stephen C. Levinson ; Martin Haspelmath ; Simon J. Greenhill ; Quentin D. Atkinson ; Russell D. Gray,,10.5281/zenodo.7844558,10.5281/zenodo.7740139,7740139,2023-04-19T07:20:03.374513+00:00,2023-04-19T14:26:40.379722+00:00,cldf-datasets,cc-by-4.0,https://zenodo.org/records/7844558,7844558,cldf:StructureDataset;linguistics,dataset,https://github.com/grambank/grambank/tree/v1.0.3
7837118,Grambank v1.0,"<p>Cite the source of the dataset as:</p>

<blockquote>
<p>Skirgård, Hedvig and Haynie, Hannah J. and Blasi, Damián E. and Hammarström, Harald and Collins, Jeremy and Latarche, Jay J. and Lesage, Jakob and Weber, Tobias and Witzlack-Makarevich, Alena and Passmore, Sam and Chira, Angela and Maurits, Luke and Dinnage, Russell and Dunn, Michael and Reesink, Ger and Singer, Ruth and Bowern, Claire and Epps, Patience and Hill, Jane and Vesakoski, Outi and Robbeets, Martine and Abbas, Noor Karolin and Auer, Daniel and Bakker, Nancy A. and Barbos, Giulia and Borges, Robert D. and Danielsen, Swintha and Dorenbusch, Luise and Dorn, Ella and Elliott, John and Falcone, Giada and Fischer, Jana and Ghanggo Ate, Yustinus and Gibson, Hannah and Göbel, Hans-Philipp and Goodall, Jemima A. and Gruner, Victoria and Harvey, Andrew and Hayes, Rebekah and Heer, Leonard and Herrera Miranda, Roberto E. and Hübler, Nataliia and Huntington-Rainey, Biu and Ivani, Jessica K. and Johns, Marilen and Just, Erika and Kashima, Eri and Kipf, Carolina and Klingenberg, Janina V. and König, Nikita and Koti, Aikaterina and Kowalik, Richard G. A. and Krasnoukhova, Olga and Lindvall, Nora L.M. and Lorenzen, Mandy and Lutzenberger, Hannah and Martins, Tônia R.A. and Mata German, Celia and van der  Meer, Suzanne and Montoya Samamé, Jaime and Müller, Michael and Muradoglu, Saliha and Neely, Kelsey and Nickel, Johanna and Norvik, Miina and Oluoch, Cheryl Akinyi and Peacock, Jesse and Pearey, India O.C. and Peck, Naomi and Petit, Stephanie and Pieper, Sören and Poblete, Mariana and Prestipino, Daniel and Raabe, Linda and Raja, Amna and Reimringer, Janis and Rey, Sydney C. and Rizaew, Julia and Ruppert, Eloisa and Salmon, Kim K. and Sammet, Jill and Schembri, Rhiannon and Schlabbach, Lars and Schmidt, Frederick W.P. and Skilton, Amalia and Smith, Wikaliler Daniel and de  Sousa, Hilário and Sverredal, Kristin and Valle, Daniel and Vera, Javier and Voß, Judith and Witte, Tim and Wu, Henry and Yam, Stephanie and Ye 葉婧婷, Jingting and Yong, Maisie and Yuditha, Tessa and Zariquiey, Roberto and Forkel, Robert and Evans, Nicholas and Levinson, Stephen C. and Haspelmath, Martin and Greenhill, Simon J. and Atkinson, Quentin D. and Gray, Russell D. (in press). Grambank reveals the importance of genealogical constraints on linguistic diversity and highlights the impact of language loss. Science Advances.</p>
</blockquote>",,,v1.0.2,Hedvig Skirgård ; Hannah J. Haynie ; Harald Hammarström ; Russell Barlow ; Damián E. Blasi ; Jeremy Collins ; Jay Latarche ; Jakob Lesage ; Tobias Weber ; Alena Witzlack-Makarevich ; Michael Dunn ; Ger Reesink ; Ruth Singer ; Johannes Englisch ; Angela Chira ; Annemarie Verkerk ; Russell Dinnage ; Luke Maurits ; Sam Passmore ; Claire Bowern ; Patience Epps ; Jane Hill ; Outi Vesakoski ; Noor Karolin Abbas ; Sunny Ananth ; Daniel Auer ; Nancy A. Bakker ; Giulia Barbos ; Anina Bolls ; Robert D. Borges ; Mitchell Browen ; Lennart Chevallier ; Swintha Danielsen ; Hugo de Vos ; Sinoël Dohlen ; Luise Dorenbusch ; Ella Dorn ; Marie Duhamel ; Farah El Haj Ali ; John Elliott ; Grace Ephraums ; Giada Falcone ; Anna-Maria Fehn ; Jana Fischer ; Yustinus Ghanggo Ate ; Hannah Gibson ; Hans-Philipp Göbel ; Jemima A. Goodall ; Samuel Griggs ; Victoria Gruner ; Andrew Harvey ; Rebekah Hayes ; Leonard Heer ; Roberto E. Herrera Miranda ; Nataliia Hübler ; Biu H. Huntington-Rainey ; Guglielmo Inglese ; Jessica K. Ivani ; Marilen Johns ; Erika Just ; Ivan Kapitonov ; Eri Kashima ; Carolina Kipf ; Janina V. Klingenberg ; Nikita König ; Aikaterina Koti ; Richard G. A. Kowalik ; Olga Krasnoukhova ; Kate Lynn Lindsey ; Nora  L. M. Lindvall ; Mandy Lorenzen ; Hannah Lutzenberger ; Manuel Rüdisühli ; Alexandra Marley ; Tânia R. A. Martins ; Marvin Leonard Martiny ; Celia Mata German ; Suzanne van der Meer ; Jacob Menschel ; Jaime Montoya ; Michael Müller ; Saliha Muradoglu ; HunterGatherer ; David Nash ; Kelsey Neely ; Johanna Nickel ; Miina Norvik ; Olga Olina ; Bruno Olsson ; Cheryl Akinyi Oluoch ; David Osgarby ; Leah Pappas ; Jesse Peacock ; India O.C. Pearey ; Naomi Peck ; Jana Peter ; Stephanie Petit ; Sören Pieper ; Mariana Poblete ; Daniel Prestipino ; Linda Raabe ; Amna Raja ; Janis Reimringer ; Sydney C. Rey ; Julia Rizaew ; Eloisa Ruppert ; Kim K. Salmon ; Jill Sammet ; Rhiannon Schembri ; Lars Schlabbach ; Frederick W. P. Schmidt ; Dineke Schokkin ; Jeff Siegel ; Jane Simpson ; Amalia Skilton ; Hilário de Sousa ; Kristin Sverredal ; Daniel Valle ; Javier Vera ; Judith Voß ; Daniel Wikalier Smith ; Nicholas Williams ; Tim Witte ; Henry Wu ; Stephanie Yam ; Jingting Ye 葉婧婷 ; Maisie Yong ; Tessa Yuditha ; Roberto Zariquiey ; Olena Shcherbakova ; Robert Forkel ; Nicholas Evans ; Stephen C. Levinson ; Martin Haspelmath ; Simon J. Greenhill ; Quentin D. Atkinson ; Russell D. Gray,,10.5281/zenodo.7837118,10.5281/zenodo.7740139,7740139,2023-04-17T11:30:20.176615+00:00,2023-04-19T07:20:03.766222+00:00,cldf-datasets,cc-by-4.0,https://zenodo.org/records/7837118,7837118,cldf:StructureDataset;linguistics,dataset,https://github.com/grambank/grambank/tree/v1.0.2
7825065,Grambank v1.0,"<p>Cite the source of the dataset as:</p>

<blockquote>
<p>Skirgård, Hedvig and Haynie, Hannah J. and Blasi, Damián E. and Hammarström, Harald and Collins, Jeremy and Latarche, Jay J. and Lesage, Jakob and Weber, Tobias and Witzlack-Makarevich, Alena and Passmore, Sam and Chira, Angela and Maurits, Luke and Dinnage, Russell and Dunn, Michael and Reesink, Ger and Singer, Ruth and Bowern, Claire and Epps, Patience and Hill, Jane and Vesakoski, Outi and Robbeets, Martine and Abbas, Noor Karolin and Auer, Daniel and Bakker, Nancy A. and Barbos, Giulia and Borges, Robert D. and Danielsen, Swintha and Dorenbusch, Luise and Dorn, Ella and Elliott, John and Falcone, Giada and Fischer, Jana and Ghanggo Ate, Yustinus and Gibson, Hannah and Göbel, Hans-Philipp and Goodall, Jemima A. and Gruner, Victoria and Harvey, Andrew and Hayes, Rebekah and Heer, Leonard and Herrera Miranda, Roberto E. and Hübler, Nataliia and Huntington-Rainey, Biu and Ivani, Jessica K. and Johns, Marilen and Just, Erika and Kashima, Eri and Kipf, Carolina and Klingenberg, Janina V. and König, Nikita and Koti, Aikaterina and Kowalik, Richard G. A. and Krasnoukhova, Olga and Lindvall, Nora L.M. and Lorenzen, Mandy and Lutzenberger, Hannah and Martins, Tônia R.A. and Mata German, Celia and van der  Meer, Suzanne and Montoya Samamé, Jaime and Müller, Michael and Muradoglu, Saliha and Neely, Kelsey and Nickel, Johanna and Norvik, Miina and Oluoch, Cheryl Akinyi and Peacock, Jesse and Pearey, India O.C. and Peck, Naomi and Petit, Stephanie and Pieper, Sören and Poblete, Mariana and Prestipino, Daniel and Raabe, Linda and Raja, Amna and Reimringer, Janis and Rey, Sydney C. and Rizaew, Julia and Ruppert, Eloisa and Salmon, Kim K. and Sammet, Jill and Schembri, Rhiannon and Schlabbach, Lars and Schmidt, Frederick W.P. and Skilton, Amalia and Smith, Wikaliler Daniel and de  Sousa, Hilário and Sverredal, Kristin and Valle, Daniel and Vera, Javier and Voß, Judith and Witte, Tim and Wu, Henry and Yam, Stephanie and Ye 葉婧婷, Jingting and Yong, Maisie and Yuditha, Tessa and Zariquiey, Roberto and Forkel, Robert and Evans, Nicholas and Levinson, Stephen C. and Haspelmath, Martin and Greenhill, Simon J. and Atkinson, Quentin D. and Gray, Russell D. (in press). Grambank reveals the importance of genealogical constraints on linguistic diversity and highlights the impact of language loss. Science Advances.</p>
</blockquote>",,,v1.0.1,Hedvig Skirgård ; Hannah J. Haynie ; Harald Hammarström ; Damián E. Blasi ; Jeremy Collins ; Jay Latarche ; Jakob Lesage ; Tobias Weber ; Alena Witzlack-Makarevich ; Michael Dunn ; Ger Reesink ; Ruth Singer ; Claire Bowern ; Patience Epps ; Jane Hill ; Outi Vesakoski ; Noor Karolin Abbas ; Sunny Ananth ; Daniel Auer ; Nancy A. Bakker ; Giulia Barbos ; Anina Bolls ; Robert D. Borges ; Mitchell Browen ; Lennart Chevallier ; Swintha Danielsen ; Sinoël Dohlen ; Luise Dorenbusch ; Ella Dorn ; Marie Duhamel ; Farah El Haj Ali ; John Elliott ; Giada Falcone ; Anna-Maria Fehn ; Jana Fischer ; Yustinus Ghanggo Ate ; Hannah Gibson ; Hans-Philipp Göbel ; Jemima A. Goodall ; Victoria Gruner ; Andrew Harvey ; Rebekah Hayes ; Leonard Heer ; Roberto E. Herrera Miranda ; Nataliia Hübler ; Biu H. Huntington-Rainey ; Guglielmo Inglese ; Jessica K. Ivani ; Marilen Johns ; Erika Just ; Ivan Kapitonov ; Eri Kashima ; Carolina Kipf ; Janina V. Klingenberg ; Nikita König ; Aikaterina Koti ; Richard G. A. Kowalik ; Olga Krasnoukhova ; Kate Lynn Lindsey ; Nora  L. M. Lindvall ; Mandy Lorenzen ; Hannah Lutzenberger ; Alexandra Marley ; Tânia R. A. Martins ; Celia Mata German ; Suzanne van der Meer ; Jaime Montoya ; Michael Müller ; Saliha Muradoglu ; HunterGatherer ; David Nash ; Kelsey Neely ; Johanna Nickel ; Miina Norvik ; Bruno Olsson ; Cheryl Akinyi Oluoch ; David Osgarby ; Jesse Peacock ; India O.C. Pearey ; Naomi Peck ; Jana Peter ; Stephanie Petit ; Sören Pieper ; Mariana Poblete ; Daniel Prestipino ; Linda Raabe ; Amna Raja ; Janis Reimringer ; Sydney C. Rey ; Julia Rizaew ; Eloisa Ruppert ; Kim K. Salmon ; Jill Sammet ; Rhiannon Schembri ; Lars Schlabbach ; Frederick W. P. Schmidt ; Dineke Schokkin ; Jeff Siegel ; Amalia Skilton ; Hilário de Sousa ; Kristin Sverredal ; Daniel Valle ; Javier Vera ; Judith Voß ; Daniel Wikalier Smith ; Tim Witte ; Henry Wu ; Stephanie Yam ; Jingting Ye 葉婧婷 ; Maisie Yong ; Tessa Yuditha ; Roberto Zariquiey ; Robert Forkel ; Nicholas Evans ; Stephen C. Levinson ; Martin Haspelmath ; Simon J. Greenhill ; Quentin D. Atkinson ; Russell D. Gray,,10.5281/zenodo.7825065,10.5281/zenodo.7740139,7740139,2023-04-13T09:56:43.444957+00:00,2023-04-19T07:20:03.663155+00:00,cldf-datasets,cc-by-4.0,https://zenodo.org/records/7825065,7825065,cldf:StructureDataset;linguistics,dataset,https://github.com/grambank/grambank/tree/v1.0.1
7740140,Grambank v1.0,"<p>Cite the source of the dataset as:</p>

<blockquote>
<p>Skirgård, Hedvig and Haynie, Hannah J. and Blasi, Damián E. and Hammarström, Harald and Collins, Jeremy and Latarche, Jay J. and Lesage, Jakob and Weber, Tobias and Witzlack-Makarevich, Alena and Passmore, Sam and Chira, Angela and Maurits, Luke and Dinnage, Russell and Dunn, Michael and Reesink, Ger and Singer, Ruth and Bowern, Claire and Epps, Patience and Hill, Jane and Vesakoski, Outi and Robbeets, Martine and Abbas, Noor Karolin and Auer, Daniel and Bakker, Nancy A. and Barbos, Giulia and Borges, Robert D. and Danielsen, Swintha and Dorenbusch, Luise and Dorn, Ella and Elliott, John and Falcone, Giada and Fischer, Jana and Ghanggo Ate, Yustinus and Gibson, Hannah and Göbel, Hans-Philipp and Goodall, Jemima A. and Gruner, Victoria and Harvey, Andrew and Hayes, Rebekah and Heer, Leonard and Herrera Miranda, Roberto E. and Hübler, Nataliia and Huntington-Rainey, Biu and Ivani, Jessica K. and Johns, Marilen and Just, Erika and Kashima, Eri and Kipf, Carolina and Klingenberg, Janina V. and König, Nikita and Koti, Aikaterina and Kowalik, Richard G. A. and Krasnoukhova, Olga and Lindvall, Nora L.M. and Lorenzen, Mandy and Lutzenberger, Hannah and Martins, Tônia R.A. and Mata German, Celia and van der  Meer, Suzanne and Montoya Samamé, Jaime and Müller, Michael and Muradoglu, Saliha and Neely, Kelsey and Nickel, Johanna and Norvik, Miina and Oluoch, Cheryl Akinyi and Peacock, Jesse and Pearey, India O.C. and Peck, Naomi and Petit, Stephanie and Pieper, Sören and Poblete, Mariana and Prestipino, Daniel and Raabe, Linda and Raja, Amna and Reimringer, Janis and Rey, Sydney C. and Rizaew, Julia and Ruppert, Eloisa and Salmon, Kim K. and Sammet, Jill and Schembri, Rhiannon and Schlabbach, Lars and Schmidt, Frederick W.P. and Skilton, Amalia and Smith, Wikaliler Daniel and de  Sousa, Hilário and Sverredal, Kristin and Valle, Daniel and Vera, Javier and Voß, Judith and Witte, Tim and Wu, Henry and Yam, Stephanie and Ye 葉婧婷, Jingting and Yong, Maisie and Yuditha, Tessa and Zariquiey, Roberto and Forkel, Robert and Evans, Nicholas and Levinson, Stephen C. and Haspelmath, Martin and Greenhill, Simon J. and Atkinson, Quentin D. and Gray, Russell D. (in press). Grambank reveals the importance of genealogical constraints on linguistic diversity and highlights the impact of language loss. Science Advances.</p>
</blockquote>",,,v1.0,Hedvig Skirgård ; Hannah J. Haynie ; Harald Hammarström ; Damián E. Blasi ; Jeremy Collins ; Jay Latarche ; Jakob Lesage ; Tobias Weber ; Alena Witzlack-Makarevich ; Michael Dunn ; Ger Reesink ; Ruth Singer ; Claire Bowern ; Patience Epps ; Jane Hill ; Outi Vesakoski ; Noor Karolin Abbas ; Sunny Ananth ; Daniel Auer ; Nancy A. Bakker ; Giulia Barbos ; Anina Bolls ; Robert D. Borges ; Mitchell Browen ; Lennart Chevallier ; Swintha Danielsen ; Sinoël Dohlen ; Luise Dorenbusch ; Ella Dorn ; Marie Duhamel ; Farah El Haj Ali ; John Elliott ; Giada Falcone ; Anna-Maria Fehn ; Jana Fischer ; Yustinus Ghanggo Ate ; Hannah Gibson ; Hans-Philipp Göbel ; Jemima A. Goodall ; Victoria Gruner ; Andrew Harvey ; Rebekah Hayes ; Leonard Heer ; Roberto E. Herrera Miranda ; Nataliia Hübler ; Biu H. Huntington-Rainey ; Guglielmo Inglese ; Jessica K. Ivani ; Marilen Johns ; Erika Just ; Ivan Kapitonov ; Eri Kashima ; Carolina Kipf ; Janina V. Klingenberg ; Nikita König ; Aikaterina Koti ; Richard G. A. Kowalik ; Olga Krasnoukhova ; Kate Lynn Lindsey ; Nora  L. M. Lindvall ; Mandy Lorenzen ; Hannah Lutzenberger ; Alexandra Marley ; Tânia R. A. Martins ; Celia Mata German ; Suzanne van der Meer ; Jaime Montoya ; Michael Müller ; Saliha Muradoglu ; HunterGatherer ; David Nash ; Kelsey Neely ; Johanna Nickel ; Miina Norvik ; Bruno Olsson ; Cheryl Akinyi Oluoch ; David Osgarby ; Jesse Peacock ; India O.C. Pearey ; Naomi Peck ; Jana Peter ; Stephanie Petit ; Sören Pieper ; Mariana Poblete ; Daniel Prestipino ; Linda Raabe ; Amna Raja ; Janis Reimringer ; Sydney C. Rey ; Julia Rizaew ; Eloisa Ruppert ; Kim K. Salmon ; Jill Sammet ; Rhiannon Schembri ; Lars Schlabbach ; Frederick W. P. Schmidt ; Dineke Schokkin ; Jeff Siegel ; Amalia Skilton ; Hilário de Sousa ; Kristin Sverredal ; Daniel Valle ; Javier Vera ; Judith Voß ; Daniel Wikalier Smith ; Tim Witte ; Henry Wu ; Stephanie Yam ; Jingting Ye 葉婧婷 ; Maisie Yong ; Tessa Yuditha ; Roberto Zariquiey ; Robert Forkel ; Nicholas Evans ; Stephen C. Levinson ; Martin Haspelmath ; Simon J. Greenhill ; Quentin D. Atkinson ; Russell D. Gray,,10.5281/zenodo.7740140,10.5281/zenodo.7740139,7740139,2023-03-16T09:16:47.802503+00:00,2023-04-19T07:20:03.545703+00:00,cldf-datasets,cc-by-4.0,https://zenodo.org/records/7740140,7740140,cldf:StructureDataset;linguistics,dataset,https://github.com/grambank/grambank/tree/v1.0
7701635,"CLDF dataset derived from Key and Comrie's ""Intercontinental Dictionary Series"" from 2023","<p>Cite the source of the dataset as:</p>

<blockquote>
<p>Key, Mary Ritchie &amp; Comrie, Bernard (eds.) 2023. The Intercontinental Dictionary Series. Leipzig: Max Planck Institute for Evolutionary Anthropology.</p>
</blockquote>",,,v4.3,Hans-Jörg Bibiko,Robert Forkel ; Christoph Rzymski ; Hans-Jörg Bibiko ; Mary Ritchie Key ; Bernard Comrie,10.5281/zenodo.7701635,10.5281/zenodo.1299512,1299512,2023-03-06T11:42:20.041328+00:00,2023-03-07T02:26:49.533683+00:00,lexibank,cc-by-4.0,https://zenodo.org/records/7701635,7701635,cldf:Wordlist;linguistics,dataset,https://github.com/intercontinental-dictionary-series/ids/tree/v4.3
5547908,"CLDF dataset derived from Key and Comrie's ""Intercontinental Dictionary Series"" from 2021","<p>Cite the source of the dataset as:</p>

<blockquote>
<p>Key, Mary Ritchie &amp; Comrie, Bernard (eds.) 2021. The Intercontinental Dictionary Series. Leipzig: Max Planck Institute for Evolutionary Anthropology.</p>
</blockquote>",,,v4.2,Hans-Jörg Bibiko,Robert Forkel ; Christoph Rzymski ; Hans-Jörg Bibiko ; Mary Ritchie Key ; Bernard Comrie,10.5281/zenodo.5547908,10.5281/zenodo.1299512,1299512,2021-10-04T14:39:57.025650+00:00,2023-03-06T11:42:21.559364+00:00,lexibank,cc-by-4.0,https://zenodo.org/records/5547908,5547908,cldf:Wordlist;linguistics,dataset,https://github.com/intercontinental-dictionary-series/ids/tree/v4.2
5126899,"CLDF dataset derived from Key and Comrie's ""Intercontinental Dictionary Series"" from 2015","<p>Cite the source of the dataset as:</p>

<blockquote>
<p>Key, Mary Ritchie &amp; Comrie, Bernard (eds.) 2015. The Intercontinental Dictionary Series. Leipzig: Max Planck Institute for Evolutionary Anthropology.</p>
</blockquote>",,,v4.1,Johannes Englisch,Robert Forkel ; Christoph Rzymski ; Hans-Jörg Bibiko ; Mary Ritchie Key ; Bernard Comrie,10.5281/zenodo.5126899,10.5281/zenodo.1299512,1299512,2021-07-23T11:03:14.458117+00:00,2023-03-06T11:42:21.425341+00:00,lexibank,cc-by-4.0,https://zenodo.org/records/5126899,5126899,cldf:Wordlist;linguistics,dataset,https://github.com/intercontinental-dictionary-series/ids/tree/v4.1
4280608,"CLDF dataset derived from Key and Comrie's ""Intercontinental Dictionary Series"" from 2015","<p>Cite the source of the dataset as:</p>

<blockquote>
<p>Key, Mary Ritchie &amp; Comrie, Bernard (eds.) 2015. The Intercontinental Dictionary Series. Leipzig: Max Planck Institute for Evolutionary Anthropology.</p>
</blockquote>",,,v4.0,Robert Forkel,Robert Forkel ; Christoph Rzymski ; Hans-Jörg Bibiko ; Mary Ritchie Key ; Bernard Comrie,10.5281/zenodo.4280608,10.5281/zenodo.1299512,1299512,2020-11-19T10:05:42.271224+00:00,2023-03-06T11:42:21.296668+00:00,lexibank,cc-by-4.0,https://zenodo.org/records/4280608,4280608,cldf:Wordlist;linguistics,dataset,https://github.com/intercontinental-dictionary-series/ids/tree/v4.0
3534904,Intercontinental Dictionary Series,"<p>Cite the source dataset as</p>

<blockquote>
<p>Key, Mary Ritchie &amp; Comrie, Bernard (eds.) 2015. The Intercontinental Dictionary Series. Leipzig: Max Planck Institute for Evolutionary Anthropology.</p>
</blockquote>",,,v3.0,Robert Forkel,,10.5281/zenodo.3534904,10.5281/zenodo.1299512,1299512,2019-11-11T08:14:31.000120+00:00,2023-03-06T11:42:21.206416+00:00,lexibank,other-open,https://zenodo.org/records/3534904,3534904,cldf:Wordlist,dataset,https://github.com/lexibank/ids/tree/v3.0
3265822,lexibank/ids: The Intercontinental Dictionary Series,"<p>Cite the source dataset as</p>

<blockquote>
<p>Key, Mary Ritchie &amp; Comrie, Bernard (eds.) 2015. The Intercontinental Dictionary Series. Leipzig: Max Planck Institute for Evolutionary Anthropology.</p>
</blockquote>",,,v2.0.1,Robert Forkel,,10.5281/zenodo.3265822,10.5281/zenodo.1299512,1299512,2019-07-02T10:15:00.642069+00:00,2023-03-06T11:42:21.047839+00:00,lexibank,other-open,https://zenodo.org/records/3265822,3265822,,dataset,https://github.com/lexibank/ids/tree/v2.0.1
2632694,Intercontinental Dictionary Series,"<p>Cite the source dataset as</p>

<blockquote>
<p>Key, Mary Ritchie &amp; Comrie, Bernard (eds.) 2015. The Intercontinental Dictionary Series. Leipzig: Max Planck Institute for Evolutionary Anthropology.</p>
</blockquote>",,,v2.0,Robert Forkel,,10.5281/zenodo.2632694,10.5281/zenodo.1299512,1299512,2019-04-08T09:15:08.873251+00:00,2023-03-06T11:42:20.932766+00:00,lexibank,other-open,https://zenodo.org/records/2632694,2632694,,dataset,https://github.com/lexibank/ids/tree/v2.0
1314431,lexibank/ids: The Intercontinental Dictionary Series,"<p>Cite the source dataset as</p>

<blockquote>
<p>Key, Mary Ritchie &amp; Comrie, Bernard (eds.) 2015. The Intercontinental Dictionary Series. Leipzig: Max Planck Institute for Evolutionary Anthropology.</p>
</blockquote>",,,v1.2,Robert Forkel,,10.5281/zenodo.1314431,10.5281/zenodo.1299512,1299512,2018-07-18T14:00:13.402986+00:00,2023-03-06T11:42:20.816878+00:00,lexibank,other-open,https://zenodo.org/records/1314431,1314431,clics2,dataset,https://github.com/lexibank/ids/tree/v1.2
1312741,Intercontinental Dictionary Series,"<p>Cite the lexibank dataset as DOI</p>

<p>Cite the source dataset as</p>

<blockquote>
<p>Key, Mary Ritchie &amp; Comrie, Bernard (eds.) 2015. The Intercontinental Dictionary Series. Leipzig: Max Planck Institute for Evolutionary Anthropology.</p>
</blockquote>",,,v1.1,Robert Forkel,,10.5281/zenodo.1312741,10.5281/zenodo.1299512,1299512,2018-07-16T08:22:07.196552+00:00,2023-03-06T11:42:20.690634+00:00,lexibank,other-open,https://zenodo.org/records/1312741,1312741,,dataset,https://github.com/lexibank/ids/tree/v1.1
1299513,lexibank/ids: The Intercontinental Dictionary Series,"<p>Cite the source dataset as</p>

<blockquote>
<p>Key, Mary Ritchie &amp; Comrie, Bernard (eds.) 2015. The Intercontinental Dictionary Series. Leipzig: Max Planck Institute for Evolutionary Anthropology.</p>
</blockquote>",,,v1.0,Robert Forkel,,10.5281/zenodo.1299513,10.5281/zenodo.1299512,1299512,2018-06-28T07:10:35.451726+00:00,2023-03-06T11:42:20.564628+00:00,lexibank,other-open,https://zenodo.org/records/1299513,1299513,,dataset,https://github.com/lexibank/ids/tree/v1.0
7642971,"CLDF dataset accompanying Auderset et al.'s ""Subgrouping in a 'dialect continuum'"" from 2023","<p>Cite the source of the dataset as:</p>

<blockquote>
<p>Auderset, Sandra, Simon J. Greehnhill, Christian T. DiCanio, Eric W. Campbell. (2023) &quot;Subgrouping in a `dialect continuum&#x27;: A Bayesian phylogenetic analysis of the Mixtecan language family&quot;. Journal of Language Evolution.</p>
</blockquote>",,,v0.1,Sandra Auderset,Johann-Mattis List ; Johannes English ; Christoph Rzymski ; Eric W. Campbell ; Christian T. DiCanio,10.5281/zenodo.7642971,10.5281/zenodo.7642970,7642970,2023-02-15T10:59:11.528807+00:00,2023-02-16T02:26:45.567994+00:00,lexibank,cc-by-4.0,https://zenodo.org/records/7642971,7642971,cldf:Wordlist;linguistics,dataset,https://github.com/lexibank/mixtecansubgrouping/tree/v0.1
6660368,"CLDF dataset accompanying Brid et al.'s ""Comparative Wordlist for the Languages of the Gran Chaco Area"" from 2022","<p>Cite the source of the dataset as:</p>

<blockquote>
<p>Brid, Nicol&aacute;s, Cristina Messineo, and Johann-Mattis List (2022): A Comparative Wordlist for the Languages of the Gran Chaco Area. Leipzig: Max Planck Institute for Evolutionary Anthropology.</p>
</blockquote>",,,v0.2,Nicolás Brid ; Cristina Messineo ; Johann-Mattis List,,10.5281/zenodo.6660368,10.5281/zenodo.6656483,6656483,2022-06-18T18:45:13.974779+00:00,2023-02-10T07:33:35.281101+00:00,lexibank;calc;eu;digling,cc-by-4.0,https://zenodo.org/records/6660368,6660368,cldf:Wordlist;linguistics,dataset,https://github.com/lexibank/chacolanguages/tree/v0.2
6656484,"CLDF dataset accompanying Brid et al.'s ""Comparative Wordlist for the Languages of the Gran Chaco Area"" from 2022","<p>Cite the source of the dataset as:</p>

<blockquote>
<p>Brid, Nicol&aacute;s, Cristina Messineo, and Johann-Mattis List (2022): A Comparative Wordlist for the Languages of the Gran Chaco Area. Leipzig: Max Planck Institute for Evolutionary Anthropology.</p>
</blockquote>",,,v0.1,Nicolás Brid ; Cristina Messineo ; Johann-Mattis List,,10.5281/zenodo.6656484,10.5281/zenodo.6656483,6656483,2022-06-17T12:33:28.165849+00:00,2023-02-10T07:33:33.885936+00:00,lexibank;calc;eu;digling,cc-by-4.0,https://zenodo.org/records/6656484,6656484,cldf:Wordlist;linguistics,dataset,https://github.com/lexibank/chacolanguages/tree/v0.1
7318439,"CLDF dataset accompanying Zariquiey et al.'s ""Evolution of Body-Part Terminology in Pano"" from 2022","<p>Cite the source of the dataset as:</p>

<blockquote>
<p>Zariquiey, Roberte; Vera, Javier; Greenhill, Simon; Valenzuela, Pilar; Gray, Russell; List, Johann-Mattis (2022): Untangling the evolution of body-part terminology in Pano: conservative vs. innovative traits in body-part lexicalization. Royal Society Interface Focus. DOI: https://doi.org/10.1098/rsfs.2022.0053</p>
</blockquote>",,,v1.0,Roberto Zariquiey ; Javier Vera ; Pilar Valenzuela ; Simon Greenhill ; Johann-Mattis List,,10.5281/zenodo.7318439,10.5281/zenodo.7318438,7318438,2022-11-14T10:15:40.167327+00:00,2023-02-10T07:30:18.592930+00:00,lexibank,cc-by-4.0,https://zenodo.org/records/7318439,7318439,cldf:Wordlist;linguistics,dataset,https://github.com/lexibank/panobodyparts/tree/v1.0
7491751,"CLDF dataset derived from Blum et al.'s ""A phylolinguistic classification of the Quechua language family"" from 2023","<p>Cite the source of the dataset as:</p>

<blockquote>
<p>Blum, Frederic and Barrientos Ugarte, Carlos and Poirier, Zoe and Ingunza, Adriano. Accepted. A phylolinguistic classification of the Quechua language family. _Indiana_.</p>
</blockquote>",,,v1.1,Frederic Blum ; Carlos B. Ugarte ; Adriano Ingunza ; Zoe Poirier,Mattis List,10.5281/zenodo.7491751,10.5281/zenodo.5497509,5497509,2022-12-29T10:50:30.788655+00:00,2022-12-29T14:26:32.869657+00:00,lexibank,cc-by-4.0,https://zenodo.org/records/7491751,7491751,cldf:Wordlist;linguistics,dataset,https://github.com/lexibank/crossandean/tree/v1.1
5497510,"CLDF dataset derived from Blum et al.'s ""Una aproximación filolingüística a la clasificación interna del Quechua"" from 2021","<p>Cite the source of the dataset as:</p>

<blockquote>
<p>Blum, Frederic and Barrientos Ugarte, Carlos and Poirier, Zoe and Ingunza, Adriano. Forthcoming. Una aproximación filolingüística a la clasificación interna del Quechua. Talk to be presented at Red Europea para los Estudios Andinos, Tübingen.</p>
</blockquote>",,,v1.0,Frederic Blum ; Carlos B. Ugarte ; Adriano Ingunza ; Zoe Poirier,Mattis List,10.5281/zenodo.5497510,10.5281/zenodo.5497509,5497509,2021-09-09T09:22:02.213877+00:00,2022-12-29T10:50:30.979368+00:00,lexibank,cc-by-4.0,https://zenodo.org/records/5497510,5497510,cldf:Wordlist;linguistics,dataset,https://github.com/lexibank/crossandean/tree/v1.0
4534221,Hindu Kush Areal Typology,<p>Hindu Kush Areal Typology - datasets</p>,,,v1.0,Henrik Liljegren ; Robert Forkel ; Nina Knobloch ; Noa Lange,,10.5281/zenodo.4534221,10.5281/zenodo.4534220,4534220,2021-02-11T11:40:47.291359+00:00,2022-12-05T07:27:22.658913+00:00,cldf-datasets;clld;lexibank,cc-by-4.0,https://zenodo.org/records/4534221,4534221,cldf:StructureDataset;cldf:Wordlist;linguistics,dataset,https://github.com/cldf-datasets/liljegrenhindukush/tree/v1.0
7385533,The World Atlas of Language Structures Online,"<p>Cite the source of the dataset as:</p>

<blockquote>
<p>Dryer, Matthew S. &amp; Haspelmath, Martin (eds.) 2013. The World Atlas of Language Structures Online. Leipzig: Max Planck Institute for Evolutionary Anthropology. (Available online at https://wals.info)</p>
</blockquote>",,,v2020.3,Matthew Dryer ; Martin Haspelmath,Matthew Dryer ; Martin Haspelmath ; Robert Forkel,10.5281/zenodo.7385533,10.5281/zenodo.3606197,3606197,2022-12-01T09:40:17.933737+00:00,2022-12-02T14:27:17.142739+00:00,cldf-datasets;clld,cc-by-4.0,https://zenodo.org/records/7385533,7385533,cldf:StructureDataset;linguistics,dataset,https://github.com/cldf-datasets/wals/tree/v2020.3
6806407,The World Atlas of Language Structures Online,"<p>Cite the source of the dataset as:</p>

<blockquote>
<p>Dryer, Matthew S. &amp; Haspelmath, Martin (eds.) 2013. The World Atlas of Language Structures Online. Leipzig: Max Planck Institute for Evolutionary Anthropology. (Available online at https://wals.info)</p>
</blockquote>",,,v2020.2,Matthew Dryer ; Martin Haspelmath,Robert Forkel,10.5281/zenodo.6806407,10.5281/zenodo.3606197,3606197,2022-07-07T10:32:05.938147+00:00,2022-12-01T09:40:19.638431+00:00,cldf-datasets;clld,cc-by-4.0,https://zenodo.org/records/6806407,6806407,cldf:StructureDataset;linguistics,dataset,https://github.com/cldf-datasets/wals/tree/v2020.2
4683137,The World Atlas of Language Structures Online,"<p>Cite the source of the dataset as:</p>

<blockquote>
<p>Dryer, Matthew S. &amp; Haspelmath, Martin (eds.) 2013. The World Atlas of Language Structures Online. Leipzig: Max Planck Institute for Evolutionary Anthropology. (Available online at https://wals.info)</p>
</blockquote>",,,v2020.1,Matthew Dryer ; Martin Haspelmath,Robert Forkel,10.5281/zenodo.4683137,10.5281/zenodo.3606197,3606197,2021-04-13T11:11:37.943992+00:00,2022-12-01T09:40:19.400674+00:00,cldf-datasets;clld,cc-by-4.0,https://zenodo.org/records/4683137,4683137,cldf:StructureDataset;linguistics,dataset,https://github.com/cldf-datasets/wals/tree/v2020.1
3731125,cldf-datasets/wals: The World Atlas of Language Structures Online,"<p>Dryer, Matthew S. &amp; Haspelmath, Martin (eds.) 2013. The World Atlas of Language Structures Online. Jena: Max Planck Institute for the Science of Human History. (Available online at <a href=""https://wals.info"">https://wals.info</a>)</p>",,,v2020,Matthew Dryer ; Martin Haspelmath,Robert Forkel,10.5281/zenodo.3731125,10.5281/zenodo.3606197,3606197,2020-03-27T13:07:59.664082+00:00,2022-12-01T09:40:19.281486+00:00,cldf-datasets;clld,cc-by-4.0,https://zenodo.org/records/3731125,3731125,cldf:StructureDataset,dataset,https://github.com/cldf-datasets/wals/tree/v2020
3607439,cldf-datasets/wals: The World Atlas of Language Structures Online,"<p>Dryer, Matthew S. &amp; Haspelmath, Martin (eds.) 2013. The World Atlas of Language Structures Online. Jena: Max Planck Institute for the Science of Human History. (Available online at <a href=""https://wals.info"">https://wals.info</a>)</p>",,,v2014,Matthew Dryer ; Martin Haspelmath,Robert Forkel,10.5281/zenodo.3607439,10.5281/zenodo.3606197,3606197,2020-01-14T11:26:03.649115+00:00,2022-12-01T09:40:19.168990+00:00,cldf-datasets;clld,cc-by-4.0,https://zenodo.org/records/3607439,3607439,cldf:StructureDataset,dataset,https://github.com/cldf-datasets/wals/tree/v2014
3607047,cldf-datasets/wals: The World Atlas of Language Structures Online,"<p>Dryer, Matthew S. &amp; Haspelmath, Martin (eds.) 2013. The World Atlas of Language Structures Online. Jena: Max Planck Institute for the Science of Human History. (Available online at <a href=""https://wals.info"">https://wals.info</a>)</p>",,,v2013,Matthew Dryer ; Martin Haspelmath,Robert Forkel,10.5281/zenodo.3607047,10.5281/zenodo.3606197,3606197,2020-01-14T06:58:26.644375+00:00,2022-12-01T09:40:19.037535+00:00,cldf-datasets;clld,cc-by-4.0,https://zenodo.org/records/3607047,3607047,,dataset,https://github.com/cldf-datasets/wals/tree/v2013
3606403,cldf-datasets/wals: The World Atlas of Language Structures Online,"<p>Dryer, Matthew S. &amp; Haspelmath, Martin (eds.) 2011. The World Atlas of Language Structures Online. Leipzig: Max Planck Institute for Evolutionary Anthropology. (Available online at <a href=""https://wals.info"">https://wals.info</a>)</p>",,,v2011,Matthew Dryer ; Martin Haspelmath,Robert Forkel,10.5281/zenodo.3606403,10.5281/zenodo.3606197,3606197,2020-01-13T13:48:21.793489+00:00,2022-12-01T09:40:18.896164+00:00,cldf-datasets;clld,cc-by-4.0,https://zenodo.org/records/3606403,3606403,,dataset,https://github.com/cldf-datasets/wals/tree/v2011
3606198,cldf-datasets/wals: The World Atlas of Language Structures Online,"<p>Dryer, Matthew S. &amp; Haspelmath, Martin (eds.) 2008. The World Atlas of Language Structures Online. Leipzig: Max Planck Institute for Evolutionary Anthropology. (Available online at <a href=""https://wals.info"">https://wals.info</a>)</p>",,,v2008,Matthew Dryer ; Martin Haspelmath,Robert Forkel,10.5281/zenodo.3606198,10.5281/zenodo.3606197,3606197,2020-01-13T11:53:15.452978+00:00,2022-12-01T09:40:18.678676+00:00,cldf-datasets;clld,cc-by-4.0,https://zenodo.org/records/3606198,3606198,,dataset,https://github.com/cldf-datasets/wals/tree/v2008
7371912,IMTVault,"<p>Cite the source of the dataset as:</p>

<blockquote>
<p>Krämer, Thomas, and Sebastian Nordhoff. 2022. &quot;IMTVault: Extracting and Enriching Low-resource Language Interlinear Glossed Text from Grammatical Descriptions and Typological Survey Articles: Proceedings of The 8th Workshop on Linked Data in Linguistics within the 13th Language Resources and Evaluation Conference.&quot; 13th Language Resources and Evaluation Conference lREC 2022, LREC 2022, Marseille, 24.06.2022.</p>
</blockquote>",,,v1.0,Sebastian Nordhoff ; Robert Forkel,,10.5281/zenodo.7371912,10.5281/zenodo.7371911,7371911,2022-11-28T11:57:17.111313+00:00,2022-11-28T14:26:38.323033+00:00,cldf-datasets,cc-by-4.0,https://zenodo.org/records/7371912,7371912,cldf:Generic;linguistics,dataset,https://github.com/cldf-datasets/imtvault/tree/v1.0
7322688,World Atlas of Classifier Languages,"<p>Cite the source of the dataset as:</p>

<blockquote>
<p>Her, One-Soon, Harald Hammarström and Marc Allassonnière-Tang. 2022. Defining numeral classifiers and identifying classifier languages of the world. Linguistics Vanguard. https://doi.org/10.1515/lingvan-2022-0006</p>
</blockquote>",,,v1.0.0,One-Soon Her ; Harald Hammarström ; Marc Allassonnière-Tang,Marc Allassonnière-Tang ; Robert Forkel,10.5281/zenodo.7322688,10.5281/zenodo.7322687,7322687,2022-11-15T08:57:40.458573+00:00,2022-11-15T14:26:31.781385+00:00,cldf-datasets,cc-by-4.0,https://zenodo.org/records/7322688,7322688,cldf:StructureDataset;linguistics,dataset,https://github.com/cldf-datasets/wacl/tree/v1.0.0
7312927,"Database of Cross-Linguistic Norms, Ratings, and Relations for Words and Concepts as CLDF dataset","<p>Cite the source of the dataset as:</p>

<blockquote>
<p>Tjuka, Annika, Robert Forkel, and Johann-Mattis List. 2022. Linking Norms, Ratings, and Relations of Words and Concepts Across Multiple Language Varieties. Behavior Research Methods 54. 864&ndash;884. DOI: 10.3758/s13428-021-01650-1</p>
</blockquote>",,,v1.0.0,Annika Tjuka ; Robert Forkel ; Johann-Mattis List,,10.5281/zenodo.7312927,10.5281/zenodo.7312926,7312926,2022-11-11T07:52:04.273097+00:00,2022-11-11T14:26:26.018860+00:00,cldf-datasets;eu,cc-by-4.0,https://zenodo.org/records/7312927,7312927,cldf:Wordlist;linguistics,dataset,https://github.com/concepticon/norare-cldf/tree/v1.0.0
7232746,Kinbank: A global database of kinship terminology,<p>The data repository for the Kinbank dataset </p>,,,v1.1,Sam Passmore ; Wolfgang Barth ; Simon Greenhill ; Kyla Quinn ; Catherine Sheard ; Paraskevi Argyriou ; Joshua Birchall ; Claire Bowern ; Jasmine Calladine ; Angarika Deb ; Anouk Diederen ; Niklas P.  Metsäranta ; Jo Hickey-Hall ; Terhi Honkola ; Alice Mitchell ; Lucy Poole ; Péter Rácz ; Sean Roberts ; Robert Ross ; Ewan Thomas-Colquhoun ; Nicholas D Evans ; Fiona M Jordan,Sam Passmore,10.5281/zenodo.7232746,10.5281/zenodo.4020441,4020441,2022-10-21T00:59:09.998812+00:00,2022-10-27T12:26:37.168991+00:00,cldf-datasets,cc-by-nc-4.0,https://zenodo.org/records/7232746,7232746,cultural-heritage,dataset,https://github.com/kinbank/kinbank/tree/v1.1
6471794,Kinbank: A global database of kinship terminology,<p>The data repository for the Kinbank dataset </p>,,,v1.0,Sam Passmore ; Wolfgang Barth ; Simon Greenhill ; Kyla Quinn ; Catherine Sheard ; Paraskevi Argyriou ; Joshua Birchall ; Claire Bowern ; Jasmine Calladine ; Angarika Deb ; Anouk Diederen ; Niklas P.  Metsäranta ; Jo Hickey-Hall ; Terhi Honkola ; Alice Mitchell ; Lucy Poole ; Péter Rácz ; Sean Roberts ; Robert Ross ; Ewan Thomas-Colquhoun ; Nicholas D Evans ; Fiona M Jordan,Sam Passmore,10.5281/zenodo.6471794,10.5281/zenodo.4020441,4020441,2022-04-20T04:51:31.230941+00:00,2022-10-27T12:26:37.103778+00:00,cldf-datasets,cc-by-nc-4.0,https://zenodo.org/records/6471794,6471794,cultural-heritage,dataset,https://github.com/kinbank/kinbank/tree/v1.0
4020442,kinbank/kinbank: Version for Sam's thesis,<p>This release will be archived on zenodo for reference in Sam's PhD thesis.</p>,,,v0.2,SamPassmore ; Jasmine Calladine ; Simon J Greenhill ; jtbirchall ; tekahon,,10.5281/zenodo.4020442,10.5281/zenodo.4020441,4020441,2020-09-09T10:04:07.405259+00:00,2022-10-27T12:26:36.264447+00:00,cldf-datasets,other-open,https://zenodo.org/records/4020442,4020442,,software,https://github.com/kinbank/kinbank/tree/v0.2
7233267,GEnes and LAnguages TOgether,"<p>Cite the source of the dataset as:</p>

<blockquote>
<p>Barbieri et al. 2022. A global analysis of matches and mismatches between human genetic and linguistic histories. PNAS. DOI: 10.1073/pnas.2122084119</p>
</blockquote>",,,v1.0,Chiara Barbieri ; Damián Blasi ; Robert Forkel,Chiara Barbieri ; Damián Blasi ; Robert Forkel ; Epifanía Arango-Isaza ; Alexandros G. Sotiropoulos ; Harald Hammarström ; Søren Wichmann ; Simon J. Greenhill ; Russell D. Gray ; Balthasar Bickel ; Kentaro K. Shimizu,10.5281/zenodo.7233267,10.5281/zenodo.7233266,7233266,2022-10-21T06:05:09.034878+00:00,2022-10-21T15:21:33.610599+00:00,cldf-datasets,cc-by-nc-4.0,https://zenodo.org/records/7233267,7233267,cldf:StructureDataset;linguistics,dataset,https://github.com/gelato-org/gelato-data/tree/v1.0
7233035,Kinura: A database of kinship terminology from the Uralic Language family,<p>The data repository for the Kinura dataset </p>,,,v1.0,Terhi Honkola ; Niklas Metsäranta ; Veronika Milanova ; Sam Passmore ; Fiona M Jordan,Sam Passmore,10.5281/zenodo.7233035,10.5281/zenodo.6673054,6673054,2022-10-21T04:02:52.719833+00:00,2022-10-21T14:26:48.842663+00:00,cldf-datasets,cc-by-nc-4.0,https://zenodo.org/records/7233035,7233035,cultural-heritage,dataset,https://github.com/kinbank/kinura/tree/v1.0
6673055,Kinura: A database of kinship terminology from the Uralic Language family,<p>The data repository for the Kinura dataset </p>,,,v0.1,Terhi Honkola ; Niklas Metsäranta ; Veronika Milanova ; Sam Passmore ; Fiona M Jordan,Sam Passmore,10.5281/zenodo.6673055,10.5281/zenodo.6673054,6673054,2022-06-21T05:19:47.314046+00:00,2022-10-21T04:02:53.129053+00:00,cldf-datasets,cc-by-nc-4.0,https://zenodo.org/records/6673055,6673055,cultural-heritage,dataset,https://github.com/kinbank/kinura/tree/v0.1
7218387,MPEGKin: A database of kinship terminology from the Tupian and Cariban language families,<p>The data repository for the MPEGKin dataset </p>,,,v1.1,Joshua Birchall ; Luis Henrique Araujo ; Sam Passmore ; Fiona M Jordan,Sam Passmore,10.5281/zenodo.7218387,10.5281/zenodo.6474212,6474212,2022-10-18T02:39:37.700516+00:00,2022-10-19T06:24:24.786922+00:00,cldf-datasets,cc-by-nc-4.0,https://zenodo.org/records/7218387,7218387,cultural-heritage,dataset,https://github.com/kinbank/goeldi/tree/v1.1
6474213,MPEGKin: A database of kinship terminology from the Tupian and Cariban language families,<p>The data repository for the MPEGKin dataset </p>,,,v1.0,Joshua Birchall ; Luis Henrique Araujo ; Sam Passmore ; Fiona M Jordan,Sam Passmore,10.5281/zenodo.6474213,10.5281/zenodo.6474212,6474212,2022-04-21T00:53:28.284253+00:00,2022-10-19T06:24:24.618215+00:00,cldf-datasets,cc-by-nc-4.0,https://zenodo.org/records/6474213,6474213,cultural-heritage,dataset,https://github.com/kinbank/goeldi/tree/v1.0
7218495,Parabank: A global collection of kinship terminology,<p>The data repository for the Parabank dataset </p>,,,v1.1,Wolfgang Barth ; Simon Greenhill ; Kyla Quinn ; Sam Passmore ; Fiona M Jordan ; Nicholas D Evans,Sam Passmore,10.5281/zenodo.7218495,10.5281/zenodo.6562600,6562600,2022-10-18T02:54:01.868171+00:00,2022-10-19T06:24:22.381102+00:00,cldf-datasets,cc-by-nc-4.0,https://zenodo.org/records/7218495,7218495,cultural-heritage,dataset,https://github.com/kinbank/parabank/tree/v1.1
6562601,Parabank: A global collection of kinship terminology,<p>The data repository for the Parabank dataset </p>,,,v1.0,Wolfgang Barth ; Simon Greenhill ; Kyla Quinn ; Sam Passmore ; Fiona M Jordan ; Nicholas D Evans,Sam Passmore,10.5281/zenodo.6562601,10.5281/zenodo.6562600,6562600,2022-05-19T04:35:07.032927+00:00,2022-10-19T06:24:22.281872+00:00,cldf-datasets,cc-by-nc-4.0,https://zenodo.org/records/6562601,6562601,cultural-heritage,dataset,https://github.com/kinbank/parabank/tree/v1.0
7218606,Varikin: A global collection of kinship terminology,<p>The data repository for the Varikin dataset </p>,,,v1.1,Sam Passmore ; Catherine Sheard ; Paraskevi Argyriou ; Claire Bowern ; Jasmine Calladine ; Angarika Deb ; Anouk Diederen ; Jo Hickey-Hall ; Terhi Honkola ; Alice Mitchell ; Lucy Poole ; Péter Rácz ; Sean Roberts ; Robert Ross ; Ewan Thomas-Colquhoun ; Fiona M Jordan,Sam Passmore,10.5281/zenodo.7218606,10.5281/zenodo.6562608,6562608,2022-10-18T03:10:31.887719+00:00,2022-10-19T06:24:20.171941+00:00,cldf-datasets,cc-by-nc-4.0,https://zenodo.org/records/7218606,7218606,cultural-heritage,dataset,https://github.com/kinbank/varikin/tree/v1.1
6562609,Varikin: A global collection of kinship terminology,<p>The data repository for the Varikin dataset </p>,,,v1.0,Sam Passmore ; Catherine Sheard ; Paraskevi Argyriou ; Claire Bowern ; Jasmine Calladine ; Angarika Deb ; Anouk Diederen ; Jo Hickey-Hall ; Terhi Honkola ; Alice Mitchell ; Lucy Poole ; Péter Rácz ; Sean Roberts ; Robert Ross ; Ewan Thomas-Colquhoun ; Fiona M Jordan,Sam Passmore,10.5281/zenodo.6562609,10.5281/zenodo.6562608,6562608,2022-05-19T04:50:19.217074+00:00,2022-10-19T06:24:19.869841+00:00,cldf-datasets,cc-by-nc-4.0,https://zenodo.org/records/6562609,6562609,cultural-heritage,dataset,https://github.com/kinbank/varikin/tree/v1.0
7096350,The Tsez Annotated Corpus Project,"<p>Cite the source of the dataset as:</p>

<blockquote>
<p>Abdulaev, A.K. &amp; I. K. Abdullaev. 2010. Cezyas folklor/Dido (Tsez) folklore/Didojskij (cezskij) fol´klor. Leipzig–Makhachkala: ""Lotos"".</p>
</blockquote>",,,v1.0,A.K. Abdulaev ; I.K. Abdullaev ; André Müller ; Evgeniya Zhivotova ; Bernard Comrie,Bernard Comrie ; Ilya Khait ; Robert Forkel,10.5281/zenodo.7096350,10.5281/zenodo.7096349,7096349,2022-09-20T09:56:55.469745+00:00,2022-09-20T14:26:21.300378+00:00,cldf-datasets,cc-by-4.0,https://zenodo.org/records/7096350,7096350,cldf:Dictionary;linguistics,dataset,https://github.com/cldf-datasets/tsezacp/tree/v1.0
7079637,"CLDF dataset derived from Wichmann et al.'s ""ASJP Database"" v20 from 2022","<p>Cite the source of the dataset as:</p>

<blockquote>
<p>Wichmann, Søren, Eric W. Holman, and Cecil H. Brown (eds.). 2022. The ASJP Database (version 20).</p>
</blockquote>",,,v20,Søren Wichmann ; Eric W. Holman ; Cecil H. Brown,Søren Wichmann ; Søren Wichmann ; Søren Wichmann ; Søren Wichmann ; André Müller ; Ann-Katrin Wett ; Viveka Velupillai ; Julia Bischoffberger ; Eric W. Holman ; Cecil H. Brown ; Cecil H. Brown ; Sebastian Sauppe ; Zarina Molochieva ; Pamela Brown ; Oleg Belyaev ; Johann-Mattis List ; Dmitry Egorov ; Matthias Urban ; Robert Mailhammer ; Agustina Carrizo ; Matthew S. Dryer ; Evgenia Korovina ; David Beck ; Helen Geyer ; Patience Epps ; Anthony Grant ; Arjan Mossel ; Darja Appelganz ; Dickson Pagente ; Danli Wu ; Guillaume Segerer ; Ke Xu ; Mark Donohue ; Matthias Pache ; Pengfei Chen ; Paul Sidwell ; Qibin Ran ; Tessa de Mol-van Valen ; Yuzhu Liang ; Yue Sun ; Robert Forkel ; Tiago Tresoldi,10.5281/zenodo.7079637,10.5281/zenodo.3835822,3835822,2022-09-14T15:22:57.540354+00:00,2022-09-15T02:26:26.816392+00:00,lexibank,cc-by-4.0,https://zenodo.org/records/7079637,7079637,cldf:Wordlist;linguistics,dataset,https://github.com/lexibank/asjp/tree/v20
3843469,"CLDF dataset derived from Wichmann et al.'s ""ASJP Database"" v19 from 2020","<p>Cite the source of the dataset as:</p>

<blockquote>
<p>Wichmann, Søren, Eric W. Holman, and Cecil H. Brown (eds.). 2020. The ASJP Database (version 19).</p>
</blockquote>",,,v19.1,Søren Wichmann ; Eric W. Holman ; Cecil H. Brown ; Robert Forkel ; Tiago Tresoldi,Søren Wichmann ; Søren Wichmann ; Søren Wichmann ; Søren Wichmann ; André Müller ; Ann-Katrin Wett ; Viveka Velupillai ; Julia Bischoffberger ; Eric W. Holman ; Cecil H. Brown ; Cecil H. Brown ; Sebastian Sauppe ; Zarina Molochieva ; Pamela Brown ; Oleg Belyaev ; Johann-Mattis List ; Dmitry Egorov ; Matthias Urban ; Robert Mailhammer ; Agustina Carrizo ; Matthew S. Dryer ; Evgenia Korovina ; David Beck ; Helen Geyer ; Patience Epps ; Anthony Grant ; Arjan Mossel ; Darja Appelganz ; Dickson Pagente ; Danli Wu ; Guillaume Segerer ; Ke Xu ; Mark Donohue ; Matthias Pache ; Pengfei Chen ; Paul Sidwell ; Qibin Ran ; Tessa de Mol-van Valen ; Yuzhu Liang ; Yue Sun,10.5281/zenodo.3843469,10.5281/zenodo.3835822,3835822,2020-05-25T15:01:24.416711+00:00,2022-09-14T15:23:00.445434+00:00,lexibank,cc-by-4.0,https://zenodo.org/records/3843469,3843469,cldf:Wordlist;linguistics,dataset,https://github.com/lexibank/asjp/tree/v19.1
3840975,"CLDF dataset derived from Wichmann et al.'s ""ASJP Database"" v19 from 2020","<p>Cite the source of the dataset as:</p>

<blockquote>
<p>Wichmann, Søren, Eric W. Holman, and Cecil H. Brown (eds.). 2020. The ASJP Database (version 19).</p>
</blockquote>",,,v19,Søren Wichmann ; Eric W. Holman ; Cecil H. Brown ; Robert Forkel ; Tiago Tresoldi,Søren Wichmann ; Søren Wichmann ; Søren Wichmann ; Søren Wichmann ; André Müller ; Ann-Katrin Wett ; Viveka Velupillai ; Julia Bischoffberger ; Eric W. Holman ; Cecil H. Brown ; Cecil H. Brown ; Sebastian Sauppe ; Zarina Molochieva ; Pamela Brown ; Oleg Belyaev ; Johann-Mattis List ; Dmitry Egorov ; Matthias Urban ; Robert Mailhammer ; Agustina Carrizo ; Matthew S. Dryer ; Evgenia Korovina ; David Beck ; Helen Geyer ; Patience Epps ; Anthony Grant ; Arjan Mossel ; Darja Appelganz ; Dickson Pagente ; Danli Wu ; Guillaume Segerer ; Ke Xu ; Mark Donohue ; Matthias Pache ; Pengfei Chen ; Paul Sidwell ; Qibin Ran ; Tessa de Mol-van Valen ; Yuzhu Liang ; Yue Sun,10.5281/zenodo.3840975,10.5281/zenodo.3835822,3835822,2020-05-23T09:21:29.522622+00:00,2022-09-14T15:23:00.173990+00:00,lexibank,cc-by-4.0,https://zenodo.org/records/3840975,3840975,cldf:Wordlist;linguistics,dataset,https://github.com/lexibank/asjp/tree/v19
3835952,"CLDF dataset derived from Wichmann et al.'s ""ASJP Database"" v18 from 2018","<p>Cite the source of the dataset as:</p>

<blockquote>
<p>Wichmann, Søren, Eric W. Holman, and Cecil H. Brown (eds.). 2018. The ASJP Database (version 18).</p>
</blockquote>",,,v18,Søren Wichmann ; Eric W. Holman ; Cecil H. Brown ; Robert Forkel ; Tiago Tresoldi,Søren Wichmann ; Søren Wichmann ; Søren Wichmann ; Søren Wichmann ; André Müller ; Ann-Katrin Wett ; Viveka Velupillai ; Julia Bischoffberger ; Eric W. Holman ; Cecil H. Brown ; Cecil H. Brown ; Sebastian Sauppe ; Zarina Molochieva ; Pamela Brown ; Oleg Belyaev ; Johann-Mattis List ; Dmitry Egorov ; Matthias Urban ; Robert Mailhammer ; Agustina Carrizo ; Matthew S. Dryer ; Evgenia Korovina ; David Beck ; Helen Geyer ; Patience Epps ; Anthony Grant ; Arjan Mossel ; Darja Appelganz ; Dickson Pagente ; Danli Wu ; Guillaume Segerer ; Ke Xu ; Mark Donohue ; Matthias Pache ; Pengfei Chen ; Paul Sidwell ; Qibin Ran ; Tessa de Mol-van Valen ; Yuzhu Liang ; Yue Sun,10.5281/zenodo.3835952,10.5281/zenodo.3835822,3835822,2020-05-20T14:49:22.756963+00:00,2022-09-14T15:22:59.910607+00:00,lexibank,cc-by-4.0,https://zenodo.org/records/3835952,3835952,cldf:Wordlist;linguistics,dataset,https://github.com/lexibank/asjp/tree/v18
3835942,"CLDF dataset derived from Wichmann et al.'s ""ASJP Database"" v17 from 2016","<p>Cite the source of the dataset as:</p>

<blockquote>
<p>Wichmann, Søren, Eric W. Holman, and Cecil H. Brown (eds.). 2016. The ASJP Database (version 17).</p>
</blockquote>",,,v17,Søren Wichmann ; Eric W. Holman ; Cecil H. Brown ; Robert Forkel ; Tiago Tresoldi,Søren Wichmann ; Søren Wichmann ; Søren Wichmann ; Søren Wichmann ; André Müller ; Ann-Katrin Wett ; Viveka Velupillai ; Julia Bischoffberger ; Eric W. Holman ; Cecil H. Brown ; Cecil H. Brown ; Sebastian Sauppe ; Zarina Molochieva ; Pamela Brown ; Oleg Belyaev ; Johann-Mattis List ; Dmitry Egorov ; Matthias Urban ; Robert Mailhammer ; Agustina Carrizo ; Matthew S. Dryer ; Evgenia Korovina ; David Beck ; Helen Geyer ; Patience Epps ; Anthony Grant ; Arjan Mossel ; Darja Appelganz ; Dickson Pagente ; Danli Wu ; Guillaume Segerer ; Ke Xu ; Mark Donohue ; Matthias Pache ; Pengfei Chen ; Paul Sidwell ; Qibin Ran ; Tessa de Mol-van Valen ; Yuzhu Liang ; Yue Sun,10.5281/zenodo.3835942,10.5281/zenodo.3835822,3835822,2020-05-20T14:40:13.922521+00:00,2022-09-14T15:22:59.687799+00:00,lexibank,cc-by-4.0,https://zenodo.org/records/3835942,3835942,cldf:Wordlist;linguistics,dataset,https://github.com/lexibank/asjp/tree/v17
3835925,"CLDF dataset derived from Wichmann et al.'s ""ASJP Database"" v16 from 2013","<p>Cite the source of the dataset as:</p>

<blockquote>
<p>Wichmann, Søren, André Müller, Annkathrin Wett, Viveka Velupillai, Julia Bischoffberger, Cecil H. Brown, Eric W. Holman, Sebastian Sauppe, Zarina Molochieva, Pamela Brown, Harald Hammarström, Oleg Belyaev, Johann-Mattis List, Dik Bakker, Dmitry Egorov, Matthias Urban, Robert Mailhammer, Agustina Carrizo, Matthew S. Dryer, Evgenia Korovina, David Beck, Helen Geyer, Pattie Epps, Anthony Grant, and Pilar Valenzuela. 2013. The ASJP Database (version 16).</p>
</blockquote>",,,v16,Søren Wichmann ; André Müller ; Ann-Katrin Wett ; Viveka Velupillai ; Julia Bischoffberger ; Cecil H. Brown ; Eric W. Holman ; Sebastian Sauppe ; Zarina Molochieva ; Pamela Brown ; Harald Hammarström ; Oleg Belyaev ; Johann-Mattis List ; Dik Bakker ; Dmitry Egorov ; Matthias Urban ; Robert Mailhammer ; Agustina Carrizo ; Matthew S. Dryer ; Evgenia Korovina ; David Beck ; Helen Geyer ; Patience Epps ; Anthony Grant ; Pilar Valenzuela ; Robert Forkel ; Tiago Tresoldi,Søren Wichmann ; Søren Wichmann ; Søren Wichmann ; Søren Wichmann ; André Müller ; Ann-Katrin Wett ; Viveka Velupillai ; Julia Bischoffberger ; Cecil H. Brown ; Sebastian Sauppe ; Zarina Molochieva ; Pamela Brown ; Oleg Belyaev ; Johann-Mattis List ; Dmitry Egorov ; Matthias Urban ; Robert Mailhammer ; Agustina Carrizo ; Matthew S. Dryer ; Evgenia Korovina ; David Beck ; Helen Geyer ; Patience Epps ; Anthony Grant ; Arjan Mossel ; Darja Appelganz ; Dickson Pagente ; Danli Wu ; Guillaume Segerer ; Ke Xu ; Mark Donohue ; Matthias Pache ; Pengfei Chen ; Paul Sidwell ; Qibin Ran ; Tessa de Mol-van Valen ; Yuzhu Liang ; Yue Sun,10.5281/zenodo.3835925,10.5281/zenodo.3835822,3835822,2020-05-20T14:27:56.454904+00:00,2022-09-14T15:22:59.362390+00:00,lexibank,cc-by-4.0,https://zenodo.org/records/3835925,3835925,cldf:Wordlist;linguistics,dataset,https://github.com/lexibank/asjp/tree/v16
3835901,"CLDF dataset derived from Wichmann et al.'s ""ASJP Database"" v15 from 2012","<p>Cite the source of the dataset as:</p>

<blockquote>
<p>Wichmann, Søren, André Müller, Viveka Velupillai, Annkathrin Wett, Cecil H. Brown, Zarina Molochieva, Julia Bishoffberger, Eric W. Holman, Sebastian Sauppe, Pamela Brown, Dik Bakker, Johann-Mattis List, Dmitry Egorov, Oleg Belyaev, Matthias Urban, Harald Hammarström, Agustina Carrizo, Robert Mailhammer, Helen Geyer, David Beck, Evgenia Korovina, Pattie Epps, Pilar Valenzuela, and Anthony Grant. 2012. The ASJP Database (version 15).</p>
</blockquote>",,,v15,Søren Wichmann ; André Müller ; Viveka Velupillai ; Ann-Katrin Wett ; Cecil H. Brown ; Zarina Molochieva ; Julia Bischoffberger ; Eric W. Holman ; Sebastian Sauppe ; Pamela Brown ; Dik Bakker ; Johann-Mattis List ; Dmitry Egorov ; Oleg Belyaev ; Matthias Urban ; Harald Hammarström ; Agustina Carrizo ; Robert Mailhammer ; Helen Geyer ; David Beck ; Evgenia Korovina ; Patience Epps ; Pilar Valenzuela ; Anthony Grant ; Robert Forkel ; Tiago Tresoldi,Søren Wichmann ; Søren Wichmann ; Søren Wichmann ; Søren Wichmann ; André Müller ; Viveka Velupillai ; Ann-Katrin Wett ; Cecil H. Brown ; Zarina Molochieva ; Julia Bischoffberger ; Sebastian Sauppe ; Pamela Brown ; Johann-Mattis List ; Dmitry Egorov ; Oleg Belyaev ; Matthias Urban ; Agustina Carrizo ; Robert Mailhammer ; Helen Geyer ; David Beck ; Evgenia Korovina ; Patience Epps ; Anthony Grant ; Arjan Mossel ; Darja Appelganz ; Dickson Pagente ; Danli Wu ; Guillaume Segerer ; Ke Xu ; Mark Donohue ; Matthias Pache ; Matthew S. Dryer ; Pengfei Chen ; Paul Sidwell ; Qibin Ran ; Tessa de Mol-van Valen ; Yuzhu Liang ; Yue Sun,10.5281/zenodo.3835901,10.5281/zenodo.3835822,3835822,2020-05-20T14:10:45.898624+00:00,2022-09-14T15:22:59.120286+00:00,lexibank,cc-by-4.0,https://zenodo.org/records/3835901,3835901,cldf:Wordlist;linguistics,dataset,https://github.com/lexibank/asjp/tree/v15
3835887,"CLDF dataset derived from Wichmann et al.'s ""ASJP Database"" v14 from 2011","<p>Cite the source of the dataset as:</p>

<blockquote>
<p>Wichmann, Søren, André Müller, Viveka Velupillai, Annkathrin Wett, Cecil H. Brown, Zarina Molochieva, Sebastian Sauppe, Eric W. Holman, Pamela Brown, Julia Bishoffberger, Dik Bakker, Johann-Mattis List, Dmitry Egorov, Oleg Belyaev, Matthias Urban, Robert Mailhammer, Helen Geyer, David Beck, Evgenia Korovina, Pattie Epps, Pilar Valenzuela, Anthony Grant, and Harald Hammarström. 2011. The ASJP Database (version 14).</p>
</blockquote>",,,v14,Søren Wichmann ; André Müller ; Viveka Velupillai ; Ann-Katrin Wett ; Cecil H. Brown ; Zarina Molochieva ; Sebastian Sauppe ; Eric W. Holman ; Pamela Brown ; Julia Bischoffberger ; Dik Bakker ; Johann-Mattis List ; Dmitry Egorov ; Oleg Belyaev ; Matthias Urban ; Robert Mailhammer ; Helen Geyer ; David Beck ; Evgenia Korovina ; Patience Epps ; Pilar Valenzuela ; Anthony Grant ; Harald Hammarström ; Robert Forkel ; Tiago Tresoldi,Søren Wichmann ; Søren Wichmann ; Søren Wichmann ; Søren Wichmann ; André Müller ; Viveka Velupillai ; Ann-Katrin Wett ; Cecil H. Brown ; Zarina Molochieva ; Sebastian Sauppe ; Pamela Brown ; Julia Bischoffberger ; Johann-Mattis List ; Dmitry Egorov ; Oleg Belyaev ; Matthias Urban ; Robert Mailhammer ; Helen Geyer ; David Beck ; Evgenia Korovina ; Patience Epps ; Anthony Grant ; Agustina Carrizo ; Arjan Mossel ; Darja Appelganz ; Dickson Pagente ; Danli Wu ; Guillaume Segerer ; Ke Xu ; Mark Donohue ; Matthias Pache ; Matthew S. Dryer ; Pengfei Chen ; Paul Sidwell ; Qibin Ran ; Tessa de Mol-van Valen ; Yuzhu Liang ; Yue Sun,10.5281/zenodo.3835887,10.5281/zenodo.3835822,3835822,2020-05-20T14:00:53.053115+00:00,2022-09-14T15:22:58.840566+00:00,lexibank,cc-by-4.0,https://zenodo.org/records/3835887,3835887,cldf:Wordlist;linguistics,dataset,https://github.com/lexibank/asjp/tree/v14
3835872,"CLDF dataset derived from Wichmann et al.'s ""ASJP Database"" v13 from 2010","<p>Cite the source of the dataset as:</p>

<blockquote>
<p>Wichmann, Søren, André Müller, Viveka Velupillai, Cecil H. Brown, Eric W. Holman, Pamela Brown, Sebastian Sauppe, Oleg Belyaev, Matthias Urban, Zarina Molochieva, Annkathrin Wett, Dik Bakker, Johann-Mattis List, Dmitry Egorov, Robert Mailhammer, David Beck, and Helen Geyer. 2010. The ASJP Database (version 13).</p>
</blockquote>",,,v13,Søren Wichmann ; André Müller ; Viveka Velupillai ; Cecil H. Brown ; Eric W. Holman ; Pamela Brown ; Matthias Urban ; Sebastian Sauppe ; Oleg Belyaev ; Zarina Molochieva ; Dik Bakker ; Johann-Mattis List ; Dmitry Egorov ; Robert Mailhammer ; David Beck ; Helen Geyer ; Robert Forkel ; Tiago Tresoldi,Søren Wichmann ; Søren Wichmann ; Søren Wichmann ; Søren Wichmann ; Agustina Carrizo ; Anthony Grant ; André Müller ; Arjan Mossel ; Viveka Velupillai ; Cecil H. Brown ; Pamela Brown ; Matthias Urban ; Sebastian Sauppe ; Oleg Belyaev ; Zarina Molochieva ; Ann-Katrin Wett ; Johann-Mattis List ; Dmitry Egorov ; Robert Mailhammer ; David Beck ; Helen Geyer ; Darja Appelganz ; Dickson Pagente ; Danli Wu ; Evgenia Korovina ; Guillaume Segerer ; Julia Bischoffberger ; Ke Xu ; Mark Donohue ; Matthias Pache ; Matthew S. Dryer ; Pengfei Chen ; Patience Epps ; Paul Sidwell ; Qibin Ran ; Tessa de Mol-van Valen ; Yuzhu Liang ; Yue Sun,10.5281/zenodo.3835872,10.5281/zenodo.3835822,3835822,2020-05-20T13:45:30.285602+00:00,2022-09-14T15:22:58.500586+00:00,lexibank,cc-by-4.0,https://zenodo.org/records/3835872,3835872,cldf:Wordlist;linguistics,dataset,https://github.com/lexibank/asjp/tree/v13
3835823,"CLDF dataset derived from Wichmann et al.'s ""ASJP Database"" from 2010","<p>Cite the source of the dataset as:</p>

<blockquote>
<p>Wichmann, Søren, André Müller, Viveka Velupillai, Cecil H. Brown, Eric W. Holman, Pamela Brown, Matthias Urban, Sebastian Sauppe, Oleg Belyaev, Zarina Molochieva, Annkathrin Wett, Dik Bakker, Johann-Mattis List, Dmitry Egorov, Robert Mailhammer, and Helen Geyer. 2010. The ASJP Database (Version 12).</p>
</blockquote>",,,v12,Søren Wichmann ; André Müller ; Viveka Velupillai ; Cecil H. Brown ; Eric W. Holman ; Pamela Brown ; Matthias Urban ; Sebastian Sauppe ; Oleg Belyaev ; Zarina Molochieva ; Dik Bakker ; Johann-Mattis List ; Dmitry Egorov ; Robert Mailhammer ; Helen Geyer ; Robert Forkel ; Tiago Tresoldi,Søren Wichmann ; Søren Wichmann ; Søren Wichmann ; Søren Wichmann ; Agustina Carrizo ; Anthony Grant ; André Müller ; Arjan Mossel ; Viveka Velupillai ; Cecil H. Brown ; Pamela Brown ; Matthias Urban ; Sebastian Sauppe ; Oleg Belyaev ; Zarina Molochieva ; Ann-Katrin Wett ; Johann-Mattis List ; Dmitry Egorov ; Robert Mailhammer ; Helen Geyer ; Darja Appelganz ; David Beck ; Dickson Pagente ; Danli Wu ; Evgenia Korovina ; Guillaume Segerer ; Julia Bischoffberger ; Ke Xu ; Mark Donohue ; Matthias Pache ; Matthew S. Dryer ; Pengfei Chen ; Patience Epps ; Paul Sidwell ; Qibin Ran ; Tessa de Mol-van Valen ; Yuzhu Liang ; Yue Sun,10.5281/zenodo.3835823,10.5281/zenodo.3835822,3835822,2020-05-20T13:15:11.659228+00:00,2022-09-14T15:22:58.210221+00:00,lexibank,cc-by-4.0,https://zenodo.org/records/3835823,3835823,cldf:Wordlist;linguistics,dataset,https://github.com/lexibank/asjp/tree/v12
6867616,"CLDF Dataset accompanying Greenhill et al.'s ""Origin of Uto-Aztecan"" from 2022","<p>Cite the source of the dataset as:</p>

<blockquote>
<p>Greenhill, Simon J., Hannah J. Haynie, Robert M. Ross, Angela M. Chira, List, Johann-Mattis, Lyle Campbell, Carlos A. Botero, and Russell D. Gray (2022): A recent northern origin for the Uto-Aztecan family. Leipzig: Max Planck Institute for Evolutionary Anthropology.</p>
</blockquote>",,,v1.2,"Greenhill, Simon J. ; Hannah J. Haynie ; Robert M. Ross ; Angela M. Chira ; List, Johann-Mattis ; Lyle Campbell ; Carlos A. Botero ; Russell D. Gray",,10.5281/zenodo.6867616,10.5281/zenodo.4691101,4691101,2022-07-20T13:23:34.733771+00:00,2022-07-21T01:49:53.907991+00:00,lexibank,cc-by-4.0,https://zenodo.org/records/6867616,6867616,cldf:Wordlist;linguistics,dataset,https://github.com/lexibank/utoaztecan/tree/v1.2
5173799,"CLDF Dataset accompanying Greenhill et al.'s ""Origin of Uto-Aztecan"" from 2021","<p>Cite the source of the dataset as:</p>

<blockquote>
<p>Greenhill, Simon J., Hannah J. Haynie, Robert M. Ross, Angela M. Chira, List, Johann-Mattis, Lyle Campbell, Carlos A. Botero, and Russell D. Gray (2021): A recent northern origin for the Uto-Aztecan language family. Leipzig: Max Planck Institute for Evolutionary Anthropology.</p>
</blockquote>",,,v1.1,"Greenhill, Simon J. ; Hannah J. Haynie ; Robert M. Ross ; Angela M. Chira ; List, Johann-Mattis ; Lyle Campbell ; Carlos A. Botero ; Russell D. Gray",,10.5281/zenodo.5173799,10.5281/zenodo.4691101,4691101,2021-08-10T05:42:35.289074+00:00,2022-07-20T13:23:35.142427+00:00,lexibank,cc-by-4.0,https://zenodo.org/records/5173799,5173799,cldf:Wordlist;linguistics,dataset,https://github.com/lexibank/utoaztecan/tree/v1.1
4691102,Uto-Aztecan,No description provided.,,,v1.0,Simon J. Greenhill,,10.5281/zenodo.4691102,10.5281/zenodo.4691101,4691101,2021-04-15T02:54:19.554334+00:00,2022-07-20T13:23:34.940415+00:00,lexibank,other-open,https://zenodo.org/records/4691102,4691102,cldf:Wordlist;linguistics,dataset,https://github.com/SimonGreenhill/utoaztecan/tree/v1.0
6538460,"CLDF dataset derived from Luangthongkum's ""Proto-Karen Phonology and Lexicon"" from 2019","<p>Cite the source of the dataset as:</p>

<blockquote>
<p>Luangthongkum, T. (2019). A View on Proto-Karen Phonology and Lexicon, Journal of Southest Asian Linguistics Society, 12.1, i-lii. doi: http://hdl.handle.net/10524/52441</p>
</blockquote>",,,v0.2,"Luangthongkum, T.",Tiago Tresoldi ; Johann-Mattis List,10.5281/zenodo.6538460,10.5281/zenodo.6538459,6538459,2022-05-11T09:27:38.918423+00:00,2022-06-23T11:08:37.846922+00:00,lexibank,cc-by-nc-nd-4.0,https://zenodo.org/records/6538460,6538460,cldf:Wordlist;linguistics,dataset,https://github.com/lexibank/luangthongkumkaren/tree/v0.2
6538466,"CLDF dataset derived from Hill and Xun's ""Proto-Burmish Reconstruction"" from 2020","<p>Cite the source of the dataset as:</p>

<blockquote>
<p>Sūn, Hóngkāi 孙宏开 (1991): Zangmianyu yuyin he cihui 藏缅语音和词汇 [Tibeto-Burman phonology and lexicon]. Beijing: Chinese Social Sciences Press.</p>
</blockquote>",,,v0.2,Xun Gong ; Nathan W. Hill,Johann-Mattis List,10.5281/zenodo.6538466,10.5281/zenodo.6538465,6538465,2022-05-11T09:29:09.003520+00:00,2022-06-23T11:08:35.397901+00:00,lexibank,cc-by-4.0,https://zenodo.org/records/6538466,6538466,cldf:Wordlist;linguistics,dataset,https://github.com/lexibank/hillburmish/tree/v0.2
6538468,"CLDF dataset derived from Beijing Daxue's ""Chinese Character Pronunciations"" from 1962","<p>Cite the source of the dataset as:</p>

<blockquote>
<p>Běijīng Dàxué 北京大学 (1962): Hànyǔ fāngyán zìhuì 漢語方音字彙 [Chinese dialect character pronunciation list]. Beijing: Wenzi Gaige.</p>
</blockquote>",,,v1.1,Beijing University,Johann-Mattis List,10.5281/zenodo.6538468,10.5281/zenodo.6538467,6538467,2022-05-11T09:30:41.588184+00:00,2022-06-23T11:08:32.838922+00:00,lexibank,cc-by-4.0,https://zenodo.org/records/6538468,6538468,cldf:Wordlist;linguistics,dataset,https://github.com/lexibank/beidazihui/tree/v1.1
6637640,"CLDF dataset derived from Liú et al.'s ""Collection of Basic Words in Chinese Dialects"" from 2007","<p>Cite the source of the dataset as:</p>

<blockquote>
<p>Líu, L.; Wáng, H.; Bǎi, Y. (2007): Xiàndài Hànyǔ fāngyán héxīncí, tèzhēng cíjí 现代汉语方言核心词·特征词集 [Collection of basic vocabulary words and characteristic dialect words in modern Chinese dialects]. Nánjīng: Fènghuáng.</p>
</blockquote>",,,v1.3,Liú Lìlǐ ; Wáng Hóngzhōng ; Bǎi Yíng,Liú Lìlǐ ; Liú Lìlǐ ; Wáng Hóngzhōng ; Wáng Hóngzhōng ; Bǎi Yíng ; Bǎi Yíng ; Johann-Mattis List,10.5281/zenodo.6637640,10.5281/zenodo.5131412,5131412,2022-06-13T09:40:08.728418+00:00,2022-06-13T13:50:55.181744+00:00,lexibank,cc-by-4.0,https://zenodo.org/records/6637640,6637640,cldf:Wordlist;linguistics,dataset,https://github.com/lexibank/liusinitic/tree/v1.3
6634125,"CLDF dataset derived from Liú et al.'s ""Collection of Basic Words in Chinese Dialects"" from 2007","<p>Cite the source of the dataset as:</p>

<blockquote>
<p>Líu, L.; Wáng, H.; Bǎi, Y. (2007): Xiàndài Hànyǔ fāngyán héxīncí, tèzhēng cíjí 现代汉语方言核心词·特征词集 [Collection of basic vocabulary words and characteristic dialect words in modern Chinese dialects]. Nánjīng: Fènghuáng.</p>
</blockquote>",,,v1.2,Liú Lìlǐ ; Wáng Hóngzhōng ; Bǎi Yíng,Liú Lìlǐ ; Liú Lìlǐ ; Wáng Hóngzhōng ; Wáng Hóngzhōng ; Bǎi Yíng ; Bǎi Yíng ; Johann-Mattis List,10.5281/zenodo.6634125,10.5281/zenodo.5131412,5131412,2022-06-11T07:08:11.063124+00:00,2022-06-13T09:40:09.278793+00:00,lexibank,cc-by-4.0,https://zenodo.org/records/6634125,6634125,cldf:Wordlist;linguistics,dataset,https://github.com/lexibank/liusinitic/tree/v1.2
6634045,"CLDF dataset derived from Liú et al.'s ""Collection of Basic Words in Chinese Dialects"" from 2007","<p>Cite the source of the dataset as:</p>

<blockquote>
<p>Líu, L.; Wáng, H.; Bǎi, Y. (2007): Xiàndài Hànyǔ fāngyán héxīncí, tèzhēng cíjí 现代汉语方言核心词·特征词集 [Collection of basic vocabulary words and characteristic dialect words in modern Chinese dialects]. Nánjīng: Fènghuáng.</p>
</blockquote>",,,v1.1,Liú Lìlǐ ; Wáng Hóngzhōng ; Bǎi Yíng,Liú Lìlǐ ; Liú Lìlǐ ; Wáng Hóngzhōng ; Wáng Hóngzhōng ; Bǎi Yíng ; Bǎi Yíng ; Johann-Mattis List,10.5281/zenodo.6634045,10.5281/zenodo.5131412,5131412,2022-06-11T05:59:16.232531+00:00,2022-06-13T09:40:09.169095+00:00,lexibank,cc-by-4.0,https://zenodo.org/records/6634045,6634045,cldf:Wordlist;linguistics,dataset,https://github.com/lexibank/liusinitic/tree/v1.1
5131413,"CLDF dataset derived from Liú et al.'s ""Collection of Basic Words in Chinese Dialects"" from 2007","<p>Cite the source of the dataset as:</p>

<blockquote>
<p>Líu, L.; Wáng, H.; Bǎi, Y. (2007): Xiàndài Hànyǔ fāngyán héxīncí, tèzhēng cíjí 现代汉语方言核心词·特征词集 [Collection of basic vocabulary words and characteristic dialect words in modern Chinese dialects]. Nánjīng: Fènghuáng.</p>
</blockquote>",,,v1.0,Liú Lìlǐ ; Wáng Hóngzhōng ; Bǎi Yíng,Liú Lìlǐ ; Liú Lìlǐ ; Wáng Hóngzhōng ; Wáng Hóngzhōng ; Bǎi Yíng ; Bǎi Yíng ; Johann-Mattis List,10.5281/zenodo.5131413,10.5281/zenodo.5131412,5131412,2021-07-24T04:04:33.189094+00:00,2022-06-13T09:40:08.880167+00:00,lexibank,cc-by-4.0,https://zenodo.org/records/5131413,5131413,cldf:Wordlist;linguistics,dataset,https://github.com/lexibank/liusinitic/tree/v1.0
6602060,"CLDF dataset accompanying Yang's ""Phonetic Tone Change"" from 2022","<p>Cite the source of the dataset as:</p>

<blockquote>
<p>Yang, Cathryn (2022): The phonetic tone change *high &gt; rising: Evidence from the Ngwi dialect laboratory. Diachronica.</p>
</blockquote>",,,v1.2,Cathryn Yang,Cathryn Yang ; Johann-Mattis List,10.5281/zenodo.6602060,10.5281/zenodo.5136923,5136923,2022-06-01T08:04:00.171578+00:00,2022-06-02T01:51:21.948048+00:00,diachronica;lexibank,cc-by-4.0,https://zenodo.org/records/6602060,6602060,cldf:Wordlist;linguistics,dataset,https://github.com/lexibank/yangyi/tree/v1.2
5167277,"CLDF dataset accompanying Yang's ""Phonetic Tone Change"" from 2021","<p>Cite the source of the dataset as:</p>

<blockquote>
<p>Yang, Cathryn (2021): The phonetic tone change *high &gt; rising: Evidence from the Ngwi dialect laboratory.</p>
</blockquote>",,,v1.1,Cathryn Yang,Cathryn Yang ; Johann-Mattis List,10.5281/zenodo.5167277,10.5281/zenodo.5136923,5136923,2021-08-06T13:09:03.982600+00:00,2022-06-01T12:14:32.943147+00:00,diachronica;lexibank,cc-by-4.0,https://zenodo.org/records/5167277,5167277,cldf:Wordlist;linguistics,dataset,https://github.com/lexibank/yangyi/tree/v1.1
5136924,"CLDF dataset accompanying Yang's ""Phonetic Tone Change"" from 2021","<p>Cite the source of the dataset as:</p>

<blockquote>
<p>Yang, Cathryn (2021): The phonetic tone change *high &gt; rising: Evidence from the Ngwi dialect laboratory.</p>
</blockquote>",,,v1.0,Cathryn Yang,Cathryn Yang ; Johann-Mattis List,10.5281/zenodo.5136924,10.5281/zenodo.5136923,5136923,2021-07-26T07:14:29.657258+00:00,2022-06-01T12:14:32.876602+00:00,lexibank;diachronica,cc-by-4.0,https://zenodo.org/records/5136924,5136924,cldf:Wordlist;linguistics,dataset,https://github.com/lexibank/yangyi/tree/v1.0
6572576,TuLeD. Tupían Lexical Database,"<p>Cite the source of the dataset as:</p>

<blockquote>
<p>Fabrício Ferraz Gerardi, Stanislav Reichert, Carolina Aragon, Johann-Mattis List, &amp; Tim Wientzek. (2021). TuLeD: Tupían lexical database. Max Planck Institute for Evolutionary Anthropology: Leipzig</p>
</blockquote>",,,v0.12,Fabrício Ferraz Gerardi ; Stanislav Reichert ; Carolina Aragon ; Tim Wientzek ; Johann-Mattis List ; Robert Forkel,Agnaldo Makuráp ; Denny Moore ; Françoise Rose ; Gustavo Godoy ; Iram Káv Sona Gavião ; Nilson Gabas Júnior ; Swintha Danielsen ; Wolf Dietrich ; Zachary O'Hagan ; Tiago Tresoldi,10.5281/zenodo.6572576,10.5281/zenodo.4161622,4161622,2022-05-23T08:55:35.074669+00:00,2022-05-23T13:50:33.270168+00:00,lexibank;tular,cc-by-4.0,https://zenodo.org/records/6572576,6572576,cldf:Wordlist;linguistics,dataset,https://github.com/tupian-language-resources/tuled/tree/v0.12
4629306,TuLeD: Tupían lexical database,<p>TuLeD: Tup&iacute;an lexical database</p>,,,v0.11,Fabrício Ferraz Gerardi ; Stanislav Reichert ; Carolina Aragon ; Johann-Mattis List ; Tim Wientzek,Tiago Tresoldi ; Robert Forkel,10.5281/zenodo.4629306,10.5281/zenodo.4161622,4161622,2021-03-23T08:29:11.609657+00:00,2022-05-23T08:55:35.453036+00:00,lexibank;tular,cc-by-4.0,https://zenodo.org/records/4629306,4629306,cldf:Wordlist;linguistics,dataset,https://github.com/tupian-language-resources/tuled/tree/v0.11
4161623,"CLDF dataset derived from Gerardi and Reichert's ""TuLeD: Tupían lexical database"" from 2020","<p>Cite the source of the dataset as:</p>

<blockquote>
<p>Ferraz Gerardi, Fabr&iacute;cio and Reichert, Stanislav (2020) TuLeD: Tup&iacute;an lexical database. Version 0.8. T&uuml;bingen: Eberhard-Karls University</p>
</blockquote>",,,v0.10,Fabrício Ferraz Gerardi ; Stanislav Reichert ; Carolina Aragon ; Johann-Mattis List ; Tim Wientzek,Johann-Mattis List ; Tiago Tresoldi ; Robert Forkel,10.5281/zenodo.4161623,10.5281/zenodo.4161622,4161622,2020-10-30T17:51:43.866432+00:00,2022-05-23T08:55:35.220002+00:00,lexibank;tular,cc-by-4.0,https://zenodo.org/records/4161623,4161623,cldf:Wordlist;linguistics,dataset,https://github.com/LanguageStructure/TuLeD_Data/tree/v0.10
6563353,TuDeT: Tupían Dependency Treebank,TuDeT: Tupían Dependency Treebank,,,v0.4,Fabrício Ferraz Gerardi ; Stanislav Reichert ; Carolina Aragon ; Lorena Martín-Rodríguez ; Gustavo Godoy ; Tatiana Merzhevich,Tim Wientzek ; Robert Forkel,10.5281/zenodo.6563353,10.5281/zenodo.4633355,4633355,2022-05-19T10:54:25.320407+00:00,2022-05-20T01:49:37.945825+00:00,tular,cc-by-sa-4.0,https://zenodo.org/records/6563353,6563353,cldf:Generic;linguistics,dataset,https://github.com/tupian-language-resources/tudet/tree/v0.4
5655343,TuDeT: Tupían Dependency Treebank,TuDeT: Tupían Dependency Treebank,,,v0.3,Fabrício Ferraz Gerardi ; Stanislav Reichert ; Carolina Aragon ; Lorena Martín-Rodríguez ; Gustavo Godoy ; Tatiana Merzhevich,Tim Wientzek ; Robert Forkel,10.5281/zenodo.5655343,10.5281/zenodo.4633355,4633355,2021-11-08T19:49:49.562180+00:00,2022-05-19T10:54:25.794361+00:00,tular,cc-by-sa-4.0,https://zenodo.org/records/5655343,5655343,cldf:Generic;linguistics,dataset,https://github.com/tupian-language-resources/tudet/tree/v0.3
4721454,TuDeT: Tupían Dependency Treebank,TuDeT: Tupían Dependency Treebank,,,v0.2,Fabrício Ferraz Gerardi ; Stanislav Reichert ; Carolina Aragon ; Lorena Martín-Rodríguez ; Gustavo Godoy ; Tatiana Merzhevich,Tim Wientzek ; Robert Forkel,10.5281/zenodo.4721454,10.5281/zenodo.4633355,4633355,2021-04-26T17:18:57.295532+00:00,2022-05-19T10:54:25.688644+00:00,tular,cc-by-sa-4.0,https://zenodo.org/records/4721454,4721454,cldf:Generic;linguistics,dataset,https://github.com/tupian-language-resources/tudet/tree/v0.2
4633356,TuDeT: Tupían Dependency Treebank,<p>TuDeT: Tup&iacute;an Dependency Treebank</p>,,,v0.1,Fabrício Ferraz Gerardi ; Stanislav Reichert ; Carolina Aragon ; Lorena Martín-Rodríguez ; Gustavo Godoy ; Tatiana Merzhevich,Tim Wientzek ; Robert Forkel,10.5281/zenodo.4633356,10.5281/zenodo.4633355,4633355,2021-03-24T13:21:03.793644+00:00,2022-05-19T10:54:25.451296+00:00,tular,cc-by-sa-4.0,https://zenodo.org/records/4633356,4633356,cldf:Generic;linguistics,dataset,https://github.com/tupian-language-resources/tudet/tree/v0.1
6538403,"CLDF dataset derived from Birchall et al.'s ""A Combined Comparative and Phylogenetic Analysis of the Chapacuran Language Family"" from 2016","<p>Cite the source of the dataset as:</p>

<blockquote>
<p>Birchall J, Dunn M, &amp; Greenhill SJ. 2016. A Combined Comparative and Phylogenetic Analysis of the Chapacuran Language Family. International Journal of American Linguistics 82(3). 255–284.</p>
</blockquote>",,,v1.1.0,Joshua Birchall ; Michael Dunn ; Simon J. Greenhill,Tiago Tresoldi,10.5281/zenodo.6538403,10.5281/zenodo.5115888,5115888,2022-05-11T09:15:50.174520+00:00,2022-05-11T13:49:37.509173+00:00,lexibank,cc-by-4.0,https://zenodo.org/records/6538403,6538403,cldf:Wordlist;linguistics,dataset,https://github.com/lexibank/birchallchapacuran/tree/v1.1.0
6538395,"CLDF dataset derived from Bodt's ""Lexical Cognates in Western Kho-Bwa"" from 2019","<p>Cite the source of the dataset as:</p>

<blockquote>
<p>Bodt, Timotheus Adrianus and List, Johann-Mattis (2019): Testing the predictive strength of the comparative method: An ongoing experiment on unattested words in Western Kho-Bwa languages. Papers in Historical Phonology 4.1: 22-44.</p>
</blockquote>",,,v3.1.0,Timotheus A. Bodt,Timotheus A. Bodt ; Timotheus A. Bodt ; Johann-Mattis List,10.5281/zenodo.6538395,10.5281/zenodo.2632544,2632544,2022-05-11T09:14:01.125822+00:00,2022-05-11T13:49:37.448266+00:00,lexibank,cc-by-4.0,https://zenodo.org/records/6538395,6538395,cldf:Wordlist;linguistics,dataset,https://github.com/lexibank/bodtkhobwa/tree/v3.1.0
6538256,"CLDF dataset derived from Bremer's ""Sociolinguistic Survey of Six Berta Speech Varieties in Ethiopia"" from 2016","<p>Cite the source of the dataset as:</p>

<blockquote>
<p>Bremer, Nate D. (2016): A Sociolinguistic Survey of Six Berta Speech Varieties in Ethiopia. SIL Electronic Survey Reports 2016-007. Dallas: SIL International.</p>
</blockquote>",,,v1.1,Nate D. Bremer,Christoph Rzymski ; Kristina Pianykh,10.5281/zenodo.6538256,10.5281/zenodo.5126756,5126756,2022-05-11T08:43:17.654435+00:00,2022-05-11T13:49:37.330801+00:00,lexibank,cc-by-4.0,https://zenodo.org/records/6538256,6538256,cldf:Wordlist;linguistics,dataset,https://github.com/lexibank/bremerberta/tree/v1.1
6538349,"CLDF dataset derived from Deepadung et al.'s ""Lexical Comparison of Palaung Dialects"" from 2015","<p>Cite the source of the dataset as:</p>

<blockquote>
<p>Deepadung, Sujaritlak; Buakaw, Supakit; and Rattanapitak, Ampica (2015): A lexical comparison of the Palaung dialects spoken in China, Myanmar, and Thailand. Mon-Khmer Studies 44. 19-38.</p>
</blockquote>",,,v1.1,"Deepadung, Sujaritlak ; Buakaw, Supakit ; Rattanapitak, Ampika","Johann-Mattis List ; Deepadung, Sujaritlak ; Buakaw, Supakit ; Rattanapitak, Ampika",10.5281/zenodo.6538349,10.5281/zenodo.5121401,5121401,2022-05-11T09:01:34.794389+00:00,2022-05-11T13:49:37.329389+00:00,lexibank,cc-by-4.0,https://zenodo.org/records/6538349,6538349,cldf:Wordlist;linguistics,dataset,https://github.com/lexibank/deepadungpalaung/tree/v1.1
5119306,"CLDF dataset derived from Birchall et al.'s ""A Combined Comparative and Phylogenetic Analysis of the Chapacuran Language Family"" from 2016","<p>Cite the source of the dataset as:</p>

<blockquote>
<p>Birchall J, Dunn M, &amp; Greenhill SJ. 2016. A Combined Comparative and Phylogenetic Analysis of the Chapacuran Language Family. International Journal of American Linguistics 82(3). 255–284.</p>
</blockquote>",,,v1.0.1,Joshua Birchall ; Michael Dunn ; Simon J. Greenhill,Tiago Tresoldi,10.5281/zenodo.5119306,10.5281/zenodo.5115888,5115888,2021-07-21T13:28:13.911824+00:00,2022-05-11T09:15:50.494278+00:00,lexibank,cc-by-4.0,https://zenodo.org/records/5119306,5119306,cldf:Wordlist;linguistics,dataset,https://github.com/lexibank/birchallchapacuran/tree/v1.0.1
5115889,"CLDF dataset derived from Birchall et al.'s ""A Combined Comparative and Phylogenetic Analysis of the Chapacuran Language Family"" from 2016","<p>Cite the source of the dataset as:</p>

<blockquote>
<p>Birchall J, Dunn M, &amp; Greenhill SJ. 2016. A Combined Comparative and Phylogenetic Analysis of the Chapacuran Language Family. International Journal of American Linguistics 82(3). 255–284.</p>
</blockquote>",,,v1.0,Joshua Birchall ; Michael Dunn ; Simon J. Greenhill,Tiago Tresoldi,10.5281/zenodo.5115889,10.5281/zenodo.5115888,5115888,2021-07-20T10:27:02.012418+00:00,2022-05-11T09:15:50.333481+00:00,lexibank,cc-by-4.0,https://zenodo.org/records/5115889,5115889,cldf:Wordlist;linguistics,dataset,https://github.com/lexibank/birchallchapacuran/tree/v1.0
5119330,"CLDF dataset derived from Bodt's ""Lexical Cognates in Western Kho-Bwa"" from 2019","<p>Cite the source of the dataset as:</p>

<blockquote>
<p>Bodt, Timotheus Adrianus and List, Johann-Mattis (2019): Testing the predictive strength of the comparative method: An ongoing experiment on unattested words in Western Kho-Bwa languages. Papers in Historical Phonology 4.1: 22-44.</p>
</blockquote>",,,v3.0.1,Timotheus A. Bodt,Timotheus A. Bodt ; Timotheus A. Bodt ; Johann-Mattis List,10.5281/zenodo.5119330,10.5281/zenodo.2632544,2632544,2021-07-21T13:30:54.663585+00:00,2022-05-11T09:14:02.186735+00:00,lexibank,cc-by-4.0,https://zenodo.org/records/5119330,5119330,cldf:Wordlist;linguistics,dataset,https://github.com/lexibank/bodtkhobwa/tree/v3.0.1
5115912,"CLDF dataset derived from Bodt's ""Lexical Cognates in Western Kho-Bwa"" from 2019","<p>Cite the source of the dataset as:</p>

<blockquote>
<p>Bodt, Timotheus Adrianus and List, Johann-Mattis (2019): Testing the predictive strength of the comparative method: An ongoing experiment on unattested words in Western Kho-Bwa languages. Papers in Historical Phonology 4.1: 22-44.</p>
</blockquote>",,,v3.0,Timotheus A. Bodt,Timotheus A. Bodt ; Timotheus A. Bodt ; Johann-Mattis List,10.5281/zenodo.5115912,10.5281/zenodo.2632544,2632544,2021-07-20T10:43:02.642919+00:00,2022-05-11T09:14:01.959763+00:00,lexibank,cc-by-4.0,https://zenodo.org/records/5115912,5115912,cldf:Wordlist;linguistics,dataset,https://github.com/lexibank/bodtkhobwa/tree/v3.0
3537604,"CLDF dataset derived from Bodt's ""Lexical Cognates in Western Kho-Bwa"" from 2019","<p>Cite the source dataset as</p>

<blockquote>
<p>Bodt, Timotheus Adrianus and List, Johann-Mattis (2019): Testing the predictive strength of the comparative method: An ongoing experiment on unattested words in Western Kho-Bwa languages. Jena: MPI-SHH.</p>
</blockquote>",,,v2.0,Timotheus A. Bodt ; Johann-Mattis List,Timotheus A. Bodth ; Timotheus A. Bodth,10.5281/zenodo.3537604,10.5281/zenodo.2632544,2632544,2019-11-11T11:54:50.059080+00:00,2022-05-11T09:14:01.720854+00:00,lexibank,other-open,https://zenodo.org/records/3537604,3537604,cldf:Wordlist,dataset,https://github.com/lexibank/bodtkhobwa/tree/v2.0
3267095,"CLDF dataset derived from Bodt's ""Lexical Cognates in Western Kho-Bwa"" from 2019","<p>Cite the source dataset as</p>

<blockquote>
<p>Bodth, Timothaeus Adrianus and List, Johann-Mattis (2019): Testing the predictive strength of the comparative method: An ongoing experiment on unattested words in Western Kho-Bwa languages. Jena: MPI-SHH.</p>
</blockquote>",,,v1.1,Timotheus A. Bodth ; Johann-Mattis List,Timotheus A. Bodth ; Timotheus A. Bodth,10.5281/zenodo.3267095,10.5281/zenodo.2632544,2632544,2019-07-03T12:32:51.081639+00:00,2022-05-11T09:14:01.498374+00:00,lexibank,other-open,https://zenodo.org/records/3267095,3267095,,dataset,https://github.com/lexibank/bodtkhobwa/tree/v1.1
2632545,"CLDF dataset derived from Bodt's ""Lexical Cognates in Western Kho-Bwa"" from 2019","<p>Cite the source dataset as</p>

<blockquote>
<p>Bodth, Timothaeus Adrianus and List, Johann-Mattis (2019): Testing the predictive strength of the comparative method: An ongoing experiment on unattested words in Western Kho-Bwa languages. Jena: MPI-SHH.</p>
</blockquote>",,,v1.0,Timotheus A. Bodth ; Johann-Mattis List,Timotheus A. Bodth ; Timotheus A. Bodth,10.5281/zenodo.2632545,10.5281/zenodo.2632544,2632544,2019-04-08T08:01:24.416531+00:00,2022-05-11T09:14:01.308952+00:00,lexibank,cc-by-4.0,https://zenodo.org/records/2632545,2632545,,dataset,https://github.com/lexibank/bodtkhobwa/tree/v1.0
5121402,"CLDF dataset derived from Deepadung et al.'s ""Lexical Comparison of Palaung Dialects"" from 2015","<p>Cite the source of the dataset as:</p>

<blockquote>
<p>Deepadung, Sujaritlak; Buakaw, Supakit; and Rattanapitak, Ampica (2015): A lexical comparison of the Palaung dialects spoken in China, Myanmar, and Thailand. Mon-Khmer Studies 44. 19-38.</p>
</blockquote>",,,v1.0,"Deepadung, Sujaritlak ; Buakaw, Supakit ; Rattanapitak, Ampika","Johann-Mattis List ; Deepadung, Sujaritlak ; Buakaw, Supakit ; Rattanapitak, Ampika",10.5281/zenodo.5121402,10.5281/zenodo.5121401,5121401,2021-07-22T09:55:52.099175+00:00,2022-05-11T09:01:34.900184+00:00,lexibank,cc-by-4.0,https://zenodo.org/records/5121402,5121402,cldf:Wordlist;linguistics,dataset,https://github.com/lexibank/deepadungpalaung/tree/v1.0
5126757,"CLDF dataset derived from Bremer's ""Sociolinguistic Survey of Six Berta Speech Varieties in Ethiopia"" from 2016","<p>Cite the source of the dataset as:</p>

<blockquote>
<p>Bremer, Nate D. (2016): A Sociolinguistic Survey of Six Berta Speech Varieties in Ethiopia. SIL Electronic Survey Reports 2016-007. Dallas: SIL International.</p>
</blockquote>",,,v1.0,Nate D. Bremer,Christoph Rzymski ; Kristina Pianykh,10.5281/zenodo.5126757,10.5281/zenodo.5126756,5126756,2021-07-23T09:31:52.609423+00:00,2022-05-11T08:43:17.800573+00:00,lexibank,cc-by-4.0,https://zenodo.org/records/5126757,5126757,cldf:Wordlist;linguistics,dataset,https://github.com/lexibank/bremerberta/tree/v1.0
6413686,IMT Vault,Examples with interlinear morpheme translation from LangSci books,,,v1.0,Sebastian Nordhoff ; Thomas Krämer ; Robert Forkel,,10.5281/zenodo.6413686,10.5281/zenodo.6413685,6413685,2022-04-05T07:18:01.854517+00:00,2022-04-05T13:49:41.983841+00:00,,cc-by-4.0,https://zenodo.org/records/6413686,6413686,cldf:Generic;linguistics,dataset,https://github.com/cldf-datasets/imtvault/tree/v1.0
6392555,Uralic Typological database - UraTyp,"<blockquote><p>Miina Norvik, Yingqi Jing, Michael Dunn, Robert Forkel, Terhi Honkola, Gerson Klumpp, Richard Kowalik, Helle Metslang, Karl Pajusalu, Minerva Piha, Eva Saar, Sirkka Saarinen and Outi Vesakoski (ms. 2021) Uralic typology in the light of new comprehensive data sets (submitted to Journal of Uralic Linguistics)</p></blockquote><p>The status of the manuscript will be updated here and at <a href=""https://bedlan.net/"">https://bedlan.net/</a>.</p>",,,v1.1,Miina Norvik ; Yingqi Jing ; Michael Dunn ; Robert Forkel ; Terhi Honkola ; Gerson Klumpp ; Richard Kowalik ; Helle Metslang ; Karl Pajusalu ; Minerva Piha ; Eva Saar ; Sirkka Saarinen ; Outi Vesakoski,,10.5281/zenodo.6392555,10.5281/zenodo.5236365,5236365,2022-03-29T06:28:38.823356+00:00,2022-03-29T13:49:24.232873+00:00,cldf-datasets,cc-by-4.0,https://zenodo.org/records/6392555,6392555,cldf:StructureDataset;linguistics,dataset,https://github.com/cldf-datasets/uratyp/tree/v1.1
5910343,Uralic Typological database - UraTyp,"<blockquote><p>Miina Norvik, Yingqi Jing, Michael Dunn, Robert Forkel, Terhi Honkola, Gerson Klumpp, Richard Kowalik, Helle Metslang, Karl Pajusalu, Minerva Piha, Eva Saar, Sirkka Saarinen and Outi Vesakoski (ms. 2021) Uralic typology in the light of new comprehensive data sets (submitted to Journal of Uralic Linguistics)</p></blockquote><p>The status of the manuscript will be updated here and at <a href=""https://bedlan.net/"">https://bedlan.net/</a>.</p>",,,v1.0,Miina Norvik ; Yingqi Jing ; Michael Dunn ; Robert Forkel ; Terhi Honkola ; Gerson Klumpp ; Richard Kowalik ; Helle Metslang ; Karl Pajusalu ; Minerva Piha ; Eva Saar ; Sirkka Saarinen ; Outi Vesakoski,,10.5281/zenodo.5910343,10.5281/zenodo.5236365,5236365,2022-01-27T11:38:30.284159+00:00,2022-03-29T06:28:39.431501+00:00,cldf-datasets,cc-by-4.0,https://zenodo.org/records/5910343,5910343,cldf:StructureDataset;linguistics,dataset,https://github.com/cldf-datasets/uratyp/tree/v1.0
5340784,uratyp,"<p>Cite the source of the dataset as:</p>

<blockquote>
<p>Miina et al. 2021. Uralic typological data sets.</p>
</blockquote>",,,v0.2,Yingqi Jing ; Robert Forkel,,10.5281/zenodo.5340784,10.5281/zenodo.5236365,5236365,2021-08-31T07:13:41.505332+00:00,2022-03-29T06:28:39.160941+00:00,cldf-datasets,cc-by-4.0,https://zenodo.org/records/5340784,5340784,cldf:StructureDataset;linguistics,dataset,https://github.com/cldf-datasets/uratyp/tree/v0.2
5236366,cldf-datasets/uratyp: Uralic Typological database – UraTyp,<p>.</p>,,,v0.1,Yingqi Jing ; Robert Forkel,,10.5281/zenodo.5236366,10.5281/zenodo.5236365,5236365,2021-08-23T14:39:13.994351+00:00,2022-03-29T06:28:39.025103+00:00,cldf-datasets,other-open,https://zenodo.org/records/5236366,5236366,,software,https://github.com/cldf-datasets/uratyp/tree/v0.1
5720838,hueblerstability,<p>The dataset complements the research article&nbsp;&quot;Phylogenetic signal and rate of evolutionary change in language structures&quot;.</p>,,,v1.1,Nataliia Hübler,Robert Forkel,10.5281/zenodo.5720838,10.5281/zenodo.5720837,5720837,2021-11-23T13:12:45.177044+00:00,2022-03-16T10:02:38.940982+00:00,cldf-datasets,cc-by-4.0,https://zenodo.org/records/5720838,5720838,cldf:StructureDataset;linguistics,dataset,https://github.com/cldf-datasets/hueblerstability/tree/v1.1
6257774,Pulotu: Database of Austronesian Religions,"<p>Cite the source of the dataset as:</p>

<blockquote>
<p>Watts J., Sheehan O., Greenhill S.J., Gomes-Ng S., Atkinson Q.D., Bulbulia J., Gray R.D. (2015). Pulotu: Database of Austronesian Supernatural Beliefs and Practices. PLoS ONE 10(9). DOI: https://doi.org/10.1371/journal.pone.0136783</p>
</blockquote>",,,v1.2,Joseph Watts ; Oliver Sheehan ; Simon Greenhill ; Stephanie Gomes-Ng ; Quentin Atkinson ; Joseph Bulbulia ; Russell Gray,Carlos Botero ; Carlos Botero ; Angeline Song ; Angeline Song ; Joanne Ong ; Joanne Ong ; Sam Passmore ; Sam Passmore ; Kirsty Maurits ; Kirsty Maurits ; Goldie Hamilton ; Goldie Hamilton ; Kelsey Buntain ; Kelsey Buntain ; Alex Thomson ; Alex Thomson ; Robert Forkel,10.5281/zenodo.6257774,10.5281/zenodo.5669235,5669235,2022-02-24T13:24:42.727280+00:00,2022-02-25T01:50:12.324942+00:00,cldf-datasets;dplace,cc-by-4.0,https://zenodo.org/records/6257774,6257774,cldf:StructureDataset;linguistics,dataset,https://github.com/D-PLACE/dplace-dataset-pulotu/tree/v1.2
5669236,Pulotu: Database of Austronesian Religions,"<p>Cite the source of the dataset as:</p>

<blockquote>
<p>Watts J., Sheehan O., Greenhill S.J., Gomes-Ng S., Atkinson Q.D., Bulbulia J., Gray R.D. (2015). Pulotu: Database of Austronesian Supernatural Beliefs and Practices. PLoS ONE 10(9). DOI: https://doi.org/10.1371/journal.pone.0136783</p>
</blockquote>",,,v1.1,Oliver Sheehan ; Joseph Watts ; Simon Greenhill ; Stephanie Gomes-Ng ; Quentin Atkinson ; Joseph Bulbulia ; Russell Gray,Carlos Botero ; Carlos Botero ; Angeline Song ; Angeline Song ; Joanne Ong ; Joanne Ong ; Sam Passmore ; Sam Passmore ; Kirsty Maurits ; Kirsty Maurits ; Goldie Hamilton ; Goldie Hamilton ; Kelsey Buntain ; Kelsey Buntain ; Alex Thomson ; Alex Thomson ; Robert Forkel,10.5281/zenodo.5669236,10.5281/zenodo.5669235,5669235,2021-11-10T18:09:01.895756+00:00,2022-02-24T13:24:43.076665+00:00,cldf-datasets;dplace,cc-by-4.0,https://zenodo.org/records/5669236,5669236,cldf:StructureDataset;linguistics,dataset,https://github.com/D-PLACE/dplace-dataset-pulotu/tree/v1.1
5116087,"CLDF dataset derived from List and Prokić's ""Benchmark Database of Phonetic Alignments"" from 2014","<p>Cite the source of the dataset as:</p>

<blockquote>
<p>List, Johann-Mattis and Jelena Prokić. (2014). A benchmark database of phonetic alignments in historical linguistics and dialectology. In: Proceedings of the International Conference on Language Resources and Evaluation (LREC), 26 — 31 May 2014, Reykjavik. 288-294.</p>
</blockquote>",,,v1.0,Johann-Mattis List ; Jelena Prokić,,10.5281/zenodo.5116087,10.5281/zenodo.5116086,5116086,2021-07-20T12:24:47.411207+00:00,2022-02-21T08:44:40.076276+00:00,lexibank;calc;digling,cc-by-4.0,https://zenodo.org/records/5116087,5116087,cldf:Wordlist;linguistics,dataset,https://github.com/lexibank/bdpa/tree/v1.0
1317962,Data underlying CLICS Version 1.0,"<p>This is the data underlying the original CLICS database. It was assembled from four different sources (see http://clics.lingpy.org for details) and is now deposited here to allow users quick access to the underlying data, since CLICS 1.0 has now been superseded by the newly published CLICS&sup2; database (http://clics.clld.org).</p>

<p>In this version, we provide the data both in raw wordlist format (following specifications of the LingPy library, http://lingpy.org), and in CLDF format, which makes it possible to conveniently re-use the data in the new API of CLICS&sup2;.</p>",,,1.2,"List, Johann-Mattis",,10.5281/zenodo.1317962,10.5281/zenodo.1194087,1194087,2018-07-20T10:36:19.748510+00:00,2022-02-21T08:44:08.599912+00:00,digling;calc;eu;clics;lexibank,cc-by-4.0,https://zenodo.org/records/1317962,1317962,historical linguistics;colexification;semantic change;cross-linguistic dataset;cross-linguistic data formats,dataset,
1317953,Data underlying CLICS Version 1.0,"<p>This is the data underlying the original CLICS database. It was assembled from four different sources (see http://clics.lingpy.org for details) and is now deposited here to allow users quick access to the underlying data, since CLICS 1.0 has now been superseded by the newly published CLICS&sup2; database (http://clics.clld.org).</p>

<p>In this version, we provide the data both in raw wordlist format (following specifications of the LingPy library, http://lingpy.org), and in CLDF format, which makes it possible to conveniently re-use the data in the new API of CLICS&sup2;.</p>",,,1.1,"List, Johann-Mattis",,10.5281/zenodo.1317953,10.5281/zenodo.1194087,1194087,2018-07-20T10:33:52.555035+00:00,2022-02-21T08:44:06.975701+00:00,digling;calc;eu;clics;lexibank,cc-by-4.0,https://zenodo.org/records/1317953,1317953,historical linguistics;colexification;semantic change;cross-linguistic dataset;cross-linguistic data formats,dataset,
3564465,lexibank/powerma: Evolutionary Dynamics in the Dispersal of Sign Languages,<p>CLDF dataset accompanying the study &quot;Evolutionary Dynamics in the Dispersal of Sign Languages&quot;</p>,,,v1.0.2,Johann-Mattis List ; Guido Grimm ; Justin Power,Johann-Mattis List,10.5281/zenodo.3564465,10.5281/zenodo.3564464,3564464,2019-12-05T14:16:19.176960+00:00,2022-02-21T08:43:09.540373+00:00,calc;lexibank;digling;eu,other-open,https://zenodo.org/records/3564465,3564465,,dataset,https://github.com/lexibank/powerma/tree/v1.0.2
6168755,"CLDF dataset derived from Mann's ""Phonological Reconstruction of Proto Northern Burmic"" from 1998","<p>Cite the source of the dataset as:</p>

<blockquote>
<p>Mann, Noel W. 1998. A phonological reconstruction of Proto Northern Burmic. (PhD Thesis).</p>
</blockquote>",,,v1.1,Noel Walter Mann,Johann-Mattis List ; Nathan W. Hill ; Noel Walter Mann,10.5281/zenodo.6168755,10.5281/zenodo.5131418,5131418,2022-02-19T17:31:19.680445+00:00,2022-02-20T01:50:37.460119+00:00,lexibank,cc-by-4.0,https://zenodo.org/records/6168755,6168755,cldf:Wordlist;linguistics,dataset,https://github.com/lexibank/mannburmish/tree/v1.1
6172896,"CLDF dataset derived from Mann's ""Phonological Reconstruction of Proto Northern Burmic"" from 1998","<p>Cite the source of the dataset as:</p>

<blockquote>
<p>Mann, Noel W. 1998. A phonological reconstruction of Proto Northern Burmic. (PhD Thesis).</p>
</blockquote>",,,v1.2,Noel Walter Mann,Johann-Mattis List ; Nathan W. Hill ; Noel Walter Mann,10.5281/zenodo.6172896,10.5281/zenodo.5131418,5131418,2022-02-19T21:53:21.400283+00:00,2022-02-20T01:50:37.436459+00:00,lexibank,cc-by-4.0,https://zenodo.org/records/6172896,6172896,cldf:Wordlist;linguistics,dataset,https://github.com/lexibank/mannburmish/tree/v1.2
5131419,"CLDF dataset derived from Mann's ""Phonological Reconstruction of Proto Northern Burmic"" from 1998","<p>Cite the source of the dataset as:</p>

<blockquote>
<p>Mann, Noel W. 1998. A phonological reconstruction of Proto Northern Burmic. (PhD Thesis).</p>
</blockquote>",,,v1.0,Noel Walter Mann,Johann-Mattis List ; Nathan W. Hill ; Noel Walter Mann,10.5281/zenodo.5131419,10.5281/zenodo.5131418,5131418,2021-07-24T04:09:11.010133+00:00,2022-02-19T21:53:21.743698+00:00,lexibank,cc-by-4.0,https://zenodo.org/records/5131419,5131419,cldf:Wordlist;linguistics,dataset,https://github.com/lexibank/mannburmish/tree/v1.0
5951917,lessersunda/lexirumah-data: v3.0.1,<p>LexiRumah database of languages of Eastern Indonesia.</p>,,,v3.0.1,"Edwards, Owen ; Kaiping, Gereon A. ; Klamer, Marian",,10.5281/zenodo.5951917,10.5281/zenodo.1164782,1164782,2022-02-03T00:22:06.353828+00:00,2022-02-03T13:49:38.805242+00:00,cldf-datasets;clics;clld;lexibank,cc-by-4.0,https://zenodo.org/records/5951917,5951917,Lexical Database;Languages of Indonesia;Languages of Timor-Leste;Austronesian Languages;Timor-Alor-Pantar languages,dataset,
3537977,LexiRumah v3.0.0,<p>LexiRumah database of languages of Eastern Indonesia.</p>,,,v3.0.0,"Edwards, Owen ; Kaiping, Gereon A. ; Klamer, Marian",,10.5281/zenodo.3537977,10.5281/zenodo.1164782,1164782,2019-11-11T16:22:09.434640+00:00,2022-02-03T00:23:41.845492+00:00,cldf-datasets;lexibank;clld;clics,cc-by-4.0,https://zenodo.org/records/3537977,3537977,Lexical Database;Languages of Indonesia;Languages of Timor-Leste;Austronesian Languages;Timor-Alor-Pantar languages,dataset,
3537632,LexiRumah v2.2.9,<p>LexiRumah database of languages of Eastern Indonesia.</p>,,,v2.2.9,"Edwards, Owen ; Kaiping, Gereon A. ; Klamer, Marian",,10.5281/zenodo.3537632,10.5281/zenodo.1164782,1164782,2019-11-11T12:27:05.564290+00:00,2022-02-03T00:23:41.743850+00:00,cldf-datasets;lexibank;clld;clics,cc-by-4.0,https://zenodo.org/records/3537632,3537632,Lexical Database;Languages of Indonesia;Languages of Timor-Leste;Austronesian Languages;Timor-Alor-Pantar languages,dataset,
3521027,LexiRumah 2.2.6,<p>A lexical database of eastern Indonesia</p>,,,v2.2.6,"Edwards, Owen ; Kaiping, Gereon ; Klamer, Marian",,10.5281/zenodo.3521027,10.5281/zenodo.1164782,1164782,2019-10-28T22:27:11.415948+00:00,2022-02-03T00:23:41.636215+00:00,clld;cldf-datasets;lexibank;clics,cc-by-4.0,https://zenodo.org/records/3521027,3521027,,dataset,https://github.com/lessersunda/lexirumah-data/tree/v2.2.6
3518258,lessersunda/lexirumah-data: Northwards Expansion,"<p>Vast northwards expansion, and including preliminary cognatesets. Thank to many people contributing data of NE Indonesia.</p>",,,v2.2.5,Gereon Kaiping ; Owen Edwards ; Marian Klamer,,10.5281/zenodo.3518258,10.5281/zenodo.1164782,1164782,2019-10-24T14:26:21.772016+00:00,2022-02-03T00:23:41.533058+00:00,clld;cldf-datasets;lexibank;clics,cc-by-4.0,https://zenodo.org/records/3518258,3518258,,dataset,https://github.com/lessersunda/lexirumah-data/tree/v2.2.5
3244244,LexiRumah 2.2.3,<p>Lexical database of the lesser Sunda islands</p>,,,v2.2.3,Gereon Kaiping ; Owen Edwards ; Marian Klamer,,10.5281/zenodo.3244244,10.5281/zenodo.1164782,1164782,2019-06-12T15:32:48.408968+00:00,2022-02-03T00:23:41.337888+00:00,clld;cldf-datasets;lexibank;clics,cc-by-4.0,https://zenodo.org/records/3244244,3244244,,dataset,https://github.com/lessersunda/lexirumah-data/tree/v2.2.3
3148157,LexiRumah 2.2.2,"<p>Version 2.2.2 of the LexiRumah database of languages of Eastern Indonesia.</p>

<p>In this release, we mostly expand the bulk a bit eastwards to include more languages of Maluku</p>",,,v2.2.2,Gereon Kaiping ; Owen Edwards ; Marian Klamer,"Wu, Jiang",10.5281/zenodo.3148157,10.5281/zenodo.1164782,1164782,2019-05-22T13:18:32.955964+00:00,2022-02-03T00:23:41.245591+00:00,clld;cldf-datasets;lexibank;clics,cc-by-4.0,https://zenodo.org/records/3148157,3148157,Lexical Database;Languages of Indonesia;Languages of Timor-Leste;Austronesian Languages;Timor-Alor-Pantar languages,dataset,https://github.com/lessersunda/lexirumah-data/tree/v2.2.2
2645504,lessersunda/lexirumah-data: Tested and fixed,"<ul>
	<li>Testing system using Travis established</li>
	<li>Languages of Wetar, and some individual languages elsewhere, including the extinct Tambora</li>
	<li>Various fixes to orthography</li>
	<li>Improved integration with Lexibank and Clics</li>
</ul>",,,v2.2.0,"Kaiping, Gereon A. ; Edwards, Owen D. ; Klamer, Marian","Wu, Jiang",10.5281/zenodo.2645504,10.5281/zenodo.1164782,1164782,2019-04-18T12:21:44.089163+00:00,2022-02-03T00:23:41.156912+00:00,clld;cldf-datasets;lexibank;clics,cc-by-4.0,https://zenodo.org/records/2645504,2645504,Lexical Database;Languages of Indonesia;Languages of Timor-Leste;Austronesian Languages;Timor-Alor-Pantar languages,dataset,https://github.com/lessersunda/lexirumah-data/tree/v2.2.0
2578950,LexiRumah v2.1.2,"<p>A lexical database of languages of the Lesser Sunda Islands and their suggested relations. Available through an online-interface on <a href=""https://lexirumah.model-ling.eu"">https://lexirumah.model-ling.eu</a></p>

<ul>
	<li>Minor bugfixes</li>
	<li>Provide Lexibank interface</li>
</ul>",,,v2.1.2,"Kaiping, Gereon A. ; Edwards, Owen ; Klamer, Marian","Wu, Jiang",10.5281/zenodo.2578950,10.5281/zenodo.1164782,1164782,2019-02-27T12:13:59.708917+00:00,2022-02-03T00:23:41.059239+00:00,clics;cldf-datasets;lexibank;clld,cc-by-4.0,https://zenodo.org/records/2578950,2578950,lexical dataset;Austronesian languages;Timor-Alor-Pantar languages,dataset,https://github.com/lessersunda/lexirumah-data/tree/v2.1.2
2559447,LexiRumah 2.1.1: Eastwards Expansion,"<p>A lexical database of languages of the Lesser Sunda Islands and their suggested relations. Available through an online-interface on <a href=""https://lexirumah.model-ling.eu"">https://lexirumah.model-ling.eu</a></p>

<p>Changes to this version:</p>

<ul>
	<li>Fixing to several minor issues</li>
	<li>Adding languages further to the east</li>
	<li>Resetting IPA segmentation</li>
	<li>Small improvements to the online UI (see the UI repository)</li>
</ul>",,,v2.1.1,Gereon Kaiping ; Owen Edwards ; Marian Klamer,"Wu, Jiang",10.5281/zenodo.2559447,10.5281/zenodo.1164782,1164782,2019-02-07T16:02:40.690442+00:00,2022-02-03T00:23:40.830245+00:00,clics;cldf-datasets;lexibank;clld,cc-by-4.0,https://zenodo.org/records/2559447,2559447,lexical dataset;Austronesian languages;Timor-Alor-Pantar languages,dataset,https://github.com/lessersunda/lexirumah-data/tree/v2.1.1
2559434,lessersunda/lexirumah-data: Eastwards Expansion,"<p>Changes to this version:</p>
<ul>
<li>Fixing to several minor issues</li>
<li>Adding languages further to the east</li>
<li>Resetting IPA segmentation</li>
<li>Small improvements to the online UI (see the UI repository)</li>
</ul>",,,v2.1.0,Gereon Kaiping ; Owen Edwards ; Cryotops ; giuliaok ; Lunalight ; Johann-Mattis List ; Robert Forkel,,10.5281/zenodo.2559434,10.5281/zenodo.1164782,1164782,2019-02-07T15:50:59.673715+00:00,2022-02-03T00:23:40.521844+00:00,clics;cldf-datasets;lexibank;clld,other-open,https://zenodo.org/records/2559434,2559434,,software,https://github.com/lessersunda/lexirumah-data/tree/v2.1.0
2540954,lessersunda/lexirumah-data: Orthographic Variety,"<p>This is the second version of LexiRumah, with the following major changes:</p>

<ul>
	<li>Form IDs have been reset</li>
	<li>Forms are now given (a) as found in the source, (b) in standardized IPA, (c) in BIPA segments and (d) in an orthography more accessible to local speakers</li>
	<li>The base URL has been moved to its own third-level domain, lexirumah.model-ling.eu</li>
	<li>Bad automatic cognate codes have been removed</li>
	<li>New languages have been added</li>
</ul>",,,v2.0.0,Gereon Kaiping ; Owen Edwards ; Marian Klamer,,10.5281/zenodo.2540954,10.5281/zenodo.1164782,1164782,2019-01-15T17:49:11.803196+00:00,2022-02-03T00:23:40.186512+00:00,clics;cldf-datasets;lexibank;clld,cc-by-4.0,https://zenodo.org/records/2540954,2540954,Lexical database;Timor-Alor-Pantar languages;Austronesian languages;CLDF;CLLD,software,https://github.com/lessersunda/lexirumah-data/tree/v2.0.0
1445422,lessersunda/lexirumah-data: as described in PLOS ONE,<p>Data for the lexirumah clld</p>,,,v1.0.0,Gereon Kaiping ; Marian Klamer ; Owen Edwards,,10.5281/zenodo.1445422,10.5281/zenodo.1164782,1164782,2018-10-04T11:18:52.938852+00:00,2022-02-03T00:23:39.927250+00:00,clics;cldf-datasets;lexibank;clld,cc-by-4.0,https://zenodo.org/records/1445422,1445422,,dataset,https://github.com/lessersunda/lexirumah-data/tree/v1.0.0
1403153,lessersunda/lexirumah-data: Submission with IPython notebook,"<p>Prerelease for PLOS One article, with IPython notebook for language comparison</p>",,,v1.0.0-rc4,Gereon Kaiping ; Marian Klamer,,10.5281/zenodo.1403153,10.5281/zenodo.1164782,1164782,2018-08-24T15:57:05.793165+00:00,2022-02-03T00:23:39.580502+00:00,clics;cldf-datasets;lexibank;clld,other-open,https://zenodo.org/records/1403153,1403153,,software,https://github.com/lessersunda/lexirumah-data/tree/v1.0.0-rc4
1287876,LexiRumah Data,<p>LexiRumah data&nbsp;and accompanying software</p>,,,v1.0.0-rc3,"Kaiping, Gereon ; Klamer, Marian",,10.5281/zenodo.1287876,10.5281/zenodo.1164782,1164782,2018-06-12T15:30:40.515131+00:00,2022-02-03T00:23:39.403843+00:00,clics;cldf-datasets;lexibank;clld,other-open,https://zenodo.org/records/1287876,1287876,Lexical Database;Indonesia;East Timor;Timor-Alor-Pantar Languages;Austronesian Languages,dataset,https://github.com/lessersunda/lexirumah-data/tree/v1.0.0-rc3
1164783,LexiRumah: Lexical data of Lesser Sunda lects,"<p><strong>LexiRumah</strong> (from&nbsp;<em>Lexicon</em>&nbsp;and Ind.&nbsp;<em>Rumah</em>&nbsp;= house) is an online database containing lexical data about languages of the Lesser Sunda islands. The database contains transcribed wordlist data and was set up and is maintained by the NWO Vici project&nbsp;<a href=""http://www.vici.marianklamer.org/"">&ldquo;Reconstructing the past through languages of the present: the Lesser Sunda Islands&rdquo;</a>&nbsp;at Leiden University.</p>

<p>An online version is available from&nbsp;<a href=""http://www.model-ling.eu/lexirumah/"">http://www.model-ling.eu/lexirumah/</a>.</p>",,,v1.0.0-rc.2,Gereon Kaiping ; Marian Klamer ; Jiang Wu ; Thijs Bleyenberg,,10.5281/zenodo.1164783,10.5281/zenodo.1164782,1164782,2018-02-02T14:15:12.769165+00:00,2022-02-03T00:23:38.915604+00:00,cldf-datasets;clld;clics;lexibank,cc-by-4.0,https://zenodo.org/records/1164783,1164783,linguistics;lexicon;indonesia,dataset,https://github.com/lessersunda/lexirumah-data/tree/v1.0.0-rc.2
5899636,CLDF dataset derived from Streitberg's 'Die Gotische Bibel [The Gothic bible]' from 1910,"<p>Cite the source of the dataset as:</p>

<blockquote>
<p>Streitberg 1910, Van Loon 2004</p>
</blockquote>",,,v1.1,Wilhelm Streitberg,Jozef Van Loon ; Tom De Herdt ; Frank Kinnaer ; David Landau ; Robert Tannert ; Steven Van Assche ; Viktor Martinović ; Johann-Mattis List,10.5281/zenodo.5899636,10.5281/zenodo.5899635,5899635,2022-01-24T23:32:58.799780+00:00,2022-01-25T06:11:39.245033+00:00,lexibank,cc-by-4.0,https://zenodo.org/records/5899636,5899636,cldf:Wordlist;linguistics,dataset,https://github.com/martino-vic/streitberggothic/tree/v1.1
5806874,martino-vic/wiktionary_cldf: First release,<p>cldf-conform data for 2 377 756 entries across 1403 languages found on the English Wiktionary</p>,,,v1.0,Viktor Martinović,,10.5281/zenodo.5806874,10.5281/zenodo.5806873,5806873,2021-12-28T04:08:42.920409+00:00,2022-01-03T13:18:55.097368+00:00,cldf-datasets,other-open,https://zenodo.org/records/5806874,5806874,,dataset,https://github.com/martino-vic/wiktionary_cldf/tree/v1.0
5806895,martino-vic/maori_cldf: First release,<p>cldf data for Maori</p>,,,v.1.1,Viktor Martinović,,10.5281/zenodo.5806895,10.5281/zenodo.5806894,5806894,2021-12-28T04:55:58.991185+00:00,2022-01-03T13:18:49.789748+00:00,cldf-datasets,other-open,https://zenodo.org/records/5806895,5806895,,dataset,https://github.com/martino-vic/maori_cldf/tree/v.1.1
5751226,"CLDF dataset underlying the study ""Detection of contact layers in Bangime"" from 2021","<p>Cite the source of the dataset as:</p>

<blockquote>
<p>Hantgan, Abbie and Babiker, Hiba and List, Johann-Mattis (2021): Detection of contact layers in Bangime.</p>
</blockquote>",,,v0.2,shh-dlce-zenodo,,10.5281/zenodo.5751226,10.5281/zenodo.5751225,5751225,2021-12-03T06:33:58.608061+00:00,2021-12-03T13:48:50.295661+00:00,calc;lexibank;digling,cc-by-4.0,https://zenodo.org/records/5751226,5751226,cldf:Wordlist;linguistics,dataset,https://github.com/lexibank/baf2/tree/v0.2
3537767,lingpy/language-island-paper: Bangime and Friends,"<p>This package offers source code and data for the forthcoming paper by Hantgan and List &quot;&quot;Bangime: Secret Language, Language Isolate, or Language Island?&quot; by Hantgan and List &quot;</p>

<p>If you use the code, please also cite the original paper:</p>

<blockquote>
<p>Hantgan, Abbie and List, Johann-Mattis (forthcoming): Bangime. Secret language, language isolate, or language island? Journal of Language Contact.</p>
</blockquote>",,,v3.0.1,Johann-Mattis List ; Abbie Hantgan,,10.5281/zenodo.3537767,10.5281/zenodo.1407140,1407140,2019-11-11T14:26:39.803032+00:00,2021-11-21T06:34:15.425778+00:00,digling;eu;clics,other-open,https://zenodo.org/records/3537767,3537767,cldf:Wordlist,dataset,https://github.com/lingpy/language-island-paper/tree/v3.0.1
3537725,lingpy/language-island-paper: Bangime and Friends,"<p>This package offers source code and data for the forthcoming paper by Hantgan and List &quot;&quot;Bangime: Secret Language, Language Isolate, or Language Island?&quot; by Hantgan and List &quot;</p>

<p>If you use the code, please also cite the original paper:</p>

<blockquote>
<p>Hantgan, Abbie and List, Johann-Mattis (forthcoming): Bangime. Secret language, language isolate, or language island? Journal of Language Contact.</p>
</blockquote>",,,v3.0,Johann-Mattis List ; Abbie Hantgan,,10.5281/zenodo.3537725,10.5281/zenodo.1407140,1407140,2019-11-11T14:05:34.212103+00:00,2021-11-21T06:34:15.390631+00:00,digling;eu;clics,other-open,https://zenodo.org/records/3537725,3537725,,dataset,https://github.com/lingpy/language-island-paper/tree/v3.0
3268497,"lingpy/language-island-paper: Source code and data accompanying the paper ""Bangime: Secret Language, Language Isolate, or Language Island?""","<p>This package offers source code and data for the forthcoming paper by Hantgan and List &quot;&quot;Bangime: Secret Language, Language Isolate, or Language Island?&quot; by Hantgan and List &quot;</p>

<p>If you use the code, please also cite the original paper:</p>

<blockquote>
<p>Hantgan, Abbie and List, Johann-Mattis (forthcoming): Bangime. Secret language, language isolate, or language island? Journal of Language Contact.</p>
</blockquote>",,,v2.0.2,Johann-Mattis List ; Abbie Hantgan,,10.5281/zenodo.3268497,10.5281/zenodo.1407140,1407140,2019-07-04T09:27:01.925915+00:00,2021-11-21T06:34:15.359346+00:00,eu;digling;clics,other-open,https://zenodo.org/records/3268497,3268497,,dataset,https://github.com/lingpy/language-island-paper/tree/v2.0.2
3203943,"lingpy/language-island-paper: Source code and data accompanying the paper ""Bangime: Secret Language, Language Isolate, or Language Island?""","<p>This package offers source code and data for the forthcoming paper by Hantgan and List &quot;&quot;Bangime: Secret Language, Language Isolate, or Language Island?&quot; by Hantgan and List &quot;</p>

<p>If you use the code, please also cite the original paper:</p>

<blockquote>
<p>Hantgan, Abbie and List, Johann-Mattis (forthcoming): Bangime. Secret language, language isolate, or language island? Journal of Language Contact.</p>
</blockquote>",,,v2.0.1,Johann-Mattis List ; Abbie Hantgan,,10.5281/zenodo.3203943,10.5281/zenodo.1407140,1407140,2019-05-23T13:14:22.336715+00:00,2021-11-21T06:34:15.341931+00:00,eu;digling;clics,other-open,https://zenodo.org/records/3203943,3203943,,dataset,https://github.com/lingpy/language-island-paper/tree/v2.0.1
2634934,"lingpy/language-island-paper: Source code and data accompanying the paper ""Bangime: Secret Language, Language Isolate, or Language Island?""","<p>Cite the lexibank dataset as</p>
<p>This package offers source code and data for the forthcoming paper by Hantgan and List """"Bangime: Secret Language, Language Isolate, or Language Island?"" by Hantgan and List ""</p>
<p>If you use the code, please also cite the original paper:</p>
<blockquote><p>Hantgan, Abbie and List, Johann-Mattis (forthcoming): Bangime. Secret language, language isolate, or language island? Journal of Language Contact.</p>
</blockquote>",,,v2.0,Simon J Greenhill ; Johann-Mattis List ; Christoph Rzymski,,10.5281/zenodo.2634934,10.5281/zenodo.1407140,1407140,2019-04-10T08:28:17.350827+00:00,2021-11-21T06:34:15.325801+00:00,eu;digling;clics,other-open,https://zenodo.org/records/2634934,2634934,,software,https://github.com/lingpy/language-island-paper/tree/v2.0
1407141,"Source code and data accompanying the paper ""Bangime: Secret Language, Language Isolate, or Language Island?""","<p>This package offers source code and data for the forthcoming paper by Hantgan and List &quot;&quot;Bangime: Secret Language, Language Isolate, or Language Island?&quot; by Hantgan and List &quot;</p>

<p>If you use the code, please also cite the original paper:</p>

<blockquote>
<p>Hantgan, Abbie and List, Johann-Mattis (forthcoming): Bangime. Secret language, language isolate, or language island? Journal of Language Contact.</p>
</blockquote>",,,v1.0,Johann-Mattis List ; Abbie Hantgan,,10.5281/zenodo.1407141,10.5281/zenodo.1407140,1407140,2018-08-31T16:37:45.711621+00:00,2021-11-21T06:34:15.264169+00:00,eu;clics;digling,gpl-2.0,https://zenodo.org/records/1407141,1407141,Bangime;Dogon languages;computer-assisted language comparison;language isolate;automatic sequence comparison;computational historical linguistics,dataset,https://github.com/lingpy/language-island-paper/tree/v1.0
5667260,"CLDF dataset derived from Hartmann et al.'s ""Valency Patterns Leipzig"" from 2013","<p>Cite the source of the dataset as:</p>

<blockquote>
<p>Hartmann, Iren &amp; Haspelmath, Martin &amp; Taylor, Bradley (eds.) 2013. Valency Patterns Leipzig. Leipzig: Max Planck Institute for Evolutionary Anthropology. (Available online at http://valpal.info)</p>
</blockquote>",,,v1.0,Robert Forkel,,10.5281/zenodo.5667260,10.5281/zenodo.5667259,5667259,2021-11-10T12:02:39.672468+00:00,2021-11-10T13:49:19.213192+00:00,lexibank,cc-by-3.0,https://zenodo.org/records/5667260,5667260,cldf:Wordlist;linguistics,dataset,https://github.com/lexibank/valpal/tree/v1.0
5653063,dictionaria/teanu: Teanu dictionary (Solomon Islands),"François, Alexandre. 2021. Teanu dictionary (Solomon Islands). Dictionaria 15. 1-1877. (Available online at https://dictionaria.clld.org/contributions/teanu)",,,v1.0,Alexandre François,,10.5281/zenodo.5653063,10.5281/zenodo.5653062,5653062,2021-11-08T09:28:15.513622+00:00,2021-11-08T13:48:34.421068+00:00,cldf-datasets;dictionaria;clld,cc-by-4.0,https://zenodo.org/records/5653063,5653063,cldf:Dictionary;linguistics,dataset,https://github.com/dictionaria/teanu/tree/v1.0
5554412,CLDF Dataset derived from D-PLACE,"This dataset contains the data from D-PLACE, the Database of Places, Language, Culture and Environment, serialized as CLDF StructureDataset.",,,v2.2.1,Kathryn R. Kirby ; Russell D. Gray ; Simon J. Greenhill ; Fiona M. Jordan ; Stephanie Gomes-Ng ; Hans-Jörg Bibiko ; Damián E. Blasi ; Carlos A. Botero ; Claire Bowern ; Carol R. Ember ; Dan Leehr ; Bobbi S. Low ; Joe McCarter ; William Divale ; Michael C. Gavin,Robert Forkel,10.5281/zenodo.5554412,10.5281/zenodo.3935419,3935419,2021-10-07T11:22:56.864547+00:00,2021-10-07T13:48:31.727601+00:00,cldf-datasets;dplace,cc-by-nc-4.0,https://zenodo.org/records/5554412,5554412,cldf:StructureDataset,dataset,https://github.com/D-PLACE/dplace-cldf/tree/v2.2.1
4087927,CLDF Dataset derived from D-PLACE,"This dataset contains the data from D-PLACE, the Database of Places, Language, Culture and Environment, serialized as CLDF StructureDataset.",,,v2.2.0,Kathryn R. Kirby ; Russell D. Gray ; Simon J. Greenhill ; Fiona M. Jordan ; Stephanie Gomes-Ng ; Hans-Jörg Bibiko ; Damián E. Blasi ; Carlos A. Botero ; Claire Bowern ; Carol R. Ember ; Dan Leehr ; Bobbi S. Low ; Joe McCarter ; William Divale ; Michael C. Gavin,Robert Forkel,10.5281/zenodo.4087927,10.5281/zenodo.3935419,3935419,2020-10-14T08:35:08.961526+00:00,2021-10-07T11:22:57.225855+00:00,cldf-datasets;dplace,cc-by-nc-4.0,https://zenodo.org/records/4087927,4087927,cldf:StructureDataset,dataset,https://github.com/D-PLACE/dplace-cldf/tree/v2.2.0
3952518,CLDF Dataset derived from D-PLACE,"This dataset contains the data from D-PLACE, the Database of Places, Language, Culture and Environment, serialized as CLDF StructureDataset.",,,v2.1.0,Kathryn R. Kirby ; Russell D. Gray ; Simon J. Greenhill ; Fiona M. Jordan ; Stephanie Gomes-Ng ; Hans-Jörg Bibiko ; Damián E. Blasi ; Carlos A. Botero ; Claire Bowern ; Carol R. Ember ; Dan Leehr ; Bobbi S. Low ; Joe McCarter ; William Divale ; Michael C. Gavin,Robert Forkel,10.5281/zenodo.3952518,10.5281/zenodo.3935419,3935419,2020-07-20T14:05:00.678667+00:00,2021-10-07T11:22:57.096639+00:00,cldf-datasets;dplace,cc-by-nc-4.0,https://zenodo.org/records/3952518,3952518,cldf:StructureDataset,dataset,https://github.com/D-PLACE/dplace-cldf/tree/v2.1.0
3935420,CLDF Dataset derived from D-PLACE,"<p>This dataset contains the data from D-PLACE, the Database of Places, Language, Culture and Environment, serialized as CLDF StructureDataset.</p>",,,v2.0.1,Kathryn R. Kirby ; Russell D. Gray ; Simon J. Greenhill ; Fiona M. Jordan ; Stephanie Gomes-Ng ; Hans-Jörg Bibiko ; Damián E. Blasi ; Carlos A. Botero ; Claire Bowern ; Carol R. Ember ; Dan Leehr ; Bobbi S. Low ; Joe McCarter ; William Divale ; Michael C. Gavin,Robert Forkel,10.5281/zenodo.3935420,10.5281/zenodo.3935419,3935419,2020-07-08T09:23:01.811872+00:00,2021-10-07T11:22:56.991564+00:00,cldf-datasets;dplace,cc-by-nc-4.0,https://zenodo.org/records/3935420,3935420,cldf:StructureDataset,dataset,https://github.com/D-PLACE/dplace-cldf/tree/v2.0.1
5526477,dictionaria/palula: Palula dictionary,"Liljegren, Henrik. 2019. Palula dictionary. Dictionaria 3. 1-2700 (Available online at https://dictionaria.clld.org/contributions/palula)",,,v1.2,Henrik Liljegren,,10.5281/zenodo.5526477,10.5281/zenodo.3066951,3066951,2021-09-24T12:23:40.857345+00:00,2021-09-24T13:48:29.365215+00:00,cldf-datasets;dictionaria;clld,cc-by-4.0,https://zenodo.org/records/5526477,5526477,cldf:Dictionary;linguistics,dataset,https://github.com/dictionaria/palula/tree/v1.2
5526419,dictionaria/kalamang: Kalamang dictionary,"Visser, Eline. 2020. Kalamang dictionary. Dictionaria 13. 1-2737 (Available online at http://dictionaria.clld.org/contributions/kalamang)",,,v1.2,Eline Visser,,10.5281/zenodo.5526419,10.5281/zenodo.4297473,4297473,2021-09-24T12:06:22.418926+00:00,2021-09-24T13:48:29.271395+00:00,cldf-datasets;dictionaria;clld,cc-by-4.0,https://zenodo.org/records/5526419,5526419,cldf:Dictionary;linguistics,dataset,https://github.com/dictionaria/kalamang/tree/v1.2
5526568,dictionaria/wersing: Wersing dictionary,"Schapper, Antoinette. 2020. Wersing dictionary. Dictionaria 11. 1-1430 (Available online at https://dictionaria.clld.org/contributions/wersing)",,,v1.2,Antoinette Schapper,,10.5281/zenodo.5526568,10.5281/zenodo.4139454,4139454,2021-09-24T13:02:28.982013+00:00,2021-09-24T13:48:29.268741+00:00,cldf-datasets;dictionaria;clld,cc-by-4.0,https://zenodo.org/records/5526568,5526568,cldf:Dictionary;linguistics,dataset,https://github.com/dictionaria/wersing/tree/v1.2
5526550,dictionaria/tseltal: Tseltal-Spanish multidialectal dictionary,"Polian, Gilles. 2020. Tseltal-Spanish multidialectal dictionary. Dictionaria 10. 1-8109 (Available online at https://dictionaria.clld.org/contributions/tseltal)",,,v1.2,Gilles Polian,,10.5281/zenodo.5526550,10.5281/zenodo.3660890,3660890,2021-09-24T12:53:48.810046+00:00,2021-09-24T13:48:29.245972+00:00,cldf-datasets;dictionaria;clld,cc-by-4.0,https://zenodo.org/records/5526550,5526550,cldf:Dictionary;linguistics,dataset,https://github.com/dictionaria/tseltal/tree/v1.2
5526459,dictionaria/nen: Nen Dictionary,"Evans, Nicholas. 2019. Nen dictionary. Dictionaria 8. 1-5005 (Available online at https://dictionaria.clld.org/contributions/nen)",,,v1.3,Nicholas Evans,,10.5281/zenodo.5526459,10.5281/zenodo.3345804,3345804,2021-09-24T12:18:52.316909+00:00,2021-09-24T13:48:29.242968+00:00,cldf-datasets;dictionaria;clld,cc-by-4.0,https://zenodo.org/records/5526459,5526459,cldf:Dictionary;linguistics,dataset,https://github.com/dictionaria/nen/tree/v1.3
5526509,dictionaria/sanzhi: Sanzhi Dargwa dictionary,"Forker, Diana. 2019. Sanzhi Dargwa dictionary. Dictionaria 5. 1-5533. (Available online at https://dictionaria.clld.org/contributions/sanzhi, Accessed on 2021-02-08.)",,,v1.2,Diana Forker,,10.5281/zenodo.5526509,10.5281/zenodo.3257633,3257633,2021-09-24T12:31:27.484774+00:00,2021-09-24T13:48:29.218332+00:00,cldf-datasets;dictionaria;clld,cc-by-4.0,https://zenodo.org/records/5526509,5526509,cldf:Dictionary;linguistics,dataset,https://github.com/dictionaria/sanzhi/tree/v1.2
5526353,dictionaria/iquito: Iquito dictionary,"Michael, Lev and Beier, Christine. 2021. Iquito dictionary. Dictionaria 14. 1-4128. (Available online at https://dictionaria.clld.org/contributions/iquito, Accessed on 2021-09-24.)",,,v1.1,Lev Michael ; Christine Beier,,10.5281/zenodo.5526353,10.5281/zenodo.4676275,4676275,2021-09-24T11:43:50.029274+00:00,2021-09-24T13:48:29.197094+00:00,cldf-datasets;dictionaria;clld,cc-by-4.0,https://zenodo.org/records/5526353,5526353,cldf:Dictionary;linguistics,dataset,https://github.com/dictionaria/iquito/tree/v1.1
5526447,dictionaria/medialengua: Media Lengua dictionary,"Visser, Eline. 2020. Kalamang dictionary. Dictionaria 13. 1-2737 (Available online at http://dictionaria.clld.org/contributions/kalamang)",,,v1.2,Jesse Stewart ; Gabriela Prado Ayala ; Lucia Gonza Inlago,,10.5281/zenodo.5526447,10.5281/zenodo.4147098,4147098,2021-09-24T12:14:51.923043+00:00,2021-09-24T13:48:29.196162+00:00,cldf-datasets;dictionaria;clld,cc-by-4.0,https://zenodo.org/records/5526447,5526447,cldf:Dictionary;linguistics,dataset,https://github.com/dictionaria/medialengua/tree/v1.2
5526518,dictionaria/sidaama: Sidaama dictionary,"Yri, Kjell Magne and Pepper, Steve. 2019. Sidaama dictionary. Dictionaria 6. 1-3578 (Available online at https://dictionaria.clld.org/contributions/sidaama)",,,v1.2,Kjell Magne Yri ; Steve Pepper,,10.5281/zenodo.5526518,10.5281/zenodo.3338362,3338362,2021-09-24T12:35:52.968853+00:00,2021-09-24T13:48:29.112841+00:00,cldf-datasets;dictionaria;clld,cc-by-4.0,https://zenodo.org/records/5526518,5526518,cldf:Dictionary;linguistics,dataset,https://github.com/dictionaria/sidaama/tree/v1.2
5526528,dictionaria/teop: A multifunctional Teop-English dictionary,"Mosel, Ulrike. 2019. A multifunctional Teop-English dictionary.  Dictionaria 4. 1-6488. (Available online at https://dictionaria.clld.org/contributions/teop, Accessed on 2021-02-08.)",,,v1.2,Ulrike Mosel,,10.5281/zenodo.5526528,10.5281/zenodo.3257579,3257579,2021-09-24T12:41:26.595890+00:00,2021-09-24T13:48:29.096612+00:00,cldf-datasets;dictionaria;clld,cc-by-4.0,https://zenodo.org/records/5526528,5526528,cldf:Dictionary;linguistics,dataset,https://github.com/dictionaria/teop/tree/v1.2
5526318,dictionaria/guarayu: Guarayu. A revised dictionary by Alfred Hoeller,"Danielsen, Swintha and Sell, Lena and Terhart, Lena. 2019. Guarayu. A revised dictionary by Alfred Hoeller. Dictionaria 7. 1-3590 (Available online at https://dictionaria.clld.org/contributions/guarayu)",,,v1.2,Swintha Danielsen ; Lena Sell ; Lena Terhart,,10.5281/zenodo.5526318,10.5281/zenodo.3340717,3340717,2021-09-24T11:25:33.157318+00:00,2021-09-24T13:48:28.981183+00:00,cldf-datasets;dictionaria;clld,cc-by-4.0,https://zenodo.org/records/5526318,5526318,cldf:Dictionary;linguistics,dataset,https://github.com/dictionaria/guarayu/tree/v1.2
5526305,dictionaria/diidxaza: La Ventosa Diidxazá Lexico-Botanical Dictionary,"Pérez Báez, Gabriela and Kaufman, Terrence. 2018. La Ventosa Diidxazá Lexico-Botanical Dictionary. Dictionaria 5. 1-952 (Available online at https://dictionaria.clld.org/contributions/diidxaza)",,,v1.2,Gabriela Pérez Báez ; Terrence Kaufman,,10.5281/zenodo.5526305,10.5281/zenodo.3451856,3451856,2021-09-24T11:19:39.203429+00:00,2021-09-24T13:48:28.905139+00:00,cldf-datasets;dictionaria;clld,cc-by-4.0,https://zenodo.org/records/5526305,5526305,cldf:Dictionary;linguistics,dataset,https://github.com/dictionaria/diidxaza/tree/v1.2
5526333,dictionaria/hdi: Hdi Dictionary,"Frajzyngier, Zygmunt and Eguchi, Paul and Prafé, Roger and Schwabauer, Megan (with Erin Shay, Henry Tourneux). 2017. Hdi dictionary. Dictionaria 2. 1-1681. DOI: 10.5281/zenodo.3067648 (Available online at https://dictionaria.clld.org/contributions/hdi)",,,v1.3,Zygmunt Frajzyngier ; Paul Eguchi ; Roger Prafé ; Megan Schwabauer ; Erin Shay ; Henry Tourneux,,10.5281/zenodo.5526333,10.5281/zenodo.3067648,3067648,2021-09-24T11:35:41.599320+00:00,2021-09-24T13:48:28.904979+00:00,cldf-datasets;dictionaria;clld,cc-by-4.0,https://zenodo.org/records/5526333,5526333,cldf:Dictionary;linguistics,dataset,https://github.com/dictionaria/hdi/tree/v1.3
5526292,dictionaria/daakaka: Daakaka Dictionary,"von Prince, Kilu. 2017. Daakaka dictionary. Dictionaria 1. 1-2167 (Available online at https://dictionaria.clld.org/contributions/daakaka)",,,v1.3,Kilu von Prince,,10.5281/zenodo.5526292,10.5281/zenodo.3067380,3067380,2021-09-24T11:08:36.419498+00:00,2021-09-24T13:48:28.802541+00:00,cldf-datasets;dictionaria;clld,cc-by-4.0,https://zenodo.org/records/5526292,5526292,cldf:Dictionary;linguistics,dataset,https://github.com/dictionaria/daakaka/tree/v1.3
4675001,dictionaria/wersing: Wersing dictionary,"Schapper, Antoinette. 2020. Wersing dictionary. Dictionaria 11. 1-1430 (Available online at https://dictionaria.clld.org/contributions/wersing)",,,v1.1,Antoinette Schapper,,10.5281/zenodo.4675001,10.5281/zenodo.4139454,4139454,2021-04-09T11:57:57.320486+00:00,2021-09-24T13:02:29.327148+00:00,cldf-datasets;clld;dictionaria,cc-by-4.0,https://zenodo.org/records/4675001,4675001,cldf:Dictionary;linguistics,dataset,https://github.com/dictionaria/wersing/tree/v1.1
4139455,dictionaria/wersing: Wersing dictionary,"<p>Schapper, Antoinette. 2020. Wersing dictionary. Dictionaria 11. 1-1430 (Available online at <a href=""https://dictionaria.clld.org/contributions/wersing"">https://dictionaria.clld.org/contributions/wersing</a>)</p>",,,v1.0,Antoinette Schapper,,10.5281/zenodo.4139455,10.5281/zenodo.4139454,4139454,2020-10-27T12:37:32.034755+00:00,2021-09-24T13:02:29.132262+00:00,cldf-datasets;clld;dictionaria,cc-by-4.0,https://zenodo.org/records/4139455,4139455,cldf:Dictionary;linguistics,dataset,https://github.com/dictionaria/wersing/tree/v1.0
4675071,dictionaria/tseltal: Tseltal-Spanish multidialectal dictionary,"Polian, Gilles. 2020. Tseltal-Spanish multidialectal dictionary. Dictionaria 10. 1-8109 (Available online at https://dictionaria.clld.org/contributions/tseltal)",,,v1.1,Gilles Polian,,10.5281/zenodo.4675071,10.5281/zenodo.3660890,3660890,2021-04-09T12:20:02.279191+00:00,2021-09-24T12:53:49.257735+00:00,cldf-datasets;clld;dictionaria,cc-by-4.0,https://zenodo.org/records/4675071,4675071,cldf:Dictionary;linguistics,dataset,https://github.com/dictionaria/tseltal/tree/v1.1
3668865,dictionaria/tseltal: Tseltal-Spanish multidialectal dictionary,"<p>Polian, Gilles. 2020. Tseltal-Spanish multidialectal dictionary. Dictionaria 10. 1-8109 (Available online at <a href=""https://dictionaria.clld.org/contributions/tseltal"">https://dictionaria.clld.org/contributions/tseltal</a>)</p>",,,v1.0.1,Gilles Polian,,10.5281/zenodo.3668865,10.5281/zenodo.3660890,3660890,2020-02-16T09:12:14.917414+00:00,2021-09-24T12:53:49.100674+00:00,cldf-datasets;dictionaria;clld,cc-by-4.0,https://zenodo.org/records/3668865,3668865,,dataset,https://github.com/dictionaria/tseltal/tree/v1.0.1
3660891,dictionaria/tseltal: Tseltal-Spanish multidialectal dictionary,"<p>Polian, Gilles. 2020. Tseltal-Spanish multidialectal dictionary. Dictionaria 10. 1-8109 (Available online at <a href=""https://dictionaria.clld.org/contributions/tseltal"">https://dictionaria.clld.org/contributions/tseltal</a>)</p>",,,v1.0,Gilles Polian,,10.5281/zenodo.3660891,10.5281/zenodo.3660890,3660890,2020-02-10T09:50:25.226188+00:00,2021-09-24T12:53:48.956158+00:00,cldf-datasets;dictionaria;clld,cc-by-4.0,https://zenodo.org/records/3660891,3660891,cldf:Dictionary,dataset,https://github.com/dictionaria/tseltal/tree/v1.0
4675073,dictionaria/teop: A multifunctional Teop-English dictionary,"Mosel, Ulrike. 2019. A multifunctional Teop-English dictionary.  Dictionaria 4. 1-6488. DOI: 10.5281/zenodo.3257580 (Available online at https://dictionaria.clld.org/contributions/teop, Accessed on 2021-02-08.)",,,v1.1,Ulrike Mosel,,10.5281/zenodo.4675073,10.5281/zenodo.3257579,3257579,2021-04-09T12:21:28.669714+00:00,2021-09-24T12:41:26.855312+00:00,cldf-datasets;clld;dictionaria,cc-by-4.0,https://zenodo.org/records/4675073,4675073,cldf:Dictionary;linguistics,dataset,https://github.com/dictionaria/teop/tree/v1.1
3257580,dictionaria/teop: A multifunctional Teop-English dictionary,<p>A multifunctional Teop-English dictionary by Ulrike Mosel</p>,,,v1.0,Ulrike Mosel,,10.5281/zenodo.3257580,10.5281/zenodo.3257579,3257579,2019-06-26T14:36:17.073866+00:00,2021-09-24T12:41:26.707578+00:00,dictionaria;cldf-datasets;clld,cc-by-4.0,https://zenodo.org/records/3257580,3257580,cldf:Dictionary,dataset,https://github.com/dictionaria/teop/tree/v1.0
4675076,dictionaria/sidaama: Sidaama dictionary,"Yri, Kjell Magne and Pepper, Steve. 2019. Sidaama dictionary. Dictionaria 6. 1-3578 (Available online at https://dictionaria.clld.org/contributions/sidaama)",,,v1.1,Kjell Magne Yri ; Steve Pepper,,10.5281/zenodo.4675076,10.5281/zenodo.3338362,3338362,2021-04-09T12:22:23.432364+00:00,2021-09-24T12:35:53.224249+00:00,cldf-datasets;clld;dictionaria,cc-by-4.0,https://zenodo.org/records/4675076,4675076,cldf:Dictionary;linguistics,dataset,https://github.com/dictionaria/sidaama/tree/v1.1
3338363,dictionaria/sidaama: Sidaama Dictionary,"<p>Yri, Kjell Magne and Pepper, Steve. 2019. Sidaama dictionary. Dictionaria 6. 1-3578 (Available online at <a href=""https://dictionaria.clld.org/contributions/sidaama"">https://dictionaria.clld.org/contributions/sidaama</a>)</p>",,,v1.0,Kjell Magne Yri ; Steve Pepper,,10.5281/zenodo.3338363,10.5281/zenodo.3338362,3338362,2019-07-16T16:05:12.663712+00:00,2021-09-24T12:35:53.080504+00:00,dictionaria;cldf-datasets;clld,cc-by-4.0,https://zenodo.org/records/3338363,3338363,cldf:Dictionary,dataset,https://github.com/dictionaria/sidaama/tree/v1.0
4675079,dictionaria/sanzhi: Sanzhi Dargwa dictionary,"Forker, Diana. 2019. Sanzhi Dargwa dictionary. Dictionaria 5. 1-5533. DOI: 10.5281/zenodo.3257634 (Available online at https://dictionaria.clld.org/contributions/sanzhi, Accessed on 2021-02-08.)",,,v1.1,Diana Forker,,10.5281/zenodo.4675079,10.5281/zenodo.3257633,3257633,2021-04-09T12:23:10.151235+00:00,2021-09-24T12:31:27.704245+00:00,cldf-datasets;clld;dictionaria,cc-by-4.0,https://zenodo.org/records/4675079,4675079,cldf:Dictionary;linguistics,dataset,https://github.com/dictionaria/sanzhi/tree/v1.1
3257634,dictionaria/sanzhi: Sanzhi Dargwa dictionary,<p>Sanzhi Dargwa dictionary by Diana Forker</p>,,,v1.0,Diana Forker,,10.5281/zenodo.3257634,10.5281/zenodo.3257633,3257633,2019-06-26T15:36:42.770083+00:00,2021-09-24T12:31:27.582092+00:00,dictionaria;cldf-datasets;clld,cc-by-4.0,https://zenodo.org/records/3257634,3257634,cldf:Dictionary,dataset,https://github.com/dictionaria/sanzhi/tree/v1.0
4675089,dictionaria/palula: Palula dictionary,"Liljegren, Henrik. 2019. Palula dictionary. Dictionaria 3. 1-2700 (Available online at https://dictionaria.clld.org/contributions/palula)",,,v1.1,Henrik Liljegren,,10.5281/zenodo.4675089,10.5281/zenodo.3066951,3066951,2021-04-09T12:26:34.311308+00:00,2021-09-24T12:23:41.110222+00:00,cldf-datasets;clld;dictionaria,cc-by-4.0,https://zenodo.org/records/4675089,4675089,cldf:Dictionary;linguistics,dataset,https://github.com/dictionaria/palula/tree/v1.1
3066952,dictionaria/palula: Palula Dictionary,"<p>Liljegren, Henrik. 2019. Palula dictionary. Dictionaria 3. 1-2700 (Available online at <a href=""https://dictionaria.clld.org/contributions/palula"">https://dictionaria.clld.org/contributions/palula</a>)</p>",,,v1.0,Henrik Liljegren,,10.5281/zenodo.3066952,10.5281/zenodo.3066951,3066951,2019-05-21T07:49:55.137313+00:00,2021-09-24T12:23:40.955974+00:00,dictionaria;cldf-datasets;clld,cc-by-4.0,https://zenodo.org/records/3066952,3066952,cldf:Dictionary,dataset,https://github.com/dictionaria/palula/tree/v1.0
4675080,dictionaria/nen: Nen Dictionary,"Evans, Nicholas. 2019. Nen dictionary. Dictionaria 8. 1-5005 (Available online at https://dictionaria.clld.org/contributions/nen)",,,v1.2,Nicholas Evans,,10.5281/zenodo.4675080,10.5281/zenodo.3345804,3345804,2021-04-09T12:24:00.409445+00:00,2021-09-24T12:18:52.701096+00:00,cldf-datasets;clld;dictionaria,cc-by-4.0,https://zenodo.org/records/4675080,4675080,cldf:Dictionary;linguistics,dataset,https://github.com/dictionaria/nen/tree/v1.2
3403988,dictionaria/nen: Nen Dictionary,"<p>Evans, Nicholas. 2019. Nen dictionary. Dictionaria 8. 1-5005 (Available online at <a href=""https://dictionaria.clld.org/contributions/nen"">https://dictionaria.clld.org/contributions/nen</a>)</p>",,,v1.1,Nicholas Evans,,10.5281/zenodo.3403988,10.5281/zenodo.3345804,3345804,2019-09-10T16:05:26.428819+00:00,2021-09-24T12:18:52.566473+00:00,dictionaria;cldf-datasets;clld,cc-by-4.0,https://zenodo.org/records/3403988,3403988,cldf:Dictionary,dataset,https://github.com/dictionaria/nen/tree/v1.1
3345805,dictionaria/nen: Nen Dictionary,"<p>Evans, Nicholas. 2019. Nen dictionary. Dictionaria 8. 1-5005 (Available online at <a href=""https://matthew.clld.org/dictionaria/contributions/nen"">https://dictionaria.clld.org/contributions/nen</a>)</p>",,,v1.0,Nicholas Evans,,10.5281/zenodo.3345805,10.5281/zenodo.3345804,3345804,2019-07-22T14:04:43.573452+00:00,2021-09-24T12:18:52.441626+00:00,dictionaria;cldf-datasets;clld,cc-by-4.0,https://zenodo.org/records/3345805,3345805,linguistics;CLDF,dataset,https://github.com/dictionaria/nen/tree/v1.0
4675092,dictionaria/medialengua: Media Lengua dictionary,"Visser, Eline. 2020. Kalamang dictionary. Dictionaria 13. 1-2737 (Available online at http://dictionaria.clld.org/contributions/kalamang)",,,v1.1,Jesse Stewart ; Gabriela Prado Ayala ; Lucia Gonza Inlago,,10.5281/zenodo.4675092,10.5281/zenodo.4147098,4147098,2021-04-09T12:27:28.700122+00:00,2021-09-24T12:14:52.188933+00:00,cldf-datasets;clld;dictionaria,cc-by-4.0,https://zenodo.org/records/4675092,4675092,cldf:Dictionary;linguistics,dataset,https://github.com/dictionaria/medialengua/tree/v1.1
4147099,dictionaria/medialengua: Media Lengua dictionary,"<p>Stewart, Jesse (with Gabriela Prado Ayala, Lucia Gonza Inlago). 2020. Media Lengua dictionary. Dictionaria 12. 1-3216 (Available online at https://dictionaria.clld.org/contributions/medialengua)</p>",,,v1.0,Jesse Stewart ; Gabriela Prado Ayala ; Lucia Gonza Inlago,,10.5281/zenodo.4147099,10.5281/zenodo.4147098,4147098,2020-10-28T12:11:49.678886+00:00,2021-09-24T12:14:52.047678+00:00,cldf-datasets;clld;dictionaria,cc-by-4.0,https://zenodo.org/records/4147099,4147099,cldf:Dictionary;linguistics,dataset,https://github.com/dictionaria/medialengua/tree/v1.0
4675093,dictionaria/kalamang: Kalamang dictionary,"Visser, Eline. 2020. Kalamang dictionary. Dictionaria 13. 1-2737 (Available online at http://dictionaria.clld.org/contributions/kalamang)",,,v1.1,Eline Visser,,10.5281/zenodo.4675093,10.5281/zenodo.4297473,4297473,2021-04-09T12:28:01.998489+00:00,2021-09-24T12:06:22.679840+00:00,cldf-datasets;clld;dictionaria,cc-by-4.0,https://zenodo.org/records/4675093,4675093,cldf:Dictionary;linguistics,dataset,https://github.com/dictionaria/kalamang/tree/v1.1
4297474,dictionaria/kalamang: Kalamang dictionary,"<p>Visser, Eline. 2020. Kalamang dictionary. Dictionaria 13. 1-2737 (Available online at http://dictionaria.clld.org/contributions/kalamang)</p>",,,v1.0,Eline Visser,,10.5281/zenodo.4297474,10.5281/zenodo.4297473,4297473,2020-11-30T09:50:36.054089+00:00,2021-09-24T12:06:22.557806+00:00,cldf-datasets;clld;dictionaria,cc-by-4.0,https://zenodo.org/records/4297474,4297474,cldf:Dictionary;linguistics,dataset,https://github.com/dictionaria/kalamang/tree/v1.0
4676276,dictionaria/iquito: Iquito dictionary,"<p>Michael, Lev and Beier, Christine. 2021. Iquito dictionary. Dictionaria 14. 1-4128 (Available online at <a href=""https://dictionaria.clld.org/contributions/iquito"">https://dictionaria.clld.org/contributions/iquito</a>, Accessed on 2021-04-09.)</p>",,,v1.0,Lev Michael ; Christine Beier,,10.5281/zenodo.4676276,10.5281/zenodo.4676275,4676275,2021-04-09T16:00:16.735907+00:00,2021-09-24T11:43:50.136926+00:00,cldf-datasets;clld;dictionaria,cc-by-4.0,https://zenodo.org/records/4676276,4676276,cldf:Dictionary;linguistics,dataset,https://github.com/dictionaria/iquito/tree/v1.0
4675098,dictionaria/hdi: Hdi Dictionary,"Frajzyngier, Zygmunt and Eguchi, Paul and Prafé, Roger and Schwabauer, Megan (with Erin Shay, Henry Tourneux). 2017. Hdi dictionary. Dictionaria 2. 1-1681. DOI: 10.5281/zenodo.3067648 (Available online at https://dictionaria.clld.org/contributions/hdi)",,,v1.2,Zygmunt Frajzyngier ; Paul Eguchi ; Roger Prafé ; Megan Schwabauer ; Erin Shay ; Henry Tourneux,,10.5281/zenodo.4675098,10.5281/zenodo.3067648,3067648,2021-04-09T12:28:53.010022+00:00,2021-09-24T11:35:42.088275+00:00,cldf-datasets;clld;dictionaria,cc-by-4.0,https://zenodo.org/records/4675098,4675098,cldf:Dictionary;linguistics,dataset,https://github.com/dictionaria/hdi/tree/v1.2
3258853,dictionaria/hdi: Hdi Dictionary,"<p>Frajzyngier, Zygmunt and Eguchi, Paul and Praf&eacute;, Roger and Schwabauer, Megan (with Erin Shay and Henry Tourneux). 2017. Hdi dictionary. Dictionaria 2. 1-1681 (Available online at <a href=""https://dictionaria.clld.org/contributions/hdi"">https://dictionaria.clld.org/contributions/hdi</a>)</p>",,,v1.1,Zygmunt Frajzyngier ; Paul Eguchi ; Roger Prafé ; Megan Schwabauer,Erin Shay ; Henry Tourneux,10.5281/zenodo.3258853,10.5281/zenodo.3067648,3067648,2019-06-27T19:48:41.590906+00:00,2021-09-24T11:35:41.840314+00:00,dictionaria;cldf-datasets;clld,cc-by-4.0,https://zenodo.org/records/3258853,3258853,cldf:Dictionary,dataset,https://github.com/dictionaria/hdi/tree/v1.1
3067649,dictionaria/hdi: Hdi Dictionary,"<p>Frajzyngier, Zygmunt and Eguchi, Paul and Praf&eacute;, Roger and Schwabauer, Megan (with Erin Shay and Henry Tourneux). 2017. Hdi dictionary. Dictionaria 2. 1-1681 (Available online at <a href=""https://dictionaria.clld.org/contributions/hdi"">https://dictionaria.clld.org/contributions/hdi</a>)</p>",,,v1.0,Zygmunt Frajzyngier ; Paul Eguchi ; Roger Prafé ; Megan Schwabauer,Erin Shay ; Henry Tourneux,10.5281/zenodo.3067649,10.5281/zenodo.3067648,3067648,2019-05-21T08:07:40.191792+00:00,2021-09-24T11:35:41.725993+00:00,dictionaria;cldf-datasets;clld,cc-by-4.0,https://zenodo.org/records/3067649,3067649,,dataset,https://github.com/dictionaria/hdi/tree/v1.0
4675101,dictionaria/guarayu: Guarayu. A revised dictionary by Alfred Hoeller,"Danielsen, Swintha and Sell, Lena and Terhart, Lena. 2019. Guarayu. A revised dictionary by Alfred Hoeller. Dictionaria 7. 1-3590 (Available online at https://dictionaria.clld.org/contributions/guarayu)",,,v1.1,Swintha Danielsen ; Lena Sell ; Lena Terhart,,10.5281/zenodo.4675101,10.5281/zenodo.3340717,3340717,2021-04-09T12:29:49.834675+00:00,2021-09-24T11:25:33.417508+00:00,cldf-datasets;clld;dictionaria,cc-by-4.0,https://zenodo.org/records/4675101,4675101,cldf:Dictionary;linguistics,dataset,https://github.com/dictionaria/guarayu/tree/v1.1
3340718,dictionaria/guarayu: Guarayu. A revised dictionary by Alfred Hoeller,"<p>Danielsen, Swintha and Sell, Lena and Terhart, Lena. 2019. Guarayu. A revised dictionary by Alfred Hoeller. Dictionaria 7. 1-3590 (Available online at <a href=""https://dictionaria.clld.org/contributions/guarayu"">https://dictionaria.clld.org/contributions/guarayu</a>)</p>",,,v1.0,Swintha Danielsen ; Lena Sell ; Lena Terhart,,10.5281/zenodo.3340718,10.5281/zenodo.3340717,3340717,2019-07-18T08:25:42.600301+00:00,2021-09-24T11:25:33.267500+00:00,dictionaria;cldf-datasets;clld,cc-by-4.0,https://zenodo.org/records/3340718,3340718,cldf:Dictionary,dataset,https://github.com/dictionaria/guarayu/tree/v1.0
4675104,dictionaria/diidxaza: La Ventosa Diidxazá Lexico-Botanical Dictionary,"Pérez Báez, Gabriela and Kaufman, Terrence. 2018. La Ventosa Diidxazá Lexico-Botanical Dictionary. Dictionaria 5. 1-952 (Available online at https://dictionaria.clld.org/contributions/diidxaza)",,,v1.1,Gabriela Pérez Báez ; Terrence Kaufman,,10.5281/zenodo.4675104,10.5281/zenodo.3451856,3451856,2021-04-09T12:30:41.895113+00:00,2021-09-24T11:19:39.523857+00:00,cldf-datasets;clld;dictionaria,cc-by-4.0,https://zenodo.org/records/4675104,4675104,cldf:Dictionary;linguistics,dataset,https://github.com/dictionaria/diidxaza/tree/v1.1
3451857,dictionaria/diidxaza: La Ventosa Diidxazá Lexico-Botanical Dictionary,"<p>P&eacute;rez B&aacute;ez, Gabriela and Kaufman, Terrence. 2018. La Ventosa Diidxaz&aacute; Lexico-Botanical Dictionary. Dictionaria 5. 1-952 (Available online at <a href=""https://dictionaria.clld.org/contributions/diidxaza"">https://dictionaria.clld.org/contributions/diidxaza</a>)</p>",,,v1.0,Gabriela Pérez Báez ; Terrence Kaufman,,10.5281/zenodo.3451857,10.5281/zenodo.3451856,3451856,2019-09-20T08:18:00.233126+00:00,2021-09-24T11:19:39.319198+00:00,dictionaria;cldf-datasets;clld,cc-by-4.0,https://zenodo.org/records/3451857,3451857,linguistics;cldf:Dictionary,dataset,https://github.com/dictionaria/diidxaza/tree/v1.0
4675107,dictionaria/daakaka: Daakaka Dictionary,"von Prince, Kilu. 2017. Daakaka dictionary. Dictionaria 1. 1-2167 (Available online at https://dictionaria.clld.org/contributions/daakaka)",,,v1.2,Kilu von Prince,,10.5281/zenodo.4675107,10.5281/zenodo.3067380,3067380,2021-04-09T12:31:22.640813+00:00,2021-09-24T11:08:36.943542+00:00,cldf-datasets;clld;dictionaria,cc-by-4.0,https://zenodo.org/records/4675107,4675107,cldf:Dictionary;linguistics,dataset,https://github.com/dictionaria/daakaka/tree/v1.2
3668861,dictionaria/daakaka: Dakaaka dictionary,"<p>von Prince, Kilu. 2017. Daakaka dictionary. Dictionaria 1. 1-2167 (Available online at <a href=""https://dictionaria.clld.org/contributions/daakaka"">https://dictionaria.clld.org/contributions/daakaka</a>)</p>",,,v1.1.1,Kilu von Prince,,10.5281/zenodo.3668861,10.5281/zenodo.3067380,3067380,2020-02-16T09:04:26.014420+00:00,2021-09-24T11:08:36.805346+00:00,cldf-datasets;dictionaria;clld,cc-by-4.0,https://zenodo.org/records/3668861,3668861,cldf:Dictionary,dataset,https://github.com/dictionaria/daakaka/tree/v1.1.1
3258859,dictionaria/daakaka: Daakaka Dictionary,"<p>von Prince, Kilu. 2017. Daakaka dictionary. Dictionaria 1. 1-2167 (Available online at <a href=""https://dictionaria.clld.org/contributions/daakaka"">https://dictionaria.clld.org/contributions/daakaka</a>)</p>",,,v1.1,Kilu von Prince,,10.5281/zenodo.3258859,10.5281/zenodo.3067380,3067380,2019-06-27T19:50:54.874711+00:00,2021-09-24T11:08:36.703164+00:00,dictionaria;cldf-datasets;clld,cc-by-4.0,https://zenodo.org/records/3258859,3258859,cldf:Dictionary,dataset,https://github.com/dictionaria/daakaka/tree/v1.1
3067381,dictionaria/daakaka: Daakaka Dictionary,"<p>von Prince, Kilu. 2017. Daakaka dictionary. Dictionaria 1. 1-2167 (Available online at <a href=""https://dictionaria.clld.org/contributions/daakaka"">https://dictionaria.clld.org/contributions/daakaka</a>)</p>",,,v1.0,Kilu von Prince,,10.5281/zenodo.3067381,10.5281/zenodo.3067380,3067380,2019-05-21T08:01:46.661235+00:00,2021-09-24T11:08:36.572966+00:00,dictionaria;cldf-datasets;clld,cc-by-4.0,https://zenodo.org/records/3067381,3067381,,dataset,https://github.com/dictionaria/daakaka/tree/v1.0
5498292,"CLDF dataset on Quechua morphology derived from Blum et al.'s ""Una aproximación filolingüística a la clasificación interna del Quechua"" from 2021","<p>Cite the source of the dataset as:</p>

<blockquote>
<p>Blum, Frederic and Barrientos Ugarte, Carlos and Poirier, Zoe and Ingunza, Adriano. Forthcoming. Una aproximación filolingüística a la clasificación interna del Quechua. Talk to be presented at Red Europea para los Estudios Andinos, Tübingen.</p>
</blockquote>",,,v1.0,Frederic Blum ; Carlos B. Ugarte ; Adriano Ingunza ; Zoe Poirier,Mattis List,10.5281/zenodo.5498292,10.5281/zenodo.5498291,5498291,2021-09-09T19:39:26.244832+00:00,2021-09-10T01:48:29.324952+00:00,,cc-by-4.0,https://zenodo.org/records/5498292,5498292,cldf:Wordlist;linguistics,dataset,https://github.com/cldf-datasets/crossandean_morphology/tree/v1.0
5221987,"CLDF dataset accompanying List and Forkel's ""Borrowing Detection in Multilingual Wordlists"" from 2021","<p>Cite the source of the dataset as:</p>

<blockquote>
<p>List, Johann-Mattis and Forkel, Robert (2021): Automated identification of borrowings in multilingual wordlists. Leipzig: Max Planck Institute for Evolutionary Anthropology.</p>
</blockquote>",,,v1.1,Johann-Mattis List ; Robert Forkel,,10.5281/zenodo.5221987,10.5281/zenodo.5037100,5037100,2021-08-19T12:45:12.452380+00:00,2021-08-19T13:48:22.979614+00:00,lexibank,cc-by-4.0,https://zenodo.org/records/5221987,5221987,cldf:Wordlist;linguistics,dataset,https://github.com/lexibank/seabor/tree/v1.1
5037101,"CLDF dataset accompanying List and Forkel's ""Borrowing Detection in Multilingual Wordlists"" from 2021","<p>Cite the source of the dataset as:</p>

<blockquote>
<p>List, Johann-Mattis and Forkel, Robert (2021): Automated identification of borrowings in multilingual wordlists. Leipzig: Max Planck Institute for Evolutionary Anthropology.</p>
</blockquote>",,,v1.0,Johann-Mattis List ; Robert Forkel,,10.5281/zenodo.5037101,10.5281/zenodo.5037100,5037100,2021-06-28T14:49:46.525284+00:00,2021-08-19T12:45:12.531349+00:00,lexibank,cc-by-4.0,https://zenodo.org/records/5037101,5037101,cldf:Wordlist;linguistics,dataset,https://github.com/lexibank/seabor/tree/v1.0
5206553,"CLDF dataset derived from Greenhill et al.'s ""Austronesian Basic Vocabulary Database"" from 2020","<p>Cite the source of the dataset as:</p>

<blockquote>
<p>Greenhill, S.J., Blust. R, &amp; Gray, R.D. (2008). The Austronesian Basic Vocabulary Database: From Bioinformatics to Lexomics. Evolutionary Bioinformatics, 4:271-283.</p>
</blockquote>",,,v0.2,Simon J. Greenhill,Johann-Mattis List,10.5281/zenodo.5206553,10.5281/zenodo.5206552,5206552,2021-08-16T14:53:32.323259+00:00,2021-08-17T13:48:26.028902+00:00,lexibank,cc-by-4.0,https://zenodo.org/records/5206553,5206553,cldf:Wordlist;linguistics,dataset,https://github.com/lexibank/abvdoceanic/tree/v0.2
5166593,"CLDF dataset derived from Sims' ""Diachrony of Tone in Proto-Rma"" from 2020","<p>Cite the source of the dataset as:</p>

<blockquote>
<p>Sims, Nathanial A. (2020): Reconsidering the diachrony of tone in Rma. Journal of the Southeast Asian Linguistics Society 13.1. 53-85.</p>
</blockquote>",,,v1.1,Nathaniel Sims,Johann-Mattis List,10.5281/zenodo.5166593,10.5281/zenodo.5137077,5137077,2021-08-06T06:47:40.524506+00:00,2021-08-06T13:48:22.662004+00:00,lexibank,cc-by-4.0,https://zenodo.org/records/5166593,5166593,cldf:Wordlist;linguistics,dataset,https://github.com/lexibank/simsrma/tree/v1.1
5137078,"CLDF dataset derived from Sims' ""Diachrony of Tone in Proto-Rma"" from 2020","<p>Cite the source of the dataset as:</p>

<blockquote>
<p>Sims, Nathanial A. (2020): Reconsidering the diachrony of tone in Rma. Journal of the Southeast Asian Linguistics Society 13.1. 53-85.</p>
</blockquote>",,,v1.0,Nathaniel Sims,Johann-Mattis List,10.5281/zenodo.5137078,10.5281/zenodo.5137077,5137077,2021-07-26T08:51:20.530383+00:00,2021-08-06T06:47:40.634021+00:00,lexibank,cc-by-4.0,https://zenodo.org/records/5137078,5137078,cldf:Wordlist;linguistics,dataset,https://github.com/lexibank/simsrma/tree/v1.0
5141379,LOGOS Data from the Database of Cross-Linguistic Colexifications (Version 1.0),"<p>Cite the source of the dataset as:</p>

<blockquote>
<p>List, Johann-Mattis, Thomas Mayer, Anselm Terhalle, and Matthias Urban (2014). CLICS: Database of Cross-Linguistic Colexifications. Marburg: Forschungszentrum Deutscher Sprachatlas (Version 1.0).</p>
</blockquote>",,,v4.0,Johann-Mattis List,,10.5281/zenodo.5141379,10.5281/zenodo.2630809,2630809,2021-07-28T09:10:35.822105+00:00,2021-07-28T13:48:18.951280+00:00,lexibank,cc-by-4.0,https://zenodo.org/records/5141379,5141379,cldf:Wordlist;linguistics,dataset,https://github.com/lexibank/logos/tree/v4.0
3534903,Database of Cross-Linguistic Colexifications (Version 1.0),"<p>Cite the source dataset as</p>

<blockquote>
<p>List, Johann-Mattis, Thomas Mayer, Anselm Terhalle, and Matthias Urban (2014). CLICS: Database of Cross-Linguistic Colexifications. Marburg: Forschungszentrum Deutscher Sprachatlas (Version 1.0).</p>
</blockquote>",,,v3.0,Johann-Mattis List,,10.5281/zenodo.3534903,10.5281/zenodo.2630809,2630809,2019-11-11T08:05:56.118806+00:00,2021-07-28T09:10:36.337090+00:00,lexibank,other-open,https://zenodo.org/records/3534903,3534903,cldf:Wordlist,dataset,https://github.com/lexibank/logos/tree/v3.0
3264975,lexibank/logos: LOGOS,"<p>Cite the source dataset as</p>

<blockquote>
<p>List, Johann-Mattis, Thomas Mayer, Anselm Terhalle, and Matthias Urban (2014). CLICS: Database of Cross-Linguistic Colexifications. Marburg: Forschungszentrum Deutscher Sprachatlas (Version 1.0).</p>
</blockquote>",,,v2.0.3,Johann-Mattis List,,10.5281/zenodo.3264975,10.5281/zenodo.2630809,2630809,2019-07-01T12:00:03.069334+00:00,2021-07-28T09:10:36.222902+00:00,lexibank,other-open,https://zenodo.org/records/3264975,3264975,,dataset,https://github.com/lexibank/logos/tree/v2.0.3
2630821,lexibank/logos: LOGOS,"<p>Cite the source dataset as</p>

<blockquote>
<p>List, Johann-Mattis, Thomas Mayer, Anselm Terhalle, and Matthias Urban (2014). CLICS: Database of Cross-Linguistic Colexifications. Marburg: Forschungszentrum Deutscher Sprachatlas (Version 1.0).</p>
</blockquote>",,,v2.0.1,Johann-Mattis List,,10.5281/zenodo.2630821,10.5281/zenodo.2630809,2630809,2019-04-05T19:23:31.034566+00:00,2021-07-28T09:10:36.104621+00:00,lexibank,other-open,https://zenodo.org/records/2630821,2630821,,dataset,https://github.com/lexibank/logos/tree/v2.0.1
2630810,lexibank/logos: LOGOS,"<p>Cite the source dataset as</p>

<blockquote>
<p>List, Johann-Mattis, Thomas Mayer, Anselm Terhalle, and Matthias Urban (2014). CLICS: Database of Cross-Linguistic Colexifications. Marburg: Forschungszentrum Deutscher Sprachatlas (Version 1.0).</p>
</blockquote>",,,v2.0,Johann-Mattis List,,10.5281/zenodo.2630810,10.5281/zenodo.2630809,2630809,2019-04-05T19:04:18.814679+00:00,2021-07-28T09:10:35.973824+00:00,lexibank,other-open,https://zenodo.org/records/2630810,2630810,,dataset,https://github.com/lexibank/logos/tree/v2.0
5140129,"CLDF dataset derived from Zhou's ""Proto-Bizic"" from 2020","<p>Cite the source of the dataset as:</p>

<blockquote>
<p>Zhou, Yulou (2020): Proto-Bizic. A study of Tujia historical phonology. Bachelor Thesis. Stanford University.</p>
</blockquote>",,,v1.0,"Zhou, Yulou","Johann-Mattis List ; Zhou, Yulou",10.5281/zenodo.5140129,10.5281/zenodo.5140128,5140128,2021-07-27T16:33:05.579667+00:00,2021-07-28T01:48:21.592420+00:00,lexibank,cc-by-4.0,https://zenodo.org/records/5140129,5140129,cldf:Wordlist;linguistics,dataset,https://github.com/lexibank/zhoubizic/tree/v1.0
5139881,Mandarin Chinese IDS wordlist by Hsiao-jung Yu and Yifan Wang,"<p>Cite the source of the dataset as:</p>

<blockquote>
<p>Hsiao-jung Yu and Yifan Wang. 2021. Mandarin Chinese dictionary. In: Key, Mary Ritchie &amp; Comrie, Bernard (eds.) The Intercontinental Dictionary Series. Leipzig: Max Planck Institute for Evolutionary Anthropology. (Available online at https://ids.clld.org/)</p>
</blockquote>",,,v2.0,Hsiao-jung Yu ; Yifan Wang ; Hans-Jörg Bibiko,,10.5281/zenodo.5139881,10.5281/zenodo.4570270,4570270,2021-07-27T13:28:31.303544+00:00,2021-07-27T13:48:22.342737+00:00,lexibank,cc-by-4.0,https://zenodo.org/records/5139881,5139881,cldf:Wordlist;linguistics,dataset,https://github.com/intercontinental-dictionary-series/yuchinese/tree/v2.0
5139559,Kalamang IDS wordlist by Eline Visser,"<p>Cite the source of the dataset as:</p>

<blockquote>
<p>Eline Visser. 2021. Kalamang dictionary. In: Key, Mary Ritchie &amp; Comrie, Bernard (eds.) The Intercontinental Dictionary Series. Leipzig: Max Planck Institute for Evolutionary Anthropology. (Available online at https://ids.clld.org/)</p>
</blockquote>",,,v2.0,Eline Visser ; Bernard Comrie ; Hans-Jörg Bibiko,,10.5281/zenodo.5139559,10.5281/zenodo.4518506,4518506,2021-07-27T09:44:16.187849+00:00,2021-07-27T13:48:22.287787+00:00,lexibank,cc-by-4.0,https://zenodo.org/records/5139559,5139559,cldf:Wordlist;linguistics,dataset,https://github.com/intercontinental-dictionary-series/visserkalamang/tree/v2.0
5139859,"CLDF dataset derived from Haspelmath and Tadmor's ""World Loanword Database"" from 2009","<p>Cite the source of the dataset as:</p>

<blockquote>
<p>Haspelmath, Martin &amp; Tadmor, Uri (eds.) 2009. World Loanword Database. Leipzig: Max Planck Institute for Evolutionary Anthropology. (Available online at http://wold.clld.org)</p>
</blockquote>",,,v4.0,Martin Haspelmath ; Uri Tadmor,Tiago Tresoldi ; Robert Forkel ; Natalia Morozova ; Martin Haspelmath ; Uri Tadmor,10.5281/zenodo.5139859,10.5281/zenodo.1299889,1299889,2021-07-27T13:20:57.184229+00:00,2021-07-27T13:48:22.023951+00:00,lexibank,cc-by-4.0,https://zenodo.org/records/5139859,5139859,cldf:Wordlist;linguistics,dataset,https://github.com/lexibank/wold/tree/v4.0
4570271,Mandarin Chinese IDS wordlist by Hsiao-jung Yu and Yifan Wang,"<p>Cite the source of the dataset as:</p>

<blockquote>
<p>Hsiao-jung Yu and Yifan Wang. 2021. Mandarin Chinese dictionary. In: Key, Mary Ritchie &amp; Comrie, Bernard (eds.) The Intercontinental Dictionary Series. Leipzig: Max Planck Institute for Evolutionary Anthropology. (Available online at https://ids.clld.org/)</p>
</blockquote>",,,v1.0,Hsiao-jung Yu ; Yifan Wang ; Hans-Jörg Bibiko,,10.5281/zenodo.4570271,10.5281/zenodo.4570270,4570270,2021-03-01T14:51:45.279794+00:00,2021-07-27T13:28:31.386151+00:00,lexibank,cc-by-4.0,https://zenodo.org/records/4570271,4570271,cldf:Wordlist;linguistics,dataset,https://github.com/intercontinental-dictionary-series/yuchinese/tree/v1.0
3537579,"CLDF dataset derived from Haspelmath and Tadmor's ""World Loanword Database"" from 2009","<p>Cite the source dataset as</p>

<blockquote>
<p>Haspelmath, Martin &amp; Tadmor, Uri (eds.) 2009. World Loanword Database. Leipzig: Max Planck Institute for Evolutionary Anthropology. (Available online at <a href=""https://wold.clld.org"">https://wold.clld.org</a>)</p>
</blockquote>",,,v3.0,Tiago Tresoldi ; Robert Forkel ; Natalia Morozova,Martin Haspelmath ; Uri Tadmor,10.5281/zenodo.3537579,10.5281/zenodo.1299889,1299889,2019-11-11T11:32:31.484071+00:00,2021-07-27T13:20:58.095858+00:00,lexibank,other-open,https://zenodo.org/records/3537579,3537579,cldf:Wordlist,dataset,https://github.com/lexibank/wold/tree/v3.0
3267018,lexibank/wold: World Loanword Database,"<p>Cite the source dataset as</p>

<blockquote>
<p>Haspelmath, Martin &amp; Tadmor, Uri (eds.) 2009. World Loanword Database. Leipzig: Max Planck Institute for Evolutionary Anthropology. (Available online at <a href=""https://wold.clld.org"">https://wold.clld.org</a>)</p>
</blockquote>",,,v2.0.1,Robert Forkel ; Johann-Mattis List,,10.5281/zenodo.3267018,10.5281/zenodo.1299889,1299889,2019-07-03T11:40:00.059177+00:00,2021-07-27T13:20:58.002544+00:00,lexibank,other-open,https://zenodo.org/records/3267018,3267018,,dataset,https://github.com/lexibank/wold/tree/v2.0.1
2630806,"CLDF dataset derived from Haspelmath and Tadmor's ""World Loanword Database"" from 2009","<p>Cite the source dataset as</p>

<blockquote>
<p>Haspelmath, Martin &amp; Tadmor, Uri (eds.) 2009. World Loanword Database. Leipzig: Max Planck Institute for Evolutionary Anthropology. (Available online at <a href=""https://wold.clld.org"">https://wold.clld.org</a>)</p>
</blockquote>",,,v2.0,Tiago Tresoldi ; Robert Forkel ; Natalia Morozova,Martin Haspelmath ; Uri Tadmor,10.5281/zenodo.2630806,10.5281/zenodo.1299889,1299889,2019-04-05T18:53:05.221294+00:00,2021-07-27T13:20:57.809526+00:00,lexibank,cc-by-4.0,https://zenodo.org/records/2630806,2630806,,dataset,https://github.com/lexibank/wold/tree/v2.0
1312692,"CLDF dataset derived from Haspelmath and Tadmor's ""World Loanword Database"" from 2009","<p>Cite the source dataset as</p>

<blockquote>
<p>Haspelmath, Martin &amp; Tadmor, Uri (eds.) 2009. World Loanword Database. Leipzig: Max Planck Institute for Evolutionary Anthropology. (Available online at <a href=""http://wold.clld.org"">http://wold.clld.org</a>)</p>
</blockquote>",,,v1.1,Tiago Tresoldi ; Robert Forkel ; Natalia Morozova,Martin Haspelmath ; Uri Tadmor,10.5281/zenodo.1312692,10.5281/zenodo.1299889,1299889,2018-07-16T06:33:35.026128+00:00,2021-07-27T13:20:57.688842+00:00,lexibank,other-open,https://zenodo.org/records/1312692,1312692,clics2,dataset,https://github.com/lexibank/wold/tree/v1.1
1299890,"CLDF dataset derived from Haspelmath and Tadmor's ""World Loanword Database"" from 2009","<p>Cite the source dataset as</p>

<blockquote>
<p>Haspelmath, Martin &amp; Tadmor, Uri (eds.) 2009. World Loanword Database. Leipzig: Max Planck Institute for Evolutionary Anthropology. (Available online at <a href=""http://wold.clld.org"">http://wold.clld.org</a></p>
</blockquote>",,,v1.0,Tiago Tresoldi ; Robert Forkel ; Natalia Morozova,Martin Haspelmath ; Uri Tadmor,10.5281/zenodo.1299890,10.5281/zenodo.1299889,1299889,2018-06-28T17:27:08.213086+00:00,2021-07-27T13:20:57.336204+00:00,lexibank,other-open,https://zenodo.org/records/1299890,1299890,,dataset,https://github.com/lexibank/wold/tree/v1.0
4518507,Kalamang IDS wordlist by Eline Visser,"<p>Cite the source of the dataset as:</p>

<blockquote>
<p>Eline Visser. 2021. Kalamang dictionary. In: Key, Mary Ritchie &amp; Comrie, Bernard (eds.) The Intercontinental Dictionary Series. Leipzig: Max Planck Institute for Evolutionary Anthropology. (Available online at https://ids.clld.org/)</p>
</blockquote>",,,v1.0,Eline Visser ; Bernard Comrie ; Hans-Jörg Bibiko,,10.5281/zenodo.4518507,10.5281/zenodo.4518506,4518506,2021-02-08T08:12:25.177045+00:00,2021-07-27T09:44:16.278648+00:00,lexibank,cc-by-4.0,https://zenodo.org/records/4518507,4518507,cldf:Wordlist;linguistics,dataset,https://github.com/intercontinental-dictionary-series/visserkalamang/tree/v1.0
5137040,"CLDF dataset derived from Serva's ""Dialects of Madagascar"" from 2020","<p>Cite the source of the dataset as:</p>

<blockquote>
<p>Serva M., Pasquini M. (2020): Dialects of Madagascar, PLoS ONE 15(10).</p>
</blockquote>",,,v1.0,Maurizio Serva ; Michele Pasquini,Johann-Mattis List ; Fabio Fromme ; Simone Pomikalek ; Janine Wieking ; Maurizio Serva ; Michele Pasquini,10.5281/zenodo.5137040,10.5281/zenodo.5137039,5137039,2021-07-26T08:36:05.684099+00:00,2021-07-26T13:48:28.767434+00:00,lexibank,cc-by-4.0,https://zenodo.org/records/5137040,5137040,cldf:Wordlist;linguistics,dataset,https://github.com/digling/servamalagasy/tree/v1.0
5136900,"CLDF Dataset derived from Saenko's ""Annotated Swadesh wordlists for the Romance group"" from 2015","<p>Cite the source of the dataset as:</p>

<blockquote>
<p>Saenko, M. (2015): Annotated Swadesh wordlists for the Romance group (Indo-European family). In: Starostin GS, editor. The Global Lexicostatistical Database. RGU; 2015. Http://starling.rinet.ru/new100/tuj.xls.</p>
</blockquote>",,,v1.0,Mikhail Saenko,Johann-Mattis List,10.5281/zenodo.5136900,10.5281/zenodo.5136899,5136899,2021-07-26T06:44:06.906873+00:00,2021-07-26T13:48:28.694108+00:00,lexibank,cc-by-4.0,https://zenodo.org/records/5136900,5136900,cldf:Wordlist;linguistics,dataset,https://github.com/lexibank/saenkoromance/tree/v1.0
5137439,"CLDF Dataset derived from Zhivlov's ""Annotated Swadesh wordlists for the Ob-Ugrian group"" from 2011","<p>Cite the source of the dataset as:</p>

<blockquote>
<p>Zhivlov, M. (2011): Annotated Swadesh wordlists for the Ob-Ugrian group (Uralic family). The Global Lexicostatistical Database. Moscow: RGGU.</p>
</blockquote>",,,v1.0.1,"Zhivlov, M.",Johann-Mattis List,10.5281/zenodo.5137439,10.5281/zenodo.5137438,5137438,2021-07-26T11:59:05.043101+00:00,2021-07-26T13:48:28.692918+00:00,lexibank,cc-by-4.0,https://zenodo.org/records/5137439,5137439,cldf:Wordlist;linguistics,dataset,https://github.com/SequenceComparison/zhivlovobugrian/tree/v1.0.1
5137407,"CLDF dataset derived from Wang's ""Language Contact and Language Comparison"" from 2004","<p>Cite the source of the dataset as:</p>

<blockquote>
<p>Wang, Feng (2004): Language contact and language comparison. The case of Bai. PhD thesis. Hong Kong: City University of Hong Kong.</p>
</blockquote>",,,v1.0,"Wang, Feng",Johann-Mattis List ; Mei-Shin Wu,10.5281/zenodo.5137407,10.5281/zenodo.5137406,5137406,2021-07-26T11:42:19.656101+00:00,2021-07-26T13:48:28.688005+00:00,lexibank,cc-by-4.0,https://zenodo.org/records/5137407,5137407,cldf:Wordlist;linguistics,dataset,https://github.com/lexibank/wangbai/tree/v1.0
5137274,"CLDF dataset derived from Savelyev and Robbeet's ""Internal Structure of the Turkic Language Family"" from 2020","<p>Cite the source of the dataset as:</p>

<blockquote>
<p>Savelyev, Alexander and Robbeets, Martine (2020): Bayesian phylolinguistics infers the internal structure and the time-depth of the Turkic language family. Journal of Language Evolution 5.1. 39-53.</p>
</blockquote>",,,v2.0,Alexander Savelyev,Johann-Mattis List ; Robert Forkel ; Martine Robbeets,10.5281/zenodo.5137274,10.5281/zenodo.3556517,3556517,2021-07-26T10:06:23.004011+00:00,2021-07-26T13:48:28.662805+00:00,lexibank,cc-by-4.0,https://zenodo.org/records/5137274,5137274,cldf:Wordlist;linguistics,dataset,https://github.com/lexibank/savelyevturkic/tree/v2.0
5137236,"CLDF Dataset derived from Syrjänen et al.'s ""Shedding more light on language classification"" from 2013","<p>Cite the source of the dataset as:</p>

<blockquote>
<p>Syrjänen, K.; Honkola, T.; Korhonen, K.; Lehtinen, J.; Vesakoski, O. &amp;amp; Wahlber, N. Shedding more light on language classification using basic vocabularies and phylogenetic methods. Diachronica, 2013, 30, 323-352</p>
</blockquote>",,,v1.0,"Syrjänen, Kaj ; Honkola, Terhi ; Korhonen, Kalle ; Lehtinen, Jyri ; Vesakoski, Outi ; Wahlber, Niklas",Johann-Mattis List,10.5281/zenodo.5137236,10.5281/zenodo.5137235,5137235,2021-07-26T09:42:43.501188+00:00,2021-07-26T13:48:28.637028+00:00,lexibank,cc-by-4.0,https://zenodo.org/records/5137236,5137236,cldf:Wordlist;linguistics,dataset,https://github.com/lexibank/syrjaenenuralic/tree/v1.0
5136882,"CLDF dataset derived from Pharao Hansen's ""Investigation of the Relation between Proto-Náhuatl and Proto-Corachol"" from 2020","<p>Cite the source of the dataset as:</p>

<blockquote>
<p>Pharao Hansen, Magnus (2020): ¿Familia o vecinos? Investigando la relación entre el proto-náhuatl y el proto-corachol [Family or neighbors? Investigating the relation between Proto-Náhuatl and Proto-Corachol]. IN: Lenguas yutoaztecas: historia, estructuras y contacto lingüístico. Homenaje a Karen Dakin. Rosa Yañez (ed.) Guadalajara: Universidad de Guadalajara.</p>
</blockquote>",,,v1.0,Magnus Pharao Hansen,Johann-Mattis List,10.5281/zenodo.5136882,10.5281/zenodo.5136881,5136881,2021-07-26T06:20:45.649484+00:00,2021-07-26T13:48:28.504062+00:00,lexibank,cc-by-4.0,https://zenodo.org/records/5136882,5136882,cldf:Wordlist;linguistics,dataset,https://github.com/lexibank/pharaocoracholaztecan/tree/v1.0
5137055,"CLDF Dataset derived from the Bahnaric data in Sidwell's ""Austroasiatic dataset for phylogenetic analysis"" from 2015","<p>Cite the source of the dataset as:</p>

<blockquote>
<p>Sidwell, Paul. 2015. Austroasiatic dataset for phylogenetic analysis: 2015 version. Mon-Khmer Studies (Notes, Reviews, Data-Papers) 44. lxviii-ccclvii.</p>
</blockquote>",,,v1.0,Paul Sidwell,Johann-Mattis List,10.5281/zenodo.5137055,10.5281/zenodo.5137054,5137054,2021-07-26T08:43:37.689402+00:00,2021-07-26T13:48:28.494534+00:00,lexibank,cc-by-4.0,https://zenodo.org/records/5137055,5137055,cldf:Wordlist;linguistics,dataset,https://github.com/lexibank/sidwellbahnaric/tree/v1.0
5137392,CLDF dataset derived from Blust's Austronesian data coded for the Austronesian Basic Vocabulary Database from 2008,"<p>Cite the source of the dataset as:</p>

<blockquote>
<p>Greenhill, SJ; Blust, R and Gray, RD (2008): he Austronesian Basic Vocabulary Database: From bioinformatics to lexomics. Evolutionary Bioinformatics. 4. 271-283.</p>
</blockquote>",,,v1.0,Robert Blust ; Simon Greenhill,Johann-Mattis List,10.5281/zenodo.5137392,10.5281/zenodo.5137391,5137391,2021-07-26T11:28:33.115582+00:00,2021-07-26T13:48:28.451466+00:00,lexibank,cc-by-4.0,https://zenodo.org/records/5137392,5137392,cldf:Wordlist;linguistics,dataset,https://github.com/SequenceComparison/blustaustronesian/tree/v1.0
5136997,"CLDF dataset derived from Satterthwaite-Phillips' ""Phylogenetic Inference of the Tibeto-Burman Languages"" from 2011","<p>Cite the source of the dataset as:</p>

<blockquote>
<p>Satterthwaite-Phillips, Damian (2011) Phylogenetic inference of the Tibeto-Burman languages or on the usefuseful of lexicostatistics (and &quot;megalo&quot;-comparison) for the subgrouping of Tibeto-Burman. Stanford: Stanford University.</p>
</blockquote>",,,v4.0,Damian Satterthwaite-Phillips,Johann-Mattis List ; Tiago Tresoldi,10.5281/zenodo.5136997,10.5281/zenodo.1295546,1295546,2021-07-26T08:15:38.008955+00:00,2021-07-26T13:48:28.448757+00:00,lexibank;eu,cc-by-4.0,https://zenodo.org/records/5136997,5136997,cldf:Wordlist;linguistics,dataset,https://github.com/lexibank/satterthwaitetb/tree/v4.0
5137281,"CLDF Dataset derived from Starostin's ""Indo-European files in DBV/VAR"" from 2005","<p>Cite the source of the dataset as:</p>

<blockquote>
<p>Starostin, S. A. (2005): Indo-European files in DBF/VAR. Moscow.</p>
</blockquote>",,,v1.0,"Starostin, S. A.",Johann-Mattis List,10.5281/zenodo.5137281,10.5281/zenodo.5137280,5137280,2021-07-26T10:09:34.905520+00:00,2021-07-26T13:48:28.441648+00:00,lexibank,cc-by-4.0,https://zenodo.org/records/5137281,5137281,cldf:Wordlist;linguistics,dataset,https://github.com/SequenceComparison/starostinpie/tree/v1.0
5137230,"CLDF dataset derived from Joo's ""Phonosemantic Biases"" from 2020","<p>Cite the source of the dataset as:</p>

<blockquote>
<p>Joo, I. (2020). Phonosemantic biases found in Leipzig-Jakarta lists of 66 languages. Linguistic Typology, 24(1), 1–12. https://doi.org/10.1515/lingty-2019-0030</p>
</blockquote>",,,v1.1,Ian Joo,Johann-Mattis List ; Christoph Rzymski,10.5281/zenodo.5137230,10.5281/zenodo.5127275,5127275,2021-07-26T09:38:47.495367+00:00,2021-07-26T13:48:28.441484+00:00,lexibank,cc-by-4.0,https://zenodo.org/records/5137230,5137230,cldf:Wordlist;linguistics,dataset,https://github.com/lexibank/joophonosemantic/tree/v1.1
5136930,"CLDF dataset derived from Wang's ""Basic Words in Chinese Dialects"" from 2004","<p>Cite the source of the dataset as:</p>

<blockquote>
<p>Wang, F. 2004. BCD: basic words of Chinese dialects. Unpublished dataset. [Digital version in: List, J.-M. (2015): Network perspectives on Chinese dialect history. Bulletin of Chinese Linguistics 8. 42-67.]</p>
</blockquote>",,,v1.0,Wang Feng,Johann-Mattis List ; Robert Forkel,10.5281/zenodo.5136930,10.5281/zenodo.5136929,5136929,2021-07-26T07:19:30.981398+00:00,2021-07-26T13:48:28.403929+00:00,lexibank,cc-by-4.0,https://zenodo.org/records/5136930,5136930,cldf:Wordlist;linguistics,dataset,https://github.com/lexibank/wangbcd/tree/v1.0
5136947,"CLDF dataset derived from Zhao's ""Investigations of Zhaozhuang Bai"" from 2006","<p>Cite the source of the dataset as:</p>

<blockquote>
<p>Zhao, Yanzhen (2006): Zhàozhuāng Báiyǔ miáoxiě yánjiū 趙莊白語描寫研究 [Investigations of Zhaozhuang Bai]. Běijīng: Zhōngyāng Mínzú Dàxué.</p>
</blockquote>",,,v1.0,"Zhao, Yānzhēn","Johann-Mattis List ; Zhao, Yānzhēn",10.5281/zenodo.5136947,10.5281/zenodo.5136946,5136946,2021-07-26T07:35:30.575611+00:00,2021-07-26T13:48:28.383507+00:00,lexibank,cc-by-4.0,https://zenodo.org/records/5136947,5136947,cldf:Wordlist;linguistics,dataset,https://github.com/lexibank/zhaobai/tree/v1.0
5136898,"CLDF dataset derived from Ratcliffes's ""Glottometrics of Arabic"" from 2021","<p>Cite the source of the dataset as:</p>

<blockquote>
<p>Ratcliffe, Robert R. (2021): The glottometrics of Arabic. Language Dynamics and Change. 2021. DOI: 10.1163/22105832-01001100.</p>
</blockquote>",,,v1.0.1,Robert R. Ratcliffe,Johann-Mattis List,10.5281/zenodo.5136898,10.5281/zenodo.5136897,5136897,2021-07-26T06:36:32.316039+00:00,2021-07-26T13:48:28.379605+00:00,lexibank,cc-by-4.0,https://zenodo.org/records/5136898,5136898,cldf:Wordlist;linguistics,dataset,https://github.com/lexibank/ratcliffearabic/tree/v1.0.1
3556518,"CLDF dataset derived from Savelyev and Robbeet's ""Internal Structure of the Turkic Language Family"" from 2020","<p>Cite the source dataset as</p>

<blockquote>
<p>Savelyev, Alexander and Robbeets, Martine (2019): Turkic Basic Vocabularies. Jena: Max Planck Institute for the Science of Human History.</p>
</blockquote>",,,v1.0,Alexander Savelyev ; Johann-Mattis List ; Robert Forkel,Martine Robbeets,10.5281/zenodo.3556518,10.5281/zenodo.3556517,3556517,2019-11-28T12:45:28.415719+00:00,2021-07-26T10:06:23.098498+00:00,lexibank,cc-by-4.0,https://zenodo.org/records/3556518,3556518,cldf:Wordlist,dataset,https://github.com/lexibank/savelyevturkic/tree/v1.0
5127276,"CLDF dataset derived from Joo's ""Phonosemantic Biases"" from 2020","<p>Cite the source of the dataset as:</p>

<blockquote>
<p>Joo, I. (2020). Phonosemantic biases found in Leipzig-Jakarta lists of 66 languages. Linguistic Typology, 24(1), 1–12. https://doi.org/10.1515/lingty-2019-0030</p>
</blockquote>",,,v1.0,Ian Joo,Johann-Mattis List ; Christoph Rzymski,10.5281/zenodo.5127276,10.5281/zenodo.5127275,5127275,2021-07-23T12:08:16.641944+00:00,2021-07-26T09:38:47.573875+00:00,lexibank,cc-by-4.0,https://zenodo.org/records/5127276,5127276,cldf:Wordlist;linguistics,dataset,https://github.com/lexibank/joophonosemantic/tree/v1.0
3535000,Phylogenetic Inference of the Tibeto-Burman Languages,"<p>Cite the source dataset as</p>

<blockquote>
<p>Satterthwaite-Phillips, D. (2011) Phylogenetic inference of the Tibeto-Burman languages or on the usefuseful of lexicostatistics (and &quot;megalo&quot;-comparison) for the subgrouping of Tibeto-Burman. Stanford: Stanford University.</p>
</blockquote>",,,v3.0,Johann-Mattis List ; Tiago Tresoldi,,10.5281/zenodo.3535000,10.5281/zenodo.1295546,1295546,2019-11-11T09:28:27.191767+00:00,2021-07-26T08:15:38.615031+00:00,lexibank;eu,other-open,https://zenodo.org/records/3535000,3535000,cldf:Wordlist,dataset,https://github.com/lexibank/satterthwaitetb/tree/v3.0
3266825,Phylogenetic Inference of the Tibeto-Burman Languages,"<p>Cite the source dataset as</p>

<blockquote>
<p>Satterthwaite-Phillips, D. (2011) Phylogenetic inference of the Tibeto-Burman languages or on the usefuseful of lexicostatistics (and &quot;megalo&quot;-comparison) for the subgrouping of Tibeto-Burman. Stanford: Stanford University.</p>
</blockquote>",,,v2.0.1,Johann-Mattis List ; Tiago Tresoldi,,10.5281/zenodo.3266825,10.5281/zenodo.1295546,1295546,2019-07-03T08:36:23.512082+00:00,2021-07-26T08:15:38.488328+00:00,eu;lexibank,other-open,https://zenodo.org/records/3266825,3266825,,dataset,https://github.com/lexibank/satterthwaitetb/tree/v2.0.1
2633722,Phylogenetic Inference of the Tibeto-Burman Languages,"<p>Cite the source dataset as</p>

<blockquote>
<p>Satterthwaite-Phillips, D. (2011) Phylogenetic inference of the Tibeto-Burman languages or on the usefuseful of lexicostatistics (and &quot;megalo&quot;-comparison) for the subgrouping of Tibeto-Burman. Stanford: Stanford University.</p>
</blockquote>",,,v2.0,Johann-Mattis List ; Tiago Tresoldi,,10.5281/zenodo.2633722,10.5281/zenodo.1295546,1295546,2019-04-09T08:12:06.320655+00:00,2021-07-26T08:15:38.370299+00:00,eu;lexibank,other-open,https://zenodo.org/records/2633722,2633722,,dataset,https://github.com/lexibank/satterthwaitetb/tree/v2.0
1295547,Phylogenetic Inference of the Tibeto-Burman Languages,"<p>Cite the source dataset as</p>

<blockquote>
<p>Satterthwaite-Phillips, D. (2011) Phylogenetic inference of the Tibeto-Burman languages or on the usefuseful of lexicostatistics (and &quot;megalo&quot;-comparison) for the subgrouping of Tibeto-Burman. Stanford: Stanford University.</p>
</blockquote>",,,v1.0,Johann-Mattis List ; Tiago Tresoldi,,10.5281/zenodo.1295547,10.5281/zenodo.1295546,1295546,2018-06-21T13:42:30.935423+00:00,2021-07-26T08:15:38.184730+00:00,eu;lexibank,other-open,https://zenodo.org/records/1295547,1295547,clics2,dataset,https://github.com/lexibank/satterthwaitetb/tree/v1.0
5131421,"CLDF dataset derived from Nagaraja et al.'s ""A Lexicostatistical Study of the Khasian Languages"" from 2013","<p>Cite the source of the dataset as:</p>

<blockquote>
<p>Nagaraja KS, Sidwell P &amp; Greenhill SJ. 2013. A Lexicostatistical Study of the Khasian Languages: Khasi, Pnar, Lyngngam, and War. Mon-Khmer Studies Journal, 42, 1-11.</p>
</blockquote>",,,v1.0,K. S. Nagaraja ; Paul Sidwell ; Simon J. Greenhill,Johann-Mattis List,10.5281/zenodo.5131421,10.5281/zenodo.5131420,5131420,2021-07-24T04:20:11.415755+00:00,2021-07-24T13:48:25.217447+00:00,lexibank,cc-by-4.0,https://zenodo.org/records/5131421,5131421,cldf:Wordlist;linguistics,dataset,https://github.com/lexibank/nagarajakhasian/tree/v1.0
5128050,"CLDF Dataset derived from List's ""Sample Size and Cognate Detection"" from 2014","<p>Cite the source of the dataset as:</p>

<blockquote>
<p>List, Johann-Mattis (2014): Investigating the impact of sample size on cognate detection. Journal of Language Relationship. 11. 91-102. DOI: https://doi.org/10.31826/jlr-2014-110111</p>
</blockquote>",,,v1.0,Johann-Mattis List,,10.5281/zenodo.5128050,10.5281/zenodo.5128049,5128049,2021-07-23T13:16:16.693145+00:00,2021-07-24T01:48:44.317782+00:00,lexibank,cc-by-4.0,https://zenodo.org/records/5128050,5128050,cldf:Wordlist;linguistics,dataset,https://github.com/SequenceComparison/listsamplesize/tree/v1.0
5126904,"CLDF dataset derived from Lee's ""Sketch of Language History in the Korean Peninsula"" from 2015","<p>Cite the source of the dataset as:</p>

<blockquote>
<p>Lee, Sean (2015). A Sketch of Language History in the Korean Peninsula. PLoS ONE 10(5): e0128448. doi:10.1371/journal.pone.0128448</p>
</blockquote>",,,v1.0,Sean Lee,Simon J. Greenhill ; Tiago Tresoldi ; Christoph Rzymski,10.5281/zenodo.5126904,10.5281/zenodo.5126903,5126903,2021-07-23T11:04:26.601295+00:00,2021-07-24T01:48:44.263085+00:00,lexibank,cc-by-4.0,https://zenodo.org/records/5126904,5126904,cldf:Wordlist;linguistics,dataset,https://github.com/lexibank/leekoreanic/tree/v1.0
5127687,"CLDF dataset derived from Lieberherr and Bodt's ""Comparative Wordlists of Kho-Bwa"" from 2017","<p>Cite the source of the dataset as:</p>

<blockquote>
<p>Lieberherr, Ismail and Bodt, Timotheus Adrianus (2017): Sub-grouping Kho-Bwa based on shared core vocabulary. Himalayan Linguistics 16(2). 26-63. URL: https://escholarship.org/uc/item/4t27h5fg</p>
</blockquote>",,,v2.0,Ismail Lieberherr ; Timotheus Adrianus Bodt,Tiago Tresoldi ; Johann-Mattis List ; Robert Forkel ; Christoph Rzymski ; Ismail Lieberherr ; Ismail Lieberherr ; Timotheus Adrianus Bodt ; Timotheus Adrianus Bodt,10.5281/zenodo.5127687,10.5281/zenodo.2553233,2553233,2021-07-23T12:42:21.958251+00:00,2021-07-24T01:48:44.259721+00:00,lexibank;calc;eu,cc-by-4.0,https://zenodo.org/records/5127687,5127687,cldf:Wordlist;linguistics,dataset,https://github.com/lexibank/lieberherrkhobwa/tree/v2.0
5127775,"CLDF Dataset derived from Kessler's ""Significance of Wordlists"" from 2001","<p>Cite the source of the dataset as:</p>

<blockquote>
<p>Kessler, B. (2001): The Significance of Wordlists. CSLI: Stanford.</p>
</blockquote>",,,v1.0,"Kessler, B.",Johann-Mattis List,10.5281/zenodo.5127775,10.5281/zenodo.5127774,5127774,2021-07-23T12:52:04.371131+00:00,2021-07-24T01:48:44.227581+00:00,lexibank,cc-by-4.0,https://zenodo.org/records/5127775,5127775,cldf:Wordlist;linguistics,dataset,https://github.com/SequenceComparison/kesslersignificance/tree/v1.0
5126441,"CLDF dataset accompanying Hantgan and List's ""Bangime and Friends"" from 2018","<p>Cite the source of the dataset as:</p>

<blockquote>
<p>Hantgan, Abbie and List, Johann-Mattis (2018): Bangime. Secret language, language isolate, or language island? Journal of Language Contact.</p>
</blockquote>",,,v1.0,Abbie Hantgan ; Johann-Mattis List,Abbie Hantgan ; Abbie Hantgan,10.5281/zenodo.5126441,10.5281/zenodo.5126440,5126440,2021-07-23T05:53:06.657695+00:00,2021-07-24T01:48:44.127934+00:00,lexibank,cc-by-4.0,https://zenodo.org/records/5126441,5126441,cldf:Wordlist;linguistics,dataset,https://github.com/lexibank/hantganbangime/tree/v1.0
5126845,"CLDF Dataset derived from Hattori's ""Japanese Dialects"" from 1973","<p>Cite the source of the dataset as:</p>

<blockquote>
<p>Hattori, S. (1973): Japanese dialects. In: Diachronic, areal and typological linguistics. Edited by H. M. Hoenigswald and R. H. Langacre. 368-400.</p>
</blockquote>",,,v1.0,Shirō Hattori,Johann-Mattis List ; M. Dickmanns ; S. M. Oetzel ; K. Vogt,10.5281/zenodo.5126845,10.5281/zenodo.5126844,5126844,2021-07-23T10:21:29.301416+00:00,2021-07-24T01:48:44.039296+00:00,lexibank,cc-by-4.0,https://zenodo.org/records/5126845,5126845,cldf:Wordlist;linguistics,dataset,https://github.com/SequenceComparison/hattorijaponic/tree/v1.0
5127829,Ende (Papua New Guinea) IDS wordlist by Kate Lynn Lindsey and Bernard Comrie,"<p>Cite the source of the dataset as:</p>

<blockquote>
<p>Kate Lynn Lindsey and Bernard Comrie. 2020. Ende (Papua New Guinea) dictionary. In: Key, Mary Ritchie &amp; Comrie, Bernard (eds.) The Intercontinental Dictionary Series. Leipzig: Max Planck Institute for Evolutionary Anthropology. (Available online at http://ids.clld.org/)</p>
</blockquote>",,,v2.0,Kate Lynn Lindsey ; Bernard Comrie ; Hans-Jörg Bibiko,,10.5281/zenodo.5127829,10.5281/zenodo.4280602,4280602,2021-07-23T13:00:22.270617+00:00,2021-07-24T01:48:44.023400+00:00,lexibank,cc-by-4.0,https://zenodo.org/records/5127829,5127829,cldf:Wordlist;linguistics,dataset,https://github.com/intercontinental-dictionary-series/lindseyende/tree/v2.0
5127348,"CLDF dataset derived from McElhanon's ""Preliminary Observations on Huon Peninsula Languages"" from 1967","<p>Cite the source of the dataset as:</p>

<blockquote>
<p> McElhanon, K.A. 1967. Preliminary Observations on Huon Peninsula Languages. Oceanic Linguistics. 6, 1-45.</p>
</blockquote>",,,v1.0,K. A. McElhanon,Simon J. Greenhill ; Tiago Tresoldi,10.5281/zenodo.5127348,10.5281/zenodo.5127347,5127347,2021-07-23T12:10:23.488809+00:00,2021-07-24T01:48:43.984185+00:00,lexibank,cc-by-4.0,https://zenodo.org/records/5127348,5127348,cldf:Wordlist;linguistics,dataset,https://github.com/lexibank/mcelhanonhuon/tree/v1.0
5127906,"CLDF dataset derived from Gerardi and Reichert's ""The Tupí-Guaraní Language Family: A Phylogenetic Classification"" from 2020","<p>Cite the source of the dataset as:</p>

<blockquote>
<p>Ferraz Gerardi, Fabrício and Reichert, Stanislav (2020) The Tupí-Guaraní Language Family: A Phylogenetic Classification. To appear in Diachronica.</p>
</blockquote>",,,v2.0,"Ferraz Gerardi, F. ; Reichert, S.",Johann-Mattis List ; Tiago Tresoldi,10.5281/zenodo.5127906,10.5281/zenodo.4094079,4094079,2021-07-23T13:06:39.388455+00:00,2021-07-24T01:48:43.922181+00:00,lexibank,cc-by-4.0,https://zenodo.org/records/5127906,5127906,cldf:Wordlist;linguistics,dataset,https://github.com/lexibank/gerarditupi/tree/v2.0
5126948,"CLDF dataset derived from Wichmann's ""Lexicostatistical Dataset of Mixe-Zoquean"" from 2006","<p>Cite the source of the dataset as:</p>

<blockquote>
<p>Cysouw, M., Wichmann, S., &amp; Kamholz, D. (2006). A critique of the separation base method for genealogical subgrouping, with data from mixe-zoquean. Journal of Quantitative Linguistics, 13(2-3), 225–264. doi:10.1080/09296170600850759</p>
</blockquote>",,,v1.0,Søren Wichmann,Søren Wichmann ; Johann-Mattis List ; Simon J. Greenhill,10.5281/zenodo.5126948,10.5281/zenodo.5126947,5126947,2021-07-23T11:41:57.147959+00:00,2021-07-24T01:48:43.918744+00:00,lexibank,cc-by-4.0,https://zenodo.org/records/5126948,5126948,cldf:Wordlist;linguistics,dataset,https://github.com/lexibank/wichmannmixezoquean/tree/v1.0
5127131,"CLDF dataset derived from the Johansson et al.'s ""The typology of sound symbolism"" from 2020","<p>Cite the source of the dataset as:</p>

<blockquote>
<p>Erben Johansson, N., Anikin, A., Carling, G., &amp; Holmer, A. (2020). The typology of sound symbolism: Defining macro-concepts via their semantic and phonetic features, Linguistic Typology , 24(2), 253-310. doi: https://doi.org/10.1515/lingty-2020-2034</p>
</blockquote>",,,v1.0,Erben Johansson,Sacha Beniamine ; Kristina Pianykh ; Johann-Mattis List,10.5281/zenodo.5127131,10.5281/zenodo.5127130,5127130,2021-07-23T11:57:32.299441+00:00,2021-07-24T01:48:43.868372+00:00,lexibank,cc-by-4.0,https://zenodo.org/records/5127131,5127131,cldf:Wordlist;linguistics,dataset,https://github.com/lexibank/johanssonsoundsymbolic/tree/v1.0
5127404,"CLDF dataset derived from Kleinewillinghöfer's ""Bikwin-Jen Comparative Wordlist"" from 2015","<p>Cite the source of the dataset as:</p>

<blockquote>
<p>Kleinewillinghöfer, Ulrich (2015). Bikwin-Jen Group. https://www.blogs.uni-mainz.de/fb07-adamawa/adamawa-languages/bikwin-jen-group/. Accessed on: 2020-04-15.</p>
</blockquote>",,,v1.0,Ulrich Kleinewillinghöfer,Ulrich Kleinewillinghöfer ; Kristina-Pianykh ; Christoph Rzymski,10.5281/zenodo.5127404,10.5281/zenodo.5127403,5127403,2021-07-23T12:15:10.977188+00:00,2021-07-24T01:48:43.822059+00:00,lexibank,cc-by-4.0,https://zenodo.org/records/5127404,5127404,cldf:Wordlist;linguistics,dataset,https://github.com/lexibank/kleinewillinghoeferbikwinjen/tree/v1.0
5127536,"CLDF dataset derived from Peiros' ""Genetic classification of Austro-Asiatic languages"" from 2004","<p>Cite the source of the dataset as:</p>

<blockquote>
<p>Peiros, I. I. (2004): Genetičeskaja klassifikacija avstroaziatskix jazykov [Genetic classification of Austro-Asiatic languages]. Russian State University for the Humanities, Russian State University for the Humanities, Moscow.</p>
</blockquote>",,,v1.0,Ilia Peiros,Johann-Mattis List ; Mei-Shin Wu,10.5281/zenodo.5127536,10.5281/zenodo.5127535,5127535,2021-07-23T12:20:29.985511+00:00,2021-07-24T01:48:43.819684+00:00,lexibank,cc-by-4.0,https://zenodo.org/records/5127536,5127536,cldf:Wordlist;linguistics,dataset,https://github.com/lexibank/peirosaustroasiatic/tree/v1.0
5126890,"CLDF dataset derived from Lee and Hasegawa's ""Evolution of the Ainu Language in Space and Time"" from 2013","<p>Cite the source of the dataset as:</p>

<blockquote>
<p>Lee Sean, Hasegawa Toshikazu (2013). Evolution of the Ainu Language in Space and Time. PLOS ONE 8(4): e62243. https://doi.org/10.1371/journal.pone.0062243</p>
</blockquote>",,,v1.0,"Lee, Sean ; Hasegawa, Toshikazu",Christoph Rzymski,10.5281/zenodo.5126890,10.5281/zenodo.5126889,5126889,2021-07-23T10:55:13.267642+00:00,2021-07-24T01:48:43.787721+00:00,lexibank,cc-by-4.0,https://zenodo.org/records/5126890,5126890,cldf:Wordlist;linguistics,dataset,https://github.com/lexibank/leeainu/tree/v1.0
5126966,"CLDF dataset derived from Ivani's ""Basic Words in Suansu"" from 2019","<p>Cite the source of the dataset as:</p>

<blockquote>
<p>Ivani, J. K. (2019): A first overview on Suansu, a Tibeto-Burman language from Northeastern India. Talk, held at the 29th conference of the Southeast Asian Linguistic Society (27-29 May, Tokyo). https://zenodo.org/record/3383006</p>
</blockquote>",,,v1.0,Jessica Katiuscia Ivani,Johann-Mattis List,10.5281/zenodo.5126966,10.5281/zenodo.5126965,5126965,2021-07-23T11:45:30.360379+00:00,2021-07-24T01:48:43.779425+00:00,lexibank,cc-by-4.0,https://zenodo.org/records/5126966,5126966,cldf:Wordlist;linguistics,dataset,https://github.com/lexibank/ivanisuansu/tree/v1.0
5128097,"CLDF dataset derived from Lundgren's ""Phonological Reconstruction of Proto-Omagua-Kokama-Tupinambá"" from 2020","<p>Cite the source of the dataset as:</p>

<blockquote>
<p>Lundgren, Olof (2020): A phonological reconstruction of Proto-Omagua-Kokama-Tupinambá. Master&#x27;s thesis. Lund: Lund University.</p>
</blockquote>",,,v1.0,Olof Lundgren,Johann-Mattis List ; Lev Michael,10.5281/zenodo.5128097,10.5281/zenodo.5128096,5128096,2021-07-23T13:23:36.142181+00:00,2021-07-24T01:48:43.495763+00:00,lexibank,cc-by-4.0,https://zenodo.org/records/5128097,5128097,cldf:Wordlist;linguistics,dataset,https://github.com/lexibank/lundgrenomagoa/tree/v1.0
5126932,"CLDF dataset derived from Walworth's ""Polynesian Segmented Data"" from 2019","<p>Cite the source of the dataset as:</p>

<blockquote>
<p>Walworth, Mary. (2018). Polynesian Segmented Data (Version 1) [Data set]. Zenodo. http://doi.org/10.5281/zenodo.1689909</p>
</blockquote>",,,v1.0,Mary Walworth,Mary Walworth ; Mary Walworth ; Nathanael E. Schweikhard ; Johann-Mattis List,10.5281/zenodo.5126932,10.5281/zenodo.5126931,5126931,2021-07-23T11:30:44.012025+00:00,2021-07-24T01:48:43.412303+00:00,lexibank,cc-by-4.0,https://zenodo.org/records/5126932,5126932,cldf:Wordlist;linguistics,dataset,https://github.com/lexibank/walworthpolynesian/tree/v1.0
5126801,"CLDF dataset derived from Lee and Hasegawa's ""Bayesian phylogenetic analysis supports an agricultural origin of Japonic languages"" from 2011","<p>Cite the source of the dataset as:</p>

<blockquote>
<p>Lee, Sean, Hasegawa, Toshikazu (2011). Bayesian phylogenetic analysis supports an agricultural origin of Japonic languages. Proceedings of the Royal Society B: Biological Sciences, 278(1725), 3662–3669. doi:10.1098/rspb.2011.0518.</p>
</blockquote>",,,v1.0,"Lee, Sean ; Hasegawa, Toshikazu",Christoph Rzymski,10.5281/zenodo.5126801,10.5281/zenodo.5126800,5126800,2021-07-23T09:57:00.528945+00:00,2021-07-24T01:48:43.359256+00:00,lexibank,cc-by-4.0,https://zenodo.org/records/5126801,5126801,cldf:Wordlist;linguistics,dataset,https://github.com/lexibank/leejaponic/tree/v1.0
5126451,"CLDF dataset derived from Hsiu's ""Classification of Na-Meo"" from 2015","<p>Cite the source of the dataset as:</p>

<blockquote>
<p>Hsiu, Andrew (2015): The classification of Na Meo, a Hmong-Mien language of Vietnam. Handout prepared for SEALS 25 (Chiang Mai, 2015/05/27-29).</p>
</blockquote>",,,v1.0,"Hsiuh, Andrew","Johann-Mattis List ; Mei-Shin Wu ; Hsiuh, Andrew",10.5281/zenodo.5126451,10.5281/zenodo.5126450,5126450,2021-07-23T06:00:00.453715+00:00,2021-07-24T01:48:43.357974+00:00,lexibank,cc-by-4.0,https://zenodo.org/records/5126451,5126451,cldf:Wordlist;linguistics,dataset,https://github.com/lexibank/hsiuhmongmien/tree/v1.0
5126741,"CLDF dataset derived from Bowern et al.'s ""Hunter - Gatherer Language Database"" from 2021","<p>Cite the source of the dataset as:</p>

<blockquote>
<p>Bowern, Claire, Patience Epps, Jane Hill, and Patrick McConvell. Hunter - Gatherer Language Database. https://huntergatherer.la.utexas.edu/ Accessed 2021-04-27.</p>
</blockquote>",,,v1.0,Claire Bowern ; Patience Epps ; Jane Hill ; Patrick McConvell,Claire Bowern ; Patience Epps ; Jane Hill ; Patrick McConvell ; Robert Forkel ; Christoph Rzymski,10.5281/zenodo.5126741,10.5281/zenodo.5126740,5126740,2021-07-23T09:25:45.877243+00:00,2021-07-24T01:48:43.353684+00:00,lexibank,cc-by-4.0,https://zenodo.org/records/5126741,5126741,cldf:Wordlist;linguistics,dataset,https://github.com/lexibank/huntergatherer/tree/v1.0
5126458,"CLDF dataset derived from Nagano and Prins' ""rGyalrongic Languages Database"" from 2013","<p>Cite the source of the dataset as:</p>

<blockquote>
<p>Nagano, Yasuhiko and Prins, Marielle (2013): rGyalrongic Languages Database. Osaka: National Museum of Ethnology.</p>
</blockquote>",,,v3.0,Yasuhiko Nagano ; Marielle Prins,Tiago Tresoldi ; Johann-Mattis List ; STEDT,10.5281/zenodo.5126458,10.5281/zenodo.2634450,2634450,2021-07-23T06:05:42.305552+00:00,2021-07-24T01:48:43.337846+00:00,lexibank;eu,cc-by-4.0,https://zenodo.org/records/5126458,5126458,cldf:Wordlist;linguistics,dataset,https://github.com/lexibank/naganorgyalrongic/tree/v3.0
5126858,"CLDF dataset derived from Hóu's ""Phonological Database of Chinese Dialects"" from 2004","<p>Cite the source of the dataset as:</p>

<blockquote>
<p>Hóu, J. (2004): Xiàndài Hànyǔ fāngyán yīnkù 现代汉语方言音库 [Phonological database of Chinese dialects]. Shànghǎi: Shànghǎi Jiàoyù.</p>
</blockquote>",,,v1.0,Johann-Mattis List,"Hóu, Jīngyī ; Hóu, Jīngyī",10.5281/zenodo.5126858,10.5281/zenodo.5126857,5126857,2021-07-23T10:31:37.480095+00:00,2021-07-24T01:48:43.317756+00:00,lexibank,cc-by-4.0,https://zenodo.org/records/5126858,5126858,cldf:Wordlist;linguistics,dataset,https://github.com/SequenceComparison/houchinese/tree/v1.0
5126691,"CLDF dataset derived from Feleke's ""Ethiosemitic Languages"" from 2021","<p>Cite the source of the dataset as:</p>

<blockquote>
<p>Feleke, Tekabe Legesse (2021): Ethiosemitic languages: classifications and classification determinants. Ampersand. 2021. DOI: 10.1016/j.amper.2021.100074.</p>
</blockquote>",,,v1.0,Tekabe Legesse Feleke,Johann-Mattis List,10.5281/zenodo.5126691,10.5281/zenodo.5126690,5126690,2021-07-23T09:00:48.545141+00:00,2021-07-24T01:48:43.316724+00:00,lexibank,cc-by-4.0,https://zenodo.org/records/5126691,5126691,cldf:Wordlist;linguistics,dataset,https://github.com/lexibank/felekesemitic/tree/v1.0
4094642,"CLDF dataset derived from Gerardi and Reichert's ""The Tupí-Guaraní Language Family: A Phylogenetic Classification"" from 2020","<p>Cite the source of the dataset as:</p>

<blockquote>
<p>Ferraz Gerardi, Fabr&iacute;cio and Reichert, Stanislav (2020) The Tup&iacute;-Guaran&iacute; Language Family: A Phylogenetic Classification. To appear in Diachronica.</p>
</blockquote>",,,v1.0.1,"Ferraz Gerardi, F. ; Reichert, S.",Johann-Mattis List ; Tiago Tresoldi,10.5281/zenodo.4094642,10.5281/zenodo.4094079,4094079,2020-10-16T08:02:20.872941+00:00,2021-07-23T13:06:39.652298+00:00,lexibank,cc-by-4.0,https://zenodo.org/records/4094642,4094642,cldf:Wordlist;linguistics,dataset,https://github.com/lexibank/gerarditupi/tree/v1.0.1
4094080,"CLDF dataset derived from Gerardi and Reichert's ""The Tupí-Guaraní Language Family: A Phylogenetic Classification"" from 2020","<p>Cite the source of the dataset as:</p>

<blockquote>
<p>Ferraz Gerardi, Fabrício and Reichert, Stanislav (2020) The Tupí-Guaraní Language Family: A Phylogenetic Classification. To appear in Diachronica.</p>
</blockquote>",,,1.0,"Ferraz Gerardi, F. ; Reichert, S.",Johann-Mattis List ; Tiago Tresoldi,10.5281/zenodo.4094080,10.5281/zenodo.4094079,4094079,2020-10-16T06:09:42.647402+00:00,2021-07-23T13:06:39.489647+00:00,lexibank,other-open,https://zenodo.org/records/4094080,4094080,cldf:Wordlist;linguistics,dataset,https://github.com/lexibank/gerarditupi/tree/1.0
4280603,Ende (Papua New Guinea) IDS wordlist by Kate Lynn Lindsey and Bernard Comrie,"<p>Cite the source of the dataset as:</p>

<blockquote>
<p>Kate Lynn Lindsey and Bernard Comrie. 2020. Ende (Papua New Guinea) dictionary. In: Key, Mary Ritchie &amp; Comrie, Bernard (eds.) The Intercontinental Dictionary Series. Leipzig: Max Planck Institute for Evolutionary Anthropology. (Available online at http://ids.clld.org/)</p>
</blockquote>",,,v1.0,Kate Lynn Lindsey ; Bernard Comrie ; Hans-Jörg Bibiko,,10.5281/zenodo.4280603,10.5281/zenodo.4280602,4280602,2020-11-19T10:02:13.333837+00:00,2021-07-23T13:00:22.493101+00:00,lexibank,cc-by-4.0,https://zenodo.org/records/4280603,4280603,cldf:Wordlist;linguistics,dataset,https://github.com/intercontinental-dictionary-series/lindseyende/tree/v1.0
4925670,"CLDF dataset derived from Lieberherr and Bodt's ""Comparative Wordlists of Kho-Bwa"" from 2017","<p>Cite the source of the dataset as:</p>

<blockquote>
<p>Lieberherr, Ismail and Bodt, Timotheus Adrianus (2017): Sub-grouping Kho-Bwa based on shared core vocabulary. Himalayan Linguistics 16(2). 26-63. URL: https://escholarship.org/uc/item/4t27h5fg</p>
</blockquote>",,,v0.1,Ismail Lieberherr ; Timotheus Adrianus Bodt,Tiago Tresoldi ; Johann-Mattis List ; Robert Forkel ; Christoph Rzymski ; Ismail Lieberherr ; Ismail Lieberherr ; Timotheus Adrianus Bodt ; Timotheus Adrianus Bodt,10.5281/zenodo.4925670,10.5281/zenodo.2553233,2553233,2021-06-11T06:43:27.912049+00:00,2021-07-23T12:46:51.561394+00:00,lexibank;calc;eu,cc-by-4.0,https://zenodo.org/records/4925670,4925670,cldf:Wordlist;linguistics,dataset,https://github.com/lexibank/lieberherrkhobwa/tree/v1.0.0
4311354,"CLDF dataset derived from Lieberherr and Bodt's ""Comparative Wordlists of Kho-Bwa"" from 2017","<p>Cite the source of the dataset as:</p>

<blockquote>
<p>Lieberherr, Ismail and Bodt, Timotheus Adrianus (2017): Sub-grouping Kho-Bwa based on shared core vocabulary. Himalayan Linguistics 16(2). 26-63. URL: https://escholarship.org/uc/item/4t27h5fg</p>
</blockquote>",,,v0.9,Ismail Lieberherr ; Timotheus Adrianus Bodt,Tiago Tresoldi ; Johann-Mattis List ; Robert Forkel ; Christoph Rzymski ; Ismail Lieberherr ; Ismail Lieberherr ; Timotheus Adrianus Bodt ; Timotheus Adrianus Bodt,10.5281/zenodo.4311354,10.5281/zenodo.2553233,2553233,2020-12-08T12:51:47.889598+00:00,2021-07-23T12:46:51.439885+00:00,lexibank;calc;eu,cc-by-4.0,https://zenodo.org/records/4311354,4311354,cldf:Wordlist;linguistics,dataset,https://github.com/lexibank/lieberherrkhobwa/tree/v0.9
2553234,Sub-grouping Kho-Bwa,"<p>Original source of the data:</p>

<blockquote>
<p>Lieberherr, Ismail and Bodt, Timotheus Adrianus (2017): Sub-grouping Kho-Bwa based on shared core vocabulary. Himalayan Linguistics 16(2). 26-63. URL: <a href=""https://escholarship.org/uc/item/4t27h5fg"">https://escholarship.org/uc/item/4t27h5fg</a></p>
</blockquote>",,,v0.1,Tiago Tresoldi ; Johann-Mattis List,,10.5281/zenodo.2553234,10.5281/zenodo.2553233,2553233,2019-01-30T12:57:21.407569+00:00,2021-07-23T12:46:51.302308+00:00,calc;eu;lexibank,apache2.0,https://zenodo.org/records/2553234,2553234,,dataset,https://github.com/lexibank/lieberherrkhobwa/tree/v0.1.2
3537639,"CLDF dataset derived from Nagano and Prins' ""rGyalrongic Languages Database"" from 2013","<p>Cite the source dataset as</p>

<blockquote>
<p>Nagano, Yasuhiko and Prins, Marielle (eds.). 2013. rGyalrongic Languages Database. Minpaku.</p>
</blockquote>",,,v2.0,"Nagano, Yasuhiko ; Prins, Marielle",STEDT,10.5281/zenodo.3537639,10.5281/zenodo.2634450,2634450,2019-11-11T12:48:57.756812+00:00,2021-07-23T06:05:43.155119+00:00,lexibank;eu,other-open,https://zenodo.org/records/3537639,3537639,cldf:Wordlist,dataset,https://github.com/lexibank/naganorgyalrongic/tree/v2.0
3268562,lexibank/naganorgyalrongic: rGyalrongic Languages Database,"<p>Cite the source dataset as</p>

<blockquote>
<p>Nagano, Yasuhiko and Prins, Marielle (eds.). 2013. rGyalrongic Languages Database. Minpaku.</p>
</blockquote>",,,v1.1.1,Tiago Tresoldi ; Robert Forkel ; Johann-Mattis List,,10.5281/zenodo.3268562,10.5281/zenodo.2634450,2634450,2019-07-04T10:31:52.998061+00:00,2021-07-23T06:05:42.994455+00:00,eu;lexibank,other-open,https://zenodo.org/records/3268562,3268562,,dataset,https://github.com/lexibank/naganorgyalrongic/tree/v1.1.1
2637724,"CLDF dataset derived from Nagano and Prins' ""rGyalrongic Languages Database"" from 2013","<p>Cite the source dataset as</p>

<blockquote>
<p>Nagano, Yasuhiko and Prins, Marielle (eds.). 2013. rGyalrongic Languages Database. Minpaku.</p>
</blockquote>",,,v1.1,Tiago Tresoldi ; Johann-Mattis List,STEDT,10.5281/zenodo.2637724,10.5281/zenodo.2634450,2634450,2019-04-12T08:59:24.324687+00:00,2021-07-23T06:05:42.868349+00:00,eu;lexibank,other-open,https://zenodo.org/records/2637724,2637724,,dataset,https://github.com/lexibank/naganorgyalrongic/tree/v1.1
2634451,lexibank/naganorgyalrongic: rGyalrongic Languages Database,"<p>Cite the source dataset as</p>

<blockquote>
<p>Nagano, Yasuhiko and Prins, Marielle (eds.). 2013. rGyalrongic Languages Database. Minpaku.</p>
</blockquote>",,,v1.0,Tiago Tresoldi ; Robert Forkel,,10.5281/zenodo.2634451,10.5281/zenodo.2634450,2634450,2019-04-09T18:51:23.514386+00:00,2021-07-23T06:05:42.583425+00:00,eu;lexibank,cc-by-4.0,https://zenodo.org/records/2634451,2634451,,dataset,https://github.com/lexibank/naganorgyalrongic/tree/v1.0
5121813,"CLDF dataset derived from So-Hartmann's ""Notes on the Southern Chin Languages"" from 1988","<p>Cite the source of the dataset as:</p>

<blockquote>
<p>So-Hartmann, Helga (1988): Notes on the Southern Chin Languages. Linguistics of the Tibeto-Burman Area 11.2: 98-119.</p>
</blockquote>",,,v3.0,Johann-Mattis List ; Helga So-Hartmann,STEDT,10.5281/zenodo.5121813,10.5281/zenodo.2634477,2634477,2021-07-22T13:19:45.027080+00:00,2021-07-22T13:48:22.390827+00:00,lexibank;eu,cc-by-4.0,https://zenodo.org/records/5121813,5121813,cldf:Wordlist;linguistics,dataset,https://github.com/lexibank/sohartmannchin/tree/v3.0
5121724,"CLDF dataset derived from Galucio et al.'s ""Lexical Distances within the Tupian Linguistic family"" from 2015","<p>Cite the source of the dataset as:</p>

<blockquote>
<p>Galucio, Ana Vilacy, Meira, Sérgio, Birchall, Joshua, Moore, Denny, Gabas Júnior, Nilson, Drude, Sebastian, Storto, Luciana, Picanço, Gessiane, &amp; Rodrigues, Carmen Reis. (2015). Genealogical relations and lexical distances within the Tupian linguistic family. Boletim do Museu Paraense Emílio Goeldi. Ciências Humanas, 10(2), 229-274. https://dx.doi.org/10.1590/1981-81222015000200004</p>
</blockquote>",,,v1.0,"Galucio, Ana Vilacy ; Meira, Sérgio ; Birchall, Joshua ; Moore, Denny ; Gabas Júnior, Nilson ; Drude,  Sebastian ; Storto, Luciana ; Picanço, Gessiane ; Rodrigues, Carmen Reis","Simon J. Greenhill ; Galucio, Ana Vilacy ; Meira, Sérgio ; Birchall, Joshua ; Moore, Denny ; Gabas Júnior, Nilson ; Drude,  Sebastian ; Storto, Luciana ; Picanço, Gessiane ; Rodrigues, Carmen Reis",10.5281/zenodo.5121724,10.5281/zenodo.5121723,5121723,2021-07-22T13:00:47.362084+00:00,2021-07-22T13:48:22.389883+00:00,lexibank,cc-by-4.0,https://zenodo.org/records/5121724,5121724,cldf:Wordlist;linguistics,dataset,https://github.com/lexibank/galuciotupi/tree/v1.0
5121663,"CLDF dataset derived from Duong et al.'s ""Language of the La Chí People"" from 2020","<p>Cite the source of the dataset as:</p>

<blockquote>
<p>Duong, Thu Hang and Nguyen, Thu Quynh and Nguyen, Van Loi (2021): The Language of the La Chí People in Bản Díu Commune, Xín Mần District, Hà Giang Province, Vietnam. In: Studies in the Anthropology of Language in Mainland Southeast Asia. Ed. by N. J. Enfield, Jack Sidnell, and Charles H. P. Zuckermann. University of Hawaii Press: Honolulu. 124-138</p>
</blockquote>",,,v1.0,"Duong, Thu Hang ; Nguyen, Thu Quynh ; Nguyen, Van Loi",Johann-Mattis List ; Kristina Pianykh,10.5281/zenodo.5121663,10.5281/zenodo.5121662,5121662,2021-07-22T12:46:10.833827+00:00,2021-07-22T13:48:22.361347+00:00,lexibank,cc-by-4.0,https://zenodo.org/records/5121663,5121663,cldf:Wordlist;linguistics,dataset,https://github.com/lexibank/duonglachi/tree/v1.0
5121819,"CLDF dataset derived from Nurse and Philippson's ""Tanzania Language Survey"" from 1975","<p>Cite the source of the dataset as:</p>

<blockquote>
<p>Nurse, Derek and Gérard Philippson (1975). The Tanzanian Language Survey. Department of Foreign Languages and Linguistics of the University of Dar es Salaam: Dar es Salaam.</p>
</blockquote>",,,v4.0,Derek Nurse ; Gerard Philippson,Tiago Tresoldi,10.5281/zenodo.5121819,10.5281/zenodo.1312845,1312845,2021-07-22T13:25:28.768150+00:00,2021-07-22T13:48:22.360177+00:00,lexibank,cc-by-4.0,https://zenodo.org/records/5121819,5121819,cldf:Wordlist;linguistics,dataset,https://github.com/lexibank/tls/tree/v4.0
5121613,"CLDF dataset derived from Dunn et al.'s ""Aslian Languages"" from 2013","<p>Cite the source of the dataset as:</p>

<blockquote>
<p>Dunn, Michael, Nicole Kruspe, and Niclas Burenhult. 2013. ""Time and Place in the Prehistory of the Aslian Languages."" Human Biology 85: 383–400.</p>
</blockquote>",,,v1.0,Michael Dunn,Simon Greenhill ; Johann-Mattis List ; Michael Dunn,10.5281/zenodo.5121613,10.5281/zenodo.5121612,5121612,2021-07-22T12:17:20.331424+00:00,2021-07-22T13:48:22.332788+00:00,lexibank,cc-by-4.0,https://zenodo.org/records/5121613,5121613,cldf:Wordlist;linguistics,dataset,https://github.com/lexibank/dunnaslian/tree/v1.0
5121580,"CLDF dataset derived from Kolipakam et al.'s ""DravLex:"" from 2018","<p>Cite the source of the dataset as:</p>

<blockquote>
<p>Kolipakam, Vishnupriya, Michael Dunn, Fiona M. Jordan &amp; Annemarie Verkerk. (2018). DravLex: A Dravidian lexical database. Max Planck Institute for Psycholinguistics, Nijmegen, The Netherlands.</p>
</blockquote>",,,v1.0,"Kolipakam, Vishnupriya",Simon J. Greenhill ; Tiago Tresoldi ; Johann-Mattis List,10.5281/zenodo.5121580,10.5281/zenodo.5121579,5121579,2021-07-22T12:02:44.372946+00:00,2021-07-22T13:48:22.306648+00:00,lexibank,cc-by-4.0,https://zenodo.org/records/5121580,5121580,cldf:Wordlist;linguistics,dataset,https://github.com/lexibank/dravlex/tree/v1.0
5121561,"CLDF dataset derived from Carling's ""Diachronic Atlas of Comparative Linguistics"" from 2017","<p>Cite the source of the dataset as:</p>

<blockquote>
<p>Carling, Gerd (ed.) 2017. Diachronic Atlas of Comparative Linguistics Online. Lund: Lund University. (DOI/URL: https://diacl.ht.lu.se/). Accessed on: 2019-02-07.</p>
</blockquote>",,,v3.0,Gerd Carling,Robert Forkel ; Christoph Rzymski ; Gerd Carling ; Gerd Carling,10.5281/zenodo.5121561,10.5281/zenodo.2634298,2634298,2021-07-22T11:54:26.914305+00:00,2021-07-22T13:48:22.289013+00:00,lexibank,cc-by-4.0,https://zenodo.org/records/5121561,5121561,cldf:Wordlist;linguistics,dataset,https://github.com/lexibank/diacl/tree/v3.0
5121515,"CLDF dataset derived from Sūn's ""Tibeto-Burman Phonology and Lexicon"" from 1991","<p>Cite the source of the dataset as:</p>

<blockquote>
<p>Sūn, Hóngkāi 孙宏开 (1991): Zangmianyu yuyin he cihui 藏缅语音和词汇 [Tibeto-Burman phonology and lexicon]. Beijing: Chinese Social Sciences Press.</p>
</blockquote>",,,v4.0,"Sūn, Hóngkāi",Johann-Mattis List ; Tiago Tresoldi ; STEDT,10.5281/zenodo.5121515,10.5281/zenodo.1295556,1295556,2021-07-22T11:15:06.436234+00:00,2021-07-22T13:48:22.247519+00:00,lexibank;eu,cc-by-4.0,https://zenodo.org/records/5121515,5121515,cldf:Wordlist;linguistics,dataset,https://github.com/lexibank/suntb/tree/v4.0
5121482,"CLDF dataset derived from Clark's ""Phonological Analysis and Comparison of Two Kim Mun Varieties"" from 2008","<p>Cite the source of the dataset as:</p>

<blockquote>
<p>Clark, E. R. (2008). A phonological analysis and comparison of two Kim Mun varieties in Laos and Vietnam. Payap University: Chiang Mai.</p>
</blockquote>",,,v1.0,"Clark, E. R.","Johann-Mattis List ; Mei-Shin Wu ; Clark, E. R.",10.5281/zenodo.5121482,10.5281/zenodo.5121481,5121481,2021-07-22T10:49:34.956729+00:00,2021-07-22T13:48:22.233674+00:00,lexibank,cc-by-4.0,https://zenodo.org/records/5121482,5121482,cldf:Wordlist;linguistics,dataset,https://github.com/lexibank/clarkkimmun/tree/v1.0
5121280,"CLDF dataset derived from the LSDO's ""Chin Dialect Data"" from 2019","<p>Cite the source of the dataset as:</p>

<blockquote>
<p>Language and Social Development Organization (2019): Chin dialect data collection. Yangon: LSDO.</p>
</blockquote>",,,v1.0,Nathan Statezni,Johann-Mattis List ; Muhammad Zakaria ; Nathan Statezni,10.5281/zenodo.5121280,10.5281/zenodo.5121279,5121279,2021-07-22T08:45:40.843626+00:00,2021-07-22T13:48:22.182055+00:00,lexibank,cc-by-4.0,https://zenodo.org/records/5121280,5121280,cldf:Wordlist;linguistics,dataset,https://github.com/lexibank/chindialectsurvey/tree/v1.0
5121409,"CLDF dataset derived from Sagart et al.'s ""Sino-Tibetan Database of Lexical Cognates"" from 2019","<p>Cite the source of the dataset as:</p>

<blockquote>
<p>Laurent Sagart, Jacques, Guillaume, Yunfan Lai, and Johann-Mattis List (2019): Sino-Tibetan Database of Lexical Cognates. Jena: Max Planck Institute for the Science of Human History.</p>
</blockquote>",,,v2.0,Laurent Sagart ; Guillaume Jacques ; Yunfan Lai ; Johann-Mattis List,,10.5281/zenodo.5121409,10.5281/zenodo.1465396,1465396,2021-07-22T10:00:19.941062+00:00,2021-07-22T13:48:22.132883+00:00,lexibank;eu,cc-by-4.0,https://zenodo.org/records/5121409,5121409,cldf:Wordlist;linguistics,dataset,https://github.com/lexibank/sagartst/tree/v2.0
5121268,"CLDF dataset derived from Dellert et al.'s ""NorthEuraLex (Version 0.9)"" from 2020","<p>Cite the source of the dataset as:</p>

<blockquote>
<p>Dellert, J., Daneyko, T., Münch, A. et al (2020). NorthEuraLex (Version 0.9). Lang Resources and Evaluation. https://doi.org/10.1007/s10579-019-09480-6</p>
</blockquote>",,,v4.0,Johannes Dellert,Tiago Tresoldi ; Johann-Mattis List ; Robert Forkel ; Johannes Dellert ; Johannes Dellert ; Pavel Sofroniev ; Pavel Sofroniev,10.5281/zenodo.5121268,10.5281/zenodo.1312848,1312848,2021-07-22T08:37:47.780907+00:00,2021-07-22T13:48:22.106890+00:00,lexibank,cc-by-4.0,https://zenodo.org/records/5121268,5121268,cldf:Wordlist;linguistics,dataset,https://github.com/lexibank/northeuralex/tree/v4.0
5121215,"CLDF dataset derived from Castro and Hansen's ""Zhuang Dialects in Hongshui He"" from 2010","<p>Cite the source of the dataset as:</p>

<blockquote>
<p>Castro, Andy; Hansen, Bruce (2010): Hongshui He Zhuang dialect intelligibility survey. Dallas: SIL International.</p>
</blockquote>",,,v1.0.1,Andy Castro ; Bruce Hansen,Johann-Mattis List ; Mei-Shin Wu,10.5281/zenodo.5121215,10.5281/zenodo.5118683,5118683,2021-07-22T07:52:34.739150+00:00,2021-07-22T13:48:22.081071+00:00,lexibank,cc-by-4.0,https://zenodo.org/records/5121215,5121215,cldf:Wordlist;linguistics,dataset,https://github.com/lexibank/castrozhuang/tree/v1.0.1
5121214,"CLDF dataset derived from Castro et al.'s ""Yi Varieties in Heqing"" from 2010","<p>Cite the source of the dataset as:</p>

<blockquote>
<p>Castro, Andy; Crook, Brian; Flaming, Royce (2010): A sociolinguistic survey of Kua-nsi and related Yi varieties in Heqing county, Yunnan province, China. SIL Electronic Survey Reports 2010-001. Dallas: SIL International.</p>
</blockquote>",,,v1.0.1,Andy Castro ; Brian Crook ; Royce Flaming,Johann-Mattis List,10.5281/zenodo.5121214,10.5281/zenodo.5118535,5118535,2021-07-22T07:49:47.372491+00:00,2021-07-22T13:48:22.073994+00:00,lexibank,cc-by-4.0,https://zenodo.org/records/5121214,5121214,cldf:Wordlist;linguistics,dataset,https://github.com/lexibank/castroyi/tree/v1.0.1
5121219,"CLDF dataset derived from Huber and Reed's ""Comparative Vocabulary"" from 1992","<p>Cite the source of the dataset as:</p>

<blockquote>
<p>Huber, R. Q. and Reed, R. B. 1992. Vocabulario comparativo: palabras selectas de lenguas indígenas de Colombia [Comparative vocabulary. Selected words from the indigeneous languages of Columbia]. Santafé de Bogota: Asociatión Instituto Lingüístico de Verano.</p>
</blockquote>",,,v4.0.1,"Huber, R. Q. ; Reed, R. B.",Johann-Mattis List ; Jelena Prokić ; Michael Cysouw ; Peter Bouda,10.5281/zenodo.5121219,10.5281/zenodo.1295571,1295571,2021-07-22T07:55:34.331200+00:00,2021-07-22T13:48:22.052802+00:00,lexibank;eu,cc-by-4.0,https://zenodo.org/records/5121219,5121219,cldf:Wordlist;linguistics,dataset,https://github.com/lexibank/hubercolumbian/tree/v4.0.1
5121540,"CLDF dataset derived from Hale's ""Wordlists in Selected Languages of Nepal"" from 1973","<p>Cite the source of the dataset as:</p>

<blockquote>
<p>Hale, Austin (1973): Clause, sentences, and discourse patterns in selected languages of Nepal. Kathmandu: Institute of Nepal and Asiatic Studies.</p>
</blockquote>",,,v3.0,Austin Hale,Christoph Rzymski ; Johann-Mattis List ; Natalia Morozowa ; STEDT ; STEDT,10.5281/zenodo.5121540,10.5281/zenodo.2633936,2633936,2021-07-22T11:36:54.287282+00:00,2021-07-22T13:48:22.019738+00:00,lexibank;eu,cc-by-4.0,https://zenodo.org/records/5121540,5121540,cldf:Wordlist;linguistics,dataset,https://github.com/lexibank/halenepal/tree/v3.0
5121382,"CLDF dataset derived from Davletshin's ""Proto-Aztecan languages"" from 2012","<p>Cite the source of the dataset as:</p>

<blockquote>
<p>Davletshin, Albert (2012): Proto-Uto-Aztecans on their way to the Proto-Aztecan homeland: linguistic evidence. Journal of Language Relationship. 8. 1. 75-92.</p>
</blockquote>",,,v1.0,Albert Davletshin,Johann-Mattis List ; Simon J. Greenhill ; Tiago Tresoldi ; Albert Davletshin ; Albert Davletshin,10.5281/zenodo.5121382,10.5281/zenodo.5121381,5121381,2021-07-22T09:44:34.716536+00:00,2021-07-22T13:48:21.992813+00:00,lexibank,cc-by-4.0,https://zenodo.org/records/5121382,5121382,cldf:Wordlist;linguistics,dataset,https://github.com/lexibank/davletshinaztecan/tree/v1.0
5121340,"CLDF dataset derived from Robinson and Holton's ""Internal Classification of the Alor-Pantar Language Family"" from 2012","<p>Cite the source of the dataset as:</p>

<blockquote>
<p>Robinson, Laura C. and Holton, Gary (2012): Internal Classification of the Alor-Pantar Language Family Using Computational Methods Applied to the Lexicon. Language Dynamics and Change 2.2. 123-149.</p>
</blockquote>",,,v4.0,"Robinson, Laura C. ; Holton, Gary",Christoph Rzymski,10.5281/zenodo.5121340,10.5281/zenodo.1312827,1312827,2021-07-22T09:21:51.513458+00:00,2021-07-22T13:48:21.968244+00:00,lexibank,cc-by-4.0,https://zenodo.org/records/5121340,5121340,cldf:Wordlist;linguistics,dataset,https://github.com/lexibank/robinsonap/tree/v4.0
5121530,"CLDF dataset derived from List et al.'s ""Database of Cross-Linguistic Colexifications (Version 1.0)"" from 2014","<p>Cite the source of the dataset as:</p>

<blockquote>
<p>List, Johann-Mattis, Thomas Mayer, Anselm Terhalle, and Matthias Urban (2014). CLICS: Database of Cross-Linguistic Colexifications. Marburg: Forschungszentrum Deutscher Sprachatlas (Version 1.0).</p>
</blockquote>",,,v2.0,Johann-Mattis List,,10.5281/zenodo.5121530,10.5281/zenodo.5121529,5121529,2021-07-22T11:25:18.424930+00:00,2021-07-22T13:48:21.966688+00:00,lexibank,cc-by-4.0,https://zenodo.org/records/5121530,5121530,cldf:Wordlist;linguistics,dataset,https://github.com/clics/clics1-cldf/tree/v2.0
5121347,"CLDF dataset derived from Constenla Umaña's ""¿Existe relación genealógica entre las lenguas misumalpas y las chibchenses?"" from 2005","<p>Cite the source of the dataset as:</p>

<blockquote>
<p>Umaña, Adolfo Constenla. 2005. ¿Existe relación genealógica entre las lenguas misumalpas y las chibchenses?. Estudios de Lingüística Chibcha.</p>
</blockquote>",,,v1.0,"Constenla Umaña, Adolfo",Frederic Blum ; Mattis List,10.5281/zenodo.5121347,10.5281/zenodo.5121346,5121346,2021-07-22T09:29:41.175325+00:00,2021-07-22T13:48:21.966359+00:00,lexibank,cc-by-4.0,https://zenodo.org/records/5121347,5121347,cldf:Wordlist;linguistics,dataset,https://github.com/lexibank/constenlachibchan/tree/v1.0
5121535,"CLDF dataset derived from Z'graggen's ""Madang Comparative Wordlists"" from 1980","<p>Cite the source of the dataset as:</p>

<blockquote>
<p>Z&#x27;graggen, J A. (1980) A comparative word list of the Northern Adelbert Range Languages, Madang Province, Papua New Guinea. Canberra: Pacific Linguistics.</p>
</blockquote>",,,v4.0,John Anton Z'graggen,Tiago Tresoldi ; Mattis List ; Simon J. Greenhill,10.5281/zenodo.5121535,10.5281/zenodo.1312831,1312831,2021-07-22T11:31:57.428644+00:00,2021-07-22T13:48:21.940714+00:00,lexibank,cc-by-4.0,https://zenodo.org/records/5121535,5121535,cldf:Wordlist;linguistics,dataset,https://github.com/lexibank/zgraggenmadang/tree/v4.0
5121776,"CLDF dataset derived from Gao's ""Tibeto-Burman languages in China"" from 2020","<p>Cite the source of the dataset as:</p>

<blockquote>
<p>Gao, Tianjun (2020): Reconstruction and analysis of phylogenetic network on Tibeto-Burman languages in China. Journal of Chinese Linguistics, 48:1, 257-293.</p>
</blockquote>",,,v1.0,Tianjun Gao,Tianjun Gao ; Johann-Mattis List ; Moritz Toppmöller ; Jost Markus ; Vanessa Schmidt ; Iryna Fandraliuk,10.5281/zenodo.5121776,10.5281/zenodo.5121775,5121775,2021-07-22T13:16:42.264773+00:00,2021-07-22T13:48:21.906136+00:00,lexibank,cc-by-4.0,https://zenodo.org/records/5121776,5121776,cldf:Wordlist;linguistics,dataset,https://github.com/digling/gaotb/tree/v1.0
5121829,"CLDF dataset derived from Yang's ""Lalo Regional Varieties"" from 2011","<p>Cite the source of the dataset as:</p>

<blockquote>
<p>Yang, Cathryn (2011): Lalo regional varieties: Phylogeny, dialectometry and sociolinguistics. Bundoora: La Trobe University.</p>
</blockquote>",,,v3.0,Cathryn Yang,Cathryn Yang ; Steve Pepper ; Tiago Tresoldi ; Johann-Mattis List,10.5281/zenodo.5121829,10.5281/zenodo.2634028,2634028,2021-07-22T13:33:18.233959+00:00,2021-07-22T13:48:21.878557+00:00,lexibank,cc-by-4.0,https://zenodo.org/records/5121829,5121829,cldf:Wordlist;linguistics,dataset,https://github.com/lexibank/yanglalo/tree/v3.0
5121651,"CLDF Dataset derived from Dunn's ""IELex"" from 2012","<p>Cite the source of the dataset as:</p>

<blockquote>
<p>Dunn, Michael (2012): Indo-European Lexical Cognacy Database. Max Planck Institute for Psycholinguistics: Nijmegen.</p>
</blockquote>",,,v1.0,"Dunn, Michael",Johann-Mattis List,10.5281/zenodo.5121651,10.5281/zenodo.5121650,5121650,2021-07-22T12:38:24.434929+00:00,2021-07-22T13:48:21.852952+00:00,lexibank,cc-by-4.0,https://zenodo.org/records/5121651,5121651,cldf:Wordlist;linguistics,dataset,https://github.com/SequenceComparison/dunnielex/tree/v1.0
5121189,"CLDF dataset derived from Mennecier et al.'s ""Central Asian Language Survey"" from 2016","<p>Cite the source of the dataset as:</p>

<blockquote>
<p>Mennecier, P., Nerbonne, J., Heyer, E., &amp; Manni, F. (2016). A Central Asian Language Survey, Language Dynamics and Change, 6(1), 57-98. doi: https://doi.org/10.1163/22105832-00601015</p>
</blockquote>",,,v1.0.1,"Mennecier, P. ; Nerbonne, J. ; Heyer, E. ; Manni, F.","Mennecier, P. ; Nerbonne, J. ; Heyer, E. ; Manni, F. ; Robert Forkel",10.5281/zenodo.5121189,10.5281/zenodo.5116000,5116000,2021-07-22T07:20:01.875432+00:00,2021-07-22T13:48:21.817314+00:00,lexibank,cc-by-4.0,https://zenodo.org/records/5121189,5121189,cldf:Wordlist;linguistics,dataset,https://github.com/lexibank/cals/tree/v1.0.1
5121324,"CLDF dataset derived from Chin's ""Gelong Language in the Multilingual Hub of Hainan"" from 2015","<p>Cite the source of the dataset as:</p>

<blockquote>
<p>Chin, Andy C. (2015): The Gelong Language in the Multilingual Hub of Hainan. Bulletin of Chinese Linguistics. 8. 140-156.</p>
</blockquote>",,,v1.0,Andy C. Chin,Johann-Mattis List ; Fiona Grond ; Ayten Tüfekci,10.5281/zenodo.5121324,10.5281/zenodo.5040168,5040168,2021-07-22T09:12:23.250090+00:00,2021-07-22T13:48:21.760178+00:00,lexibank,cc-by-4.0,https://zenodo.org/records/5121324,5121324,cldf:Wordlist;linguistics,dataset,https://github.com/digling/chingelong/tree/v1.0
5121327,"CLDF dataset derived from Mitterhofer's ""Dialect Survey of Bena"" from 2013","<p>Cite the source of the dataset as:</p>

<blockquote>
<p>Mitterhofer, Bernadette. 2013. Lessons from a dialect survey of Bena: Analyzing wordlists. SIL International.</p>
</blockquote>",,,v3.0,Bernadette Mitterhofer,Tiago Tresoldi ; Johann-Mattis List ; Christoph Rzymski ; Jonathan Roper ; Mariann Proos,10.5281/zenodo.5121327,10.5281/zenodo.2633979,2633979,2021-07-22T09:12:58.752430+00:00,2021-07-22T13:48:21.749864+00:00,lexibank,cc-by-4.0,https://zenodo.org/records/5121327,5121327,cldf:Wordlist;linguistics,dataset,https://github.com/lexibank/mitterhoferbena/tree/v3.0
5121317,"CLDF dataset derived from Marrison's ""Naga Languages of North-East India"" from 1967","<p>Cite the source of the dataset as:</p>

<blockquote>
<p>Marrison, Geoffrey Edward (1967) : The classification of the Naga languages of North-East India. London: School of African and Oriental Sciences.</p>
</blockquote>",,,v3.0,"Marrison, G. E.",Johann-Mattis List ; Mei-Shin Wu ; Tiago Tresoldi ; STEDT ; STEDT,10.5281/zenodo.5121317,10.5281/zenodo.2634315,2634315,2021-07-22T09:04:43.727737+00:00,2021-07-22T13:48:21.748101+00:00,lexibank,cc-by-4.0,https://zenodo.org/records/5121317,5121317,cldf:Wordlist;linguistics,dataset,https://github.com/lexibank/marrisonnaga/tree/v3.0
5121222,"CLDF dataset derived from Kraft's ""Chadic Wordlists"" from 1981","<p>Cite the source of the dataset as:</p>

<blockquote>
<p>Kraft, Charles H. 1981. Chadic wordlists. Berlin: Dietrich Reimer.</p>
</blockquote>",,,v4.0.1,"Kraft, Charles H.",Tiago Tresoldi ; Johann-Mattis List ; Michael Cysouw ; Peter Bouda ; Peter Bouda,10.5281/zenodo.5121222,10.5281/zenodo.1312959,1312959,2021-07-22T07:58:24.573914+00:00,2021-07-22T13:48:21.723717+00:00,lexibank,cc-by-4.0,https://zenodo.org/records/5121222,5121222,cldf:Wordlist;linguistics,dataset,https://github.com/lexibank/kraftchadic/tree/v4.0.1
5121213,"CLDF dataset derived from Castro's ""Sui Dialect Research"" from 2015","<p>Cite the source of the dataset as:</p>

<blockquote>
<p>Castro, Andy and Pan, Xingwen (2015): Sui dialect research. SIL: Guiyang.</p>
</blockquote>",,,v3.0.1,Andy Castro,Johann-Mattis List ; Mei-Shin Wu ; Patience Epps ; Andy Castro ; Andy Castro,10.5281/zenodo.5121213,10.5281/zenodo.2634730,2634730,2021-07-22T07:47:30.004953+00:00,2021-07-22T13:48:21.712047+00:00,lexibank,cc-by-4.0,https://zenodo.org/records/5121213,5121213,cldf:Wordlist;linguistics,dataset,https://github.com/lexibank/castrosui/tree/v3.0.1
5121195,"CLDF dataset derived from de Carvalho's ""Comparative reconstruction of Proto-Purus"" from 2021","<p>Cite the source of the dataset as:</p>

<blockquote>
<p>de Carvalho, F. O. (2021): A comparative reconstruction of Proto-Purus (Arawakan) segmental phonology. IJAL. 87.1. 49-108</p>
</blockquote>",,,v1.0.1,Fernando O. de Carvalho,Johann-Mattis List,10.5281/zenodo.5121195,10.5281/zenodo.5118460,5118460,2021-07-22T07:23:36.239871+00:00,2021-07-22T13:48:21.698162+00:00,lexibank,cc-by-4.0,https://zenodo.org/records/5121195,5121195,cldf:Wordlist;linguistics,dataset,https://github.com/lexibank/carvalhopurus/tree/v1.0.1
3537673,"CLDF dataset derived from Yang's ""Lalo Regional Varieties"" from 2011","<p>Cite the source dataset as</p>

<blockquote>
<p>Yang, Cathryn (2011): Lalo regional varieties: Phylogeny, dialectometry and sociolinguistics. Bundoora: La Trobe University.</p>
</blockquote>",,,v2.0.1,Cathryn Yang,Cathryn Yang ; Steve Pepper,10.5281/zenodo.3537673,10.5281/zenodo.2634028,2634028,2019-11-11T13:14:15.981268+00:00,2021-07-22T13:33:18.575773+00:00,lexibank,other-open,https://zenodo.org/records/3537673,3537673,cldf:Wordlist,dataset,https://github.com/lexibank/yanglalo/tree/v2.0.1
3268582,"CLDF dataset derived from Yang's ""Lalo Regional Varieties"" from 2011","<p>Cite the source dataset as</p>

<blockquote>
<p>Yang, Cathryn (2011): Lalo regional varieties: Phylogeny, dialectometry and sociolinguistics. Bundoora: La Trobe University.</p>
</blockquote>",,,v1.0.1,Cathryn Yang ; Tiago Tresoldi ; Johann-Mattis List,Cathryn Yang ; Steve Pepper,10.5281/zenodo.3268582,10.5281/zenodo.2634028,2634028,2019-07-04T10:50:15.926431+00:00,2021-07-22T13:33:18.478662+00:00,lexibank,other-open,https://zenodo.org/records/3268582,3268582,,dataset,https://github.com/lexibank/yanglalo/tree/v1.0.1
2634029,"CLDF dataset derived from Yang's ""Lalo Regional Varieties"" from 2011","<p>Cite the source dataset as</p>

<blockquote>
<p>Yang, Cathryn (2011): Lalo regional varieties: Phylogeny, dialectometry and sociolinguistics. Bundoora: La Trobe University.</p>
</blockquote>",,,v1.0,Cathryn Yang ; Tiago Tresoldi ; Johann-Mattis List,Cathryn Yang ; Steve Pepper,10.5281/zenodo.2634029,10.5281/zenodo.2634028,2634028,2019-04-09T11:26:07.445050+00:00,2021-07-22T13:33:18.349293+00:00,lexibank,other-open,https://zenodo.org/records/2634029,2634029,,dataset,https://github.com/lexibank/yanglalo/tree/v1.0
3535171,"CLDF dataset derived from Nurse and Philippson's ""Tanzania Language Survey"" from 1975","<p>Cite the source dataset as</p>

<blockquote>
<p>Nurse, Derek and G&eacute;rard Philippson (1975/99). The Tanzanian Language Survey.</p>
</blockquote>",,,v3.0,"Nurse, D. ; Philipson, G.",,10.5281/zenodo.3535171,10.5281/zenodo.1312845,1312845,2019-11-11T09:42:32.054933+00:00,2021-07-22T13:25:29.245603+00:00,lexibank,other-open,https://zenodo.org/records/3535171,3535171,cldf:Wordlist,dataset,https://github.com/lexibank/tls/tree/v3.0
3266982,lexibank/tls: Tanzania Language Survey (TLS),"<p>Cite the source dataset as</p>

<blockquote>
<p>Nurse, Derek and G&eacute;rard Philippson (1975/99). The Tanzanian Language Survey.</p>
</blockquote>",,,v2.0.1,Tiago Tresoldi ; Robert Forkel ; Johann-Mattis List,,10.5281/zenodo.3266982,10.5281/zenodo.1312845,1312845,2019-07-03T11:11:49.396398+00:00,2021-07-22T13:25:29.158318+00:00,lexibank,other-open,https://zenodo.org/records/3266982,3266982,,dataset,https://github.com/lexibank/tls/tree/v2.0.1
2633762,"CLDF dataset derived from Nurse and Philippson's ""Tanzania Language Survey"" from 1975","<p>Cite the source dataset as</p>

<blockquote>
<p>Nurse, Derek and G&eacute;rard Philippson (1975/99). The Tanzanian Language Survey.</p>
</blockquote>",,,v2.0,Tiago Tresoldi,,10.5281/zenodo.2633762,10.5281/zenodo.1312845,1312845,2019-04-09T08:45:00.798394+00:00,2021-07-22T13:25:29.045307+00:00,lexibank,other-open,https://zenodo.org/records/2633762,2633762,,dataset,https://github.com/lexibank/tls/tree/v2.0
1312846,lexibank/tls: Tanzania Language Survey (TLS),"<p>Cite the source dataset as</p>

<blockquote>
<p>Nurse, Derek and G&eacute;rard Philippson (1975/99). The Tanzanian Language Survey.</p>
</blockquote>",,,v1.1,Tiago Tresoldi ; Robert Forkel ; Johann-Mattis List,,10.5281/zenodo.1312846,10.5281/zenodo.1312845,1312845,2018-07-16T12:20:24.051486+00:00,2021-07-22T13:25:28.935016+00:00,lexibank,other-open,https://zenodo.org/records/1312846,1312846,clics2,dataset,https://github.com/lexibank/tls/tree/v1.1
3537682,"CLDF dataset derived from So-Hartmann's ""Notes on the Southern Chin Languages"" from 1988","<p>Cite the source dataset as</p>

<blockquote>
<p>So-Hartmann, Helga. 1988. Notes on the Southern Chin Languages. LTBA 11.2:98-119. Accessed via STEDT database <a href=""http://stedt.berkeley.edu/search/"">http://stedt.berkeley.edu/search/</a> on 2019-04-04.</p>
</blockquote>",,,v2.0,"So-Hartmann, H.",,10.5281/zenodo.3537682,10.5281/zenodo.2634477,2634477,2019-11-11T13:21:30.638785+00:00,2021-07-22T13:19:45.380358+00:00,lexibank;eu,other-open,https://zenodo.org/records/3537682,3537682,cldf:Wordlist,dataset,https://github.com/lexibank/sohartmannchin/tree/v2.0
3268589,lexibank/sohartmannchin: Notes on the Southern Chin Languages,"<p>Cite the source dataset as</p>

<blockquote>
<p>So-Hartmann, Helga. 1988. Notes on the Southern Chin Languages. LTBA 11.2:98-119. Accessed via STEDT database <a href=""http://stedt.berkeley.edu/search/"">http://stedt.berkeley.edu/search/</a> on 2019-04-04.</p>
</blockquote>",,,v1.0.1,Johann-Mattis List,,10.5281/zenodo.3268589,10.5281/zenodo.2634477,2634477,2019-07-04T10:56:46.830832+00:00,2021-07-22T13:19:45.285994+00:00,eu;lexibank,other-open,https://zenodo.org/records/3268589,3268589,,dataset,https://github.com/lexibank/sohartmannchin/tree/v1.0.1
2634478,Notes on the Southern Chin Languages,"<p>Cite the source dataset as</p>

<blockquote>
<p>So-Hartmann, Helga. 1988. Notes on the Southern Chin Languages. LTBA 11.2:98-119. Accessed via STEDT database <a href=""http://stedt.berkeley.edu/search/"">http://stedt.berkeley.edu/search/</a> on 2019-04-04.</p>
</blockquote>",,,v1.0,Johann-Mattis List,,10.5281/zenodo.2634478,10.5281/zenodo.2634477,2634477,2019-04-09T19:25:47.042934+00:00,2021-07-22T13:19:45.164162+00:00,eu;lexibank,other-open,https://zenodo.org/records/2634478,2634478,,dataset,https://github.com/lexibank/sohartmannchin/tree/v1.0
3534873,"CLDF dataset derived from Carling's ""Diachronic Atlas of Comparative Linguistics"" from 2017","<p>Cite the source dataset as</p>

<blockquote>
<p>Carling, Gerd (ed.) 2017. Diachronic Atlas of Comparative Linguistics Online. Lund: Lund University. (DOI/URL: <a href=""https://diacl.ht.lu.se/"">https://diacl.ht.lu.se/</a>. ). Accessed on: 2019-02-07.</p>
</blockquote>",,,v2.0,Robert Forkel ; Christoph Rzymski,,10.5281/zenodo.3534873,10.5281/zenodo.2634298,2634298,2019-11-11T07:43:43.445046+00:00,2021-07-22T11:54:27.209780+00:00,lexibank,other-open,https://zenodo.org/records/3534873,3534873,cldf:Wordlist,dataset,https://github.com/lexibank/diacl/tree/v2.0
3268395,lexibank/diacl: Diachronic Atlas of Comparative Linguistics,"<p>Cite the source dataset as</p>

<blockquote>
<p>Carling, Gerd (ed.) 2017. Diachronic Atlas of Comparative Linguistics Online. Lund: Lund University. (DOI/URL: <a href=""https://diacl.ht.lu.se/"">https://diacl.ht.lu.se/</a>. ). Accessed on: 2019-02-07.</p>
</blockquote>",,,v1.1,Robert Forkel ; Christoph Rzymski,,10.5281/zenodo.3268395,10.5281/zenodo.2634298,2634298,2019-07-04T07:47:20.967760+00:00,2021-07-22T11:54:27.123770+00:00,lexibank,other-open,https://zenodo.org/records/3268395,3268395,,dataset,https://github.com/lexibank/diacl/tree/v1.1
2634299,"CLDF dataset derived from Carling's ""Diachronic Atlas of Comparative Linguistics"" from 2017","<p>Cite the source dataset as</p>

<blockquote>
<p>Carling, Gerd (ed.) 2017. Diachronic Atlas of Comparative Linguistics Online. Lund: Lund University. (DOI/URL: <a href=""https://diacl.ht.lu.se/"">https://diacl.ht.lu.se/</a>. ). Accessed on: 2019-02-07.</p>
</blockquote>",,,v1.0,Robert Forkel ; Christoph Rzymski,,10.5281/zenodo.2634299,10.5281/zenodo.2634298,2634298,2019-04-09T15:45:15.074849+00:00,2021-07-22T11:54:27.021796+00:00,lexibank,other-open,https://zenodo.org/records/2634299,2634299,,dataset,https://github.com/lexibank/diacl/tree/v1.0
3537629,"CLDF dataset derived from Hale's ""Wordlists in Selected Languages of Nepal"" from 1973","<p>Cite the source dataset as</p>

<blockquote>
<p>Hale, Austin. 1973. Clause, sentence, and discourse patterns in selected languages of Nepal IV: word lists. SIL and Tribhuvan University Press</p>
</blockquote>",,,v2.0,"Hale, Austin",STEDT,10.5281/zenodo.3537629,10.5281/zenodo.2633936,2633936,2019-11-11T12:23:37.418413+00:00,2021-07-22T11:36:54.626508+00:00,lexibank;eu,other-open,https://zenodo.org/records/3537629,3537629,cldf:Wordlist,dataset,https://github.com/lexibank/halenepal/tree/v2.0
3268446,"lexibank/halenepal: A. Hale's «Selected Languages of Nepal», 1973","<p>Cite the source dataset as</p>

<blockquote>
<p>Hale, Austin. 1973. Clause, sentence, and discourse patterns in selected languages of Nepal IV: word lists. SIL and Tribhuvan University Press</p>
</blockquote>",,,v1.0.1,Christoph Rzymski ; Johann-Mattis List ; Natalia Morozova,,10.5281/zenodo.3268446,10.5281/zenodo.2633936,2633936,2019-07-04T08:38:56.894183+00:00,2021-07-22T11:36:54.526411+00:00,eu;lexibank,other-open,https://zenodo.org/records/3268446,3268446,,dataset,https://github.com/lexibank/halenepal/tree/v1.0.1
2633937,"CLDF dataset derived from Hale's ""Wordlists in Selected Languages of Nepal"" from 1973","<p>Cite the source dataset as</p>

<blockquote>
<p>Hale, Austin. 1973. Clause, sentence, and discourse patterns in selected languages of Nepal IV: word lists. SIL and Tribhuvan University Press</p>
</blockquote>",,,v1.0,Christoph Rzymski ; Johann-Mattis List,STEDT,10.5281/zenodo.2633937,10.5281/zenodo.2633936,2633936,2019-04-09T10:20:57.555531+00:00,2021-07-22T11:36:54.404002+00:00,eu;lexibank,other-open,https://zenodo.org/records/2633937,2633937,,dataset,https://github.com/lexibank/halenepal/tree/v1.0
3537580,"CLDF dataset derived from Z'graggen's ""Madang Comparative Wordlists"" from 1980","<p>Cite the source dataset as</p>

<blockquote>
<p>Z&#39;graggen, J A. (1980) A comparative word list of the Northern Adelbert Range Languages, Madang Province, Papua New Guinea. Canberra: Pacific Linguistics. and others from the same author.</p>
</blockquote>",,,v3.0,Tiago Tresoldi ; Mattis List ; Simon J. Greenhill,,10.5281/zenodo.3537580,10.5281/zenodo.1312831,1312831,2019-11-11T11:39:22.764600+00:00,2021-07-22T11:31:57.908597+00:00,lexibank,other-open,https://zenodo.org/records/3537580,3537580,cldf:Wordlist,dataset,https://github.com/lexibank/zgraggenmadang/tree/v3.0
3267037,"CLDF dataset derived from Z'graggen's ""Madang Comparative Wordlists"" from 1980","<p>Cite the source dataset as</p>

<blockquote>
<p>Z&#39;graggen, J A. (1980) A comparative word list of the Northern Adelbert Range Languages, Madang Province, Papua New Guinea. Canberra: Pacific Linguistics. and others from the same author.</p>
</blockquote>",,,v2.0.1,Tiago Tresoldi ; Mattis List ; Simon J. Greenhill,,10.5281/zenodo.3267037,10.5281/zenodo.1312831,1312831,2019-07-03T11:49:45.271171+00:00,2021-07-22T11:31:57.788857+00:00,lexibank,other-open,https://zenodo.org/records/3267037,3267037,,dataset,https://github.com/lexibank/zgraggenmadang/tree/v2.0.1
2630811,"CLDF dataset derived from Z'graggen's ""Madang Comparative Wordlists"" from 1980","<p>Cite the source dataset as</p>

<blockquote>
<p>Z&#39;graggen, J A. (1980) A comparative word list of the Northern Adelbert Range Languages, Madang Province, Papua New Guinea. Canberra: Pacific Linguistics. and others from the same author.</p>
</blockquote>",,,v2.0,Tiago Tresoldi ; Mattis List ; Simon J. Greenhill,,10.5281/zenodo.2630811,10.5281/zenodo.1312831,1312831,2019-04-05T19:05:06.521867+00:00,2021-07-22T11:31:57.689599+00:00,lexibank,other-open,https://zenodo.org/records/2630811,2630811,,dataset,https://github.com/lexibank/zgraggenmadang/tree/v2.0
1312832,"CLDF dataset derived from Z'graggen's ""Madang Comparative Wordlists"" from 1980","<p>Cite the source dataset as</p>

<blockquote>
<p>Z&#39;graggen, J A. (1980) A comparative word list of the Northern Adelbert Range Languages, Madang Province, Papua New Guinea. Canberra: Pacific Linguistics. and others from the same author.</p>
</blockquote>",,,v1.1,Tiago Tresoldi ; Mattis List ; Simon J. Greenhill,,10.5281/zenodo.1312832,10.5281/zenodo.1312831,1312831,2018-07-16T12:01:58.494346+00:00,2021-07-22T11:31:57.561313+00:00,lexibank,other-open,https://zenodo.org/records/1312832,1312832,clics2,dataset,https://github.com/lexibank/zgraggenmadang/tree/v1.1
3535008,"CLDF dataset derived from Sūn's ""Tibeto-Burman Phonology and Lexicon"" from 1991","<p>Cite the source dataset as</p>

<blockquote>
<p>Sun Hongkai et al. 1991. Zangmianyu yuyin he cihui 《藏缅语音和词汇》[Tibeto-Burman phonology and lexicon]. Beijing: Chinese Social Sciences Press. Accessed via STEDT database</p>
</blockquote>",,,v3.0,Johann-Mattis List ; Tiago Tresoldi,STEDT,10.5281/zenodo.3535008,10.5281/zenodo.1295556,1295556,2019-11-11T09:35:56.257681+00:00,2021-07-22T11:15:06.970515+00:00,lexibank;eu,other-open,https://zenodo.org/records/3535008,3535008,cldf:Wordlist,dataset,https://github.com/lexibank/suntb/tree/v3.0
3266836,lexibank/suntb: Sun ZMYYC [Tibeto-Burman phonology and lexicon],"<p>Cite the source dataset as</p>

<blockquote>
<p>Sun Hongkai et al. 1991. Zangmianyu yuyin he cihui 《藏缅语音和词汇》[Tibeto-Burman phonology and lexicon]. Beijing: Chinese Social Sciences Press. Accessed via STEDT database</p>
</blockquote>",,,v2.1,Johann-Mattis List ; Robert Forkel ; Tiago Tresoldi,,10.5281/zenodo.3266836,10.5281/zenodo.1295556,1295556,2019-07-03T08:44:07.884833+00:00,2021-07-22T11:15:06.879514+00:00,eu;lexibank,other-open,https://zenodo.org/records/3266836,3266836,,dataset,https://github.com/lexibank/suntb/tree/v2.1
2633741,"CLDF dataset derived from Sūn's ""Tibeto-Burman Phonology and Lexicon"" from 1991","<p>Cite the source dataset as</p>

<blockquote>
<p>Sun Hongkai et al. 1991. Zangmianyu yuyin he cihui 《藏缅语音和词汇》[Tibeto-Burman phonology and lexicon]. Beijing: Chinese Social Sciences Press. Accessed via STEDT database</p>
</blockquote>",,,v2.0,Johann-Mattis List ; Tiago Tresoldi,STEDT,10.5281/zenodo.2633741,10.5281/zenodo.1295556,1295556,2019-04-09T08:26:44.067716+00:00,2021-07-22T11:15:06.780775+00:00,eu;lexibank,other-open,https://zenodo.org/records/2633741,2633741,,dataset,https://github.com/lexibank/suntb/tree/v2.0
1312847,lexibank/suntb: Sun ZMYYC [Tibeto-Burman phonology and lexicon],"<p>Cite the source dataset as</p>

<blockquote>
<p>Sun Hongkai et al. 1991. Zangmianyu yuyin he cihui 《藏缅语音和词汇》[Tibeto-Burman phonology and lexicon]. Beijing: Chinese Social Sciences Press. Accessed via STEDT database</p>
</blockquote>",,,v1.1,Robert Forkel ; Johann-Mattis List ; Tiago Tresoldi,,10.5281/zenodo.1312847,10.5281/zenodo.1295556,1295556,2018-07-16T12:25:56.728912+00:00,2021-07-22T11:15:06.692479+00:00,eu;lexibank,other-open,https://zenodo.org/records/1312847,1312847,clics2,dataset,https://github.com/lexibank/suntb/tree/v1.1
1295557,lexibank/suntb: Sun's dataset of the 'Tibeto-Burman phonology and lexicon',"<p>Cite the source dataset as</p>

<blockquote>
<p>Sun Hongkai et al. 1991. Zangmianyu yuyin he cihui 《藏缅语音和词汇》[Tibeto-Burman phonology and lexicon]. Beijing: Chinese Social Sciences Press. Accessed via STEDT database</p>
</blockquote>",,,v1.0,Johann-Mattis List ; Tiago Tresoldi,,10.5281/zenodo.1295557,10.5281/zenodo.1295556,1295556,2018-06-21T13:45:54.672765+00:00,2021-07-22T11:15:06.587825+00:00,eu;lexibank,other-open,https://zenodo.org/records/1295557,1295557,,dataset,https://github.com/lexibank/suntb/tree/v1.0
2581321,Sino-Tibetan Database of Lexical Cognates,"<p>Sino-Tibetan Database of Lexical Cognates</p>

<p>Cite the source dataset as</p>

<blockquote>
<p>Laurent Sagart, Jacques, Guillaume, Yunfan Lai, and Johann-Mattis List (2019): Sino-Tibetan Database of Lexical Cognates. Jena, Max Planck Institute for the Science of Human History.</p>
</blockquote>

<p>This dataset is licensed under a GPL-3.0 license</p>

<p>Available online at <a href=""http://dighl.github.io/sinotibetan/"">http://dighl.github.io/sinotibetan/</a></p>

<p>Statistics</p>

<p>&nbsp;</p>

<ul>
	<li><strong>Varieties:</strong> 50</li>
	<li><strong>Concepts:</strong> 250</li>
	<li><strong>Lexemes:</strong> 12,180</li>
	<li><strong>Synonymy:</strong> 1.06</li>
	<li><strong>Cognacy:</strong> 8,711 cognates in 1,652 cognate sets</li>
	<li><strong>Invalid lexemes:</strong> 0</li>
	<li><strong>Tokens:</strong> 60,885</li>
	<li><strong>Segments:</strong> 480 (1 BIPA errors, 1 CTLS sound class errors, 474 CLTS modified)</li>
	<li><strong>Inventory size (avg):</strong> 51.76</li>
</ul>",,,v1.1.0,Johann-Mattis List,,10.5281/zenodo.2581321,10.5281/zenodo.1465396,1465396,2019-03-01T14:34:11.274229+00:00,2021-07-22T10:00:20.440959+00:00,eu;lexibank,other-open,https://zenodo.org/records/2581321,2581321,historical linguistics;Sino-Tibetan languages;lexical database;cognate judgments,software,https://github.com/lexibank/sagartst/tree/v1.1.0
1465485,lexibank/sagartst: Sino-Tibetan Database of Lexical Cognates,"<p>Sino-Tibetan Database of Lexical Cognates</p>

<p>Cite the source dataset as</p>

<blockquote>
<p>Laurent Sagart, Jacques, Guillaume, Yunfan Lai, and Johann-Mattis List (2018): Sino-Tibetan Database of Lexical Cognates. Jena, Max Planck Institute for the Science of Human History.</p>
</blockquote>

<p>This dataset is licensed under a GPL-3.0 license</p>

<p>Available online at <a href=""http://dighl.github.io/sinotibetan/"">http://dighl.github.io/sinotibetan/</a></p>

<p>Statistics</p>

<p>&nbsp;</p>

<ul>
	<li><strong>Varieties:</strong> 50</li>
	<li><strong>Concepts:</strong> 250</li>
	<li><strong>Lexemes:</strong> 12,180</li>
	<li><strong>Synonymy:</strong> 1.06</li>
	<li><strong>Cognacy:</strong> 8,711 cognates in 1,652 cognate sets</li>
	<li><strong>Invalid lexemes:</strong> 0</li>
	<li><strong>Tokens:</strong> 60,885</li>
	<li><strong>Segments:</strong> 480 (1 BIPA errors, 1 CTLS sound class errors, 474 CLTS modified)</li>
	<li><strong>Inventory size (avg):</strong> 51.76</li>
</ul>",,,v1.0.0,Johann-Mattis List,,10.5281/zenodo.1465485,10.5281/zenodo.1465396,1465396,2018-10-18T09:13:55.872069+00:00,2021-07-22T10:00:20.289696+00:00,eu;lexibank,gpl-2.0,https://zenodo.org/records/1465485,1465485,Sino-Tibetan languages;database;cognates;wordlist,dataset,https://github.com/lexibank/sagartst/tree/v1.0.0
1465397,lexibank/sagartst: Sino-Tibetan database of lexical homologs,<p>This is a pre-release for testing only.</p>,,,v0.1.1.alpha,Johann-Mattis List,,10.5281/zenodo.1465397,10.5281/zenodo.1465396,1465396,2018-10-18T07:37:15.666601+00:00,2021-07-22T10:00:20.123240+00:00,eu;lexibank,other-open,https://zenodo.org/records/1465397,1465397,,software,https://github.com/lexibank/sagartst/tree/v0.1.1.alpha
3534994,"CLDF dataset derived from Robinson and Holton's ""Internal Classification of the Alor-Pantar Language Family"" from 2012","<p>Cite the source dataset as</p>

<blockquote>
<p>Internal Classification of the Alor-Pantar Language Family Using Computational Methods Applied to the Lexicon Robinson, Laura C. and Holton, Gary, Language Dynamics and Change, 2, 123-149 (2012), DOI:<a href=""https://doi.org/10.1163/22105832-20120201"">https://doi.org/10.1163/22105832-20120201</a></p>
</blockquote>",,,v3.0,"Robinson, Laura C. ; Holton, Gary ; Tiago Tresoldi",,10.5281/zenodo.3534994,10.5281/zenodo.1312827,1312827,2019-11-11T09:22:59.250127+00:00,2021-07-22T09:21:51.962890+00:00,lexibank,other-open,https://zenodo.org/records/3534994,3534994,cldf:Wordlist,dataset,https://github.com/lexibank/robinsonap/tree/v3.0
3266720,lexibank/robinsonap: Internal Classification of the Alor-Pantar Language Family Using Computational Methods Applied to the Lexicon,"<p>Cite the source dataset as</p>

<blockquote>
<p>Internal Classification of the Alor-Pantar Language Family Using Computational Methods Applied to the Lexicon Robinson, Laura C. and Holton, Gary, Language Dynamics and Change, 2, 123-149 (2012), DOI:<a href=""https://doi.org/10.1163/22105832-20120201"">https://doi.org/10.1163/22105832-20120201</a></p>
</blockquote>",,,v2.0.1,Robert Forkel ; Tiago Tresoldi ; Simon J Greenhill,,10.5281/zenodo.3266720,10.5281/zenodo.1312827,1312827,2019-07-03T06:43:43.492580+00:00,2021-07-22T09:21:51.854347+00:00,lexibank,other-open,https://zenodo.org/records/3266720,3266720,,dataset,https://github.com/lexibank/robinsonap/tree/v2.0.1
2633696,"CLDF dataset derived from Robinson and Holton's ""Internal Classification of the Alor-Pantar Language Family"" from 2012","<p>Cite the source dataset as</p>

<blockquote>
<p>Internal Classification of the Alor-Pantar Language Family Using Computational Methods Applied to the Lexicon Robinson, Laura C. and Holton, Gary, Language Dynamics and Change, 2, 123-149 (2012), DOI:<a href=""https://doi.org/10.1163/22105832-20120201"">https://doi.org/10.1163/22105832-20120201</a></p>
</blockquote>",,,v2.0,"Robinson, Laura C. ; Holton, Gary ; Tiago Tresoldi",,10.5281/zenodo.2633696,10.5281/zenodo.1312827,1312827,2019-04-09T07:36:37.401895+00:00,2021-07-22T09:21:51.757445+00:00,lexibank,other-open,https://zenodo.org/records/2633696,2633696,,dataset,https://github.com/lexibank/robinsonap/tree/v2.0
1312828,lexibank/robinsonap: Internal Classification of the Alor-Pantar Language Family Using Computational Methods Applied to the Lexicon,"<p>Cite the source dataset as</p>

<blockquote>
<p>Internal Classification of the Alor-Pantar Language Family Using Computational Methods Applied to the Lexicon Robinson, Laura C. and Holton, Gary, Language Dynamics and Change, 2, 123-149 (2012), DOI:<a href=""https://doi.org/10.1163/22105832-20120201"">https://doi.org/10.1163/22105832-20120201</a></p>
</blockquote>",,,v1.1,Robert Forkel ; Tiago Tresoldi ; Simon J Greenhill,,10.5281/zenodo.1312828,10.5281/zenodo.1312827,1312827,2018-07-16T12:00:18.009373+00:00,2021-07-22T09:21:51.651893+00:00,lexibank,other-open,https://zenodo.org/records/1312828,1312828,clics2,dataset,https://github.com/lexibank/robinsonap/tree/v1.1
3534900,"CLDF dataset derived from Mitterhofer's ""Dialect Survey of Bena"" from 2013","<p>Cite the source dataset as</p>

<blockquote>
<p>Mitterhofer, Bernadette. 2013. Lessons from a dialect survey of Bena: Analyzing wordlists. SIL International.</p>
</blockquote>",,,v2.0,Tiago Tresoldi ; Johann-Mattis List ; Christoph Rzymski,Jonathan Roper ; Mariann Proos,10.5281/zenodo.3534900,10.5281/zenodo.2633979,2633979,2019-11-11T08:00:58.820889+00:00,2021-07-22T09:12:59.187094+00:00,lexibank,other-open,https://zenodo.org/records/3534900,3534900,cldf:Wordlist,dataset,https://github.com/lexibank/mitterhoferbena/tree/v2.0
3268556,lexibank/mitterhoferbena: Bena Dialect Survey,"<p>Cite the source dataset as</p>

<blockquote>
<p>Mitterhofer, Bernadette. 2013. Lessons from a dialect survey of Bena: Analyzing wordlists. SIL International.</p>
</blockquote>",,,v1.0.1,Tiago Tresoldi ; Johann-Mattis List,,10.5281/zenodo.3268556,10.5281/zenodo.2633979,2633979,2019-07-04T10:22:45.327790+00:00,2021-07-22T09:12:59.062201+00:00,lexibank,other-open,https://zenodo.org/records/3268556,3268556,,dataset,https://github.com/lexibank/mitterhoferbena/tree/v1.0.1
2633980,"CLDF dataset derived from Mitterhofer's ""Dialect Survey of Bena"" from 2013","<p>Cite the source dataset as</p>

<blockquote>
<p>Mitterhofer, Bernadette. 2013. Lessons from a dialect survey of Bena: Analyzing wordlists. SIL International.</p>
</blockquote>",,,v1.0,Tiago Tresoldi ; Johann-Mattis List ; Christoph Rzymski,Jonathan Roper ; Mariann Proos,10.5281/zenodo.2633980,10.5281/zenodo.2633979,2633979,2019-04-09T10:38:02.898489+00:00,2021-07-22T09:12:58.880908+00:00,lexibank,other-open,https://zenodo.org/records/2633980,2633980,,dataset,https://github.com/lexibank/mitterhoferbena/tree/v1.0
5040169,"CLDF dataset derived from Chin's ""Gelong Language in the Multilingual Hub of Hainan"" from 2015","<p>Cite the source of the dataset as:</p>

<blockquote>
<p>Chin, Andy C. (2015): The Gelong Language in the Multilingual Hub of Hainan. Bulletin of Chinese Linguistics. 8. 140-156.</p>
</blockquote>",,,v0.1,Andy C. Chin,Johann-Mattis List ; Fiona Grond ; Ayten Tüfekci,10.5281/zenodo.5040169,10.5281/zenodo.5040168,5040168,2021-06-29T08:06:07.214915+00:00,2021-07-22T09:12:23.331252+00:00,lexibank,cc-by-4.0,https://zenodo.org/records/5040169,5040169,cldf:Wordlist;linguistics,dataset,https://github.com/digling/chingelong/tree/v0.1
3537636,"CLDF dataset derived from Marrison's ""Naga Languages of North-East India"" from 1967","<p>Cite the source dataset as</p>

<blockquote>
<p>Marrison, Geoffrey Edward (1967) : The classification of the Naga languages of north-east India. Berkeley : University of California</p>
</blockquote>",,,v2.0,"Marrison, G. E.",,10.5281/zenodo.3537636,10.5281/zenodo.2634315,2634315,2019-11-11T12:37:16.356320+00:00,2021-07-22T09:04:44.119213+00:00,lexibank,other-open,https://zenodo.org/records/3537636,3537636,cldf:Wordlist,dataset,https://github.com/lexibank/marrisonnaga/tree/v2.0
3268547,lexibank/marrisonnaga: The classification of the Naga languages of north-east India,"<p>Cite the source dataset as</p>

<blockquote>
<p>Marrison, Geoffrey Edward (1967) : The classification of the Naga languages of north-east India. Berkeley : University of California</p>
</blockquote>",,,v1.0.1,Mei Shin Wu ; Johann-Mattis List ; Robert Forkel,,10.5281/zenodo.3268547,10.5281/zenodo.2634315,2634315,2019-07-04T10:14:31.232861+00:00,2021-07-22T09:04:43.983846+00:00,lexibank,other-open,https://zenodo.org/records/3268547,3268547,,dataset,https://github.com/lexibank/marrisonnaga/tree/v1.0.1
2634316,Naga Languages of North-East India,"<p>Cite the source dataset as</p>

<blockquote>
<p>Marrison, Geoffrey Edward (1967) : The classification of the Naga languages of north-east India. Berkeley : University of California</p>
</blockquote>",,,v1.0,Johann-Mattis List ; Mei-Shin Wu,,10.5281/zenodo.2634316,10.5281/zenodo.2634315,2634315,2019-04-09T16:22:58.826498+00:00,2021-07-22T09:04:43.855637+00:00,lexibank,cc-by-4.0,https://zenodo.org/records/2634316,2634316,,dataset,https://github.com/lexibank/marrisonnaga/tree/v1.0
3534991,"CLDF dataset derived from Dellert et al.'s ""NorthEuraLex (Version 0.9)"" from 2020","<p>Cite the source dataset as</p>

<blockquote>
<p>Dellert, Johannes and J&auml;ger, Gerhard (2017): NorthEuraLex (Version 0.9). T&uuml;bingen: Eberhard-Karls University.</p>
</blockquote>",,,v3.0,Tiago Tresoldi ; Johann-Mattis List ; Robert Forkel,Johannes Dellert ; Johannes Dellert ; Pavel Sofroniev ; Pavel Sofroniev,10.5281/zenodo.3534991,10.5281/zenodo.1312848,1312848,2019-11-11T09:14:05.216270+00:00,2021-07-22T08:37:48.450022+00:00,lexibank,other-open,https://zenodo.org/records/3534991,3534991,cldf:Wordlist,dataset,https://github.com/lexibank/northeuralex/tree/v3.0
3266709,"CLDF dataset derived from Dellert et al.'s ""NorthEuraLex (Version 0.9)"" from 2020","<p>Cite the source dataset as</p>

<blockquote>
<p>Dellert, Johannes and J&auml;ger, Gerhard (2017): NorthEuraLex (Version 0.9). T&uuml;bingen: Eberhard-Karls University.</p>
</blockquote>",,,v2.0.2,Tiago Tresoldi ; Johann-Mattis List ; Robert Forkel,Johannes Dellert ; Johannes Dellert ; Pavel Sofroniev ; Pavel Sofroniev,10.5281/zenodo.3266709,10.5281/zenodo.1312848,1312848,2019-07-03T06:39:20.868280+00:00,2021-07-22T08:37:48.346567+00:00,lexibank,other-open,https://zenodo.org/records/3266709,3266709,,dataset,https://github.com/lexibank/northeuralex/tree/v2.0.2
3266685,"CLDF dataset derived from Dellert et al.'s ""NorthEuraLex (Version 0.9)"" from 2020","<p>Cite the source dataset as</p>

<blockquote>
<p>Dellert, Johannes and J&auml;ger, Gerhard (2017): NorthEuraLex (Version 0.9). T&uuml;bingen: Eberhard-Karls University.</p>
</blockquote>",,,v2.0.1,Tiago Tresoldi ; Johann-Mattis List ; Robert Forkel,Johannes Dellert ; Johannes Dellert ; Pavel Sofroniev ; Pavel Sofroniev,10.5281/zenodo.3266685,10.5281/zenodo.1312848,1312848,2019-07-03T06:29:19.104900+00:00,2021-07-22T08:37:48.200077+00:00,lexibank,other-open,https://zenodo.org/records/3266685,3266685,,dataset,https://github.com/lexibank/northeuralex/tree/v2.0.1
2633026,"CLDF dataset derived from Dellert et al.'s ""NorthEuraLex (Version 0.9)"" from 2020","<p>Cite the source dataset as</p>

<blockquote>
<p>Dellert, Johannes and J&auml;ger, Gerhard (2017): NorthEuraLex (Version 0.9). T&uuml;bingen: Eberhard-Karls University.</p>
</blockquote>",,,v2.0,Tiago Tresoldi ; Johann-Mattis List ; Robert Forkel,Johannes Dellert ; Johannes Dellert ; Pavel Sofroniev ; Pavel Sofroniev,10.5281/zenodo.2633026,10.5281/zenodo.1312848,1312848,2019-04-08T12:56:31.794976+00:00,2021-07-22T08:37:48.082767+00:00,lexibank,other-open,https://zenodo.org/records/2633026,2633026,,dataset,https://github.com/lexibank/northeuralex/tree/v2.0
1312849,"CLDF dataset derived from Dellert et al.'s ""NorthEuraLex (Version 0.9)"" from 2020","<p>Cite the source dataset as</p>

<blockquote>
<p>Dellert, Johannes and J&auml;ger, Gerhard (2017): NorthEuraLex (Version 0.9). T&uuml;bingen: Eberhard-Karls University.</p>
</blockquote>",,,v1.0,Tiago Tresoldi ; Johann-Mattis List ; Robert Forkel,Johannes Dellert ; Johannes Dellert ; Pavel Sofroniev ; Pavel Sofroniev,10.5281/zenodo.1312849,10.5281/zenodo.1312848,1312848,2018-07-16T12:30:08.520864+00:00,2021-07-22T08:37:47.935987+00:00,lexibank,other-open,https://zenodo.org/records/1312849,1312849,clics2,dataset,https://github.com/lexibank/northeuralex/tree/v1.0
5119242,"CLDF dataset derived from Kraft's ""Chadic Wordlists"" from 1981","<p>Cite the source of the dataset as:</p>

<blockquote>
<p>Kraft, Charles H. 1981. Chadic wordlists. Berlin: Dietrich Reimer.</p>
</blockquote>",,,v4.0,"Kraft, Charles H.",Tiago Tresoldi ; Johann-Mattis List ; Michael Cysouw ; Peter Bouda ; Peter Bouda,10.5281/zenodo.5119242,10.5281/zenodo.1312959,1312959,2021-07-21T13:06:41.362086+00:00,2021-07-22T07:58:25.030986+00:00,lexibank,cc-by-4.0,https://zenodo.org/records/5119242,5119242,cldf:Wordlist;linguistics,dataset,https://github.com/lexibank/kraftchadic/tree/v4.0
3534953,Chadic Wordlists,"<p>Cite the source dataset as</p>

<blockquote>
<p>Kraft, Charles H. 1981. Chadic Wordlists</p>
</blockquote>",,,v3.0,Tiago Tresoldi ; Johann-Mattis List,Michael Cysouw ; Peter Bouda,10.5281/zenodo.3534953,10.5281/zenodo.1312959,1312959,2019-11-11T09:05:14.548882+00:00,2021-07-22T07:58:24.930189+00:00,lexibank,other-open,https://zenodo.org/records/3534953,3534953,cldf:Wordlist,dataset,https://github.com/lexibank/kraftchadic/tree/v3.0
2632725,Chadic Wordlists,"<p>Cite the source dataset as</p>

<blockquote>
<p>Kraft, Charles H. 1981. Chadic Wordlists</p>
</blockquote>",,,v2.0,Tiago Tresoldi ; Johann-Mattis List,Michael Cysouw ; Peter Bouda,10.5281/zenodo.2632725,10.5281/zenodo.1312959,1312959,2019-04-08T09:47:11.348879+00:00,2021-07-22T07:58:24.814509+00:00,lexibank,other-open,https://zenodo.org/records/2632725,2632725,,dataset,https://github.com/lexibank/kraftchadic/tree/v2.0
1312960,lexibank/kraftchadic: Chadic Wordlist,"<p>Cite the source dataset as</p>

<blockquote>
<p>Kraft, Charles H. 1981. Chadic Wordlists</p>
</blockquote>",,,v1.0,Robert Forkel,,10.5281/zenodo.1312960,10.5281/zenodo.1312959,1312959,2018-07-16T14:05:17.298049+00:00,2021-07-22T07:58:24.709930+00:00,lexibank,other-open,https://zenodo.org/records/1312960,1312960,clics2,dataset,https://github.com/lexibank/kraftchadic/tree/v1.0
5119227,"CLDF dataset derived from Huber and Reed's ""Comparative Vocabulary"" from 1992","<p>Cite the source of the dataset as:</p>

<blockquote>
<p>Huber, R. Q. and Reed, R. B. 1992. Vocabulario comparativo: palabras selectas de lenguas indígenas de Colombia [Comparative vocabulary. Selected words from the indigeneous languages of Columbia]. Santafé de Bogota: Asociatión Instituto Lingüístico de Verano.</p>
</blockquote>",,,v4.0,"Huber, R. Q. ; Reed, R. B.",Johann-Mattis List ; Jelena Prokić ; Michael Cysouw ; Peter Bouda,10.5281/zenodo.5119227,10.5281/zenodo.1295571,1295571,2021-07-21T12:57:27.682298+00:00,2021-07-22T07:55:36.264814+00:00,lexibank;eu,cc-by-4.0,https://zenodo.org/records/5119227,5119227,cldf:Wordlist;linguistics,dataset,https://github.com/lexibank/hubercolumbian/tree/v4.0
3534908,Comparative Vocabulary,"<p>Cite the source dataset as</p>

<blockquote>
<p>Cysouw, M. and Prokić, J. and Bouda, P. and Moran, S. (2012): Dataset of Huber and Reed&#39;s &quot;Comparative Vocabulary&quot;. Marburg: Philipps-University Marburg.</p>
</blockquote>",,,v3.0,Johann-Mattis List,,10.5281/zenodo.3534908,10.5281/zenodo.1295571,1295571,2019-11-11T08:19:09.298342+00:00,2021-07-22T07:55:36.168192+00:00,eu;lexibank,other-open,https://zenodo.org/records/3534908,3534908,cldf:Wordlist,dataset,https://github.com/lexibank/hubercolumbian/tree/v3.0
3265977,lexibank/hubercolumbian: Cysouw et al.'s Dataset of Huber and Reed's 'Comparative Vocabulary',"<p>Cite the source dataset as</p>

<blockquote>
<p>Cysouw, M. and Prokić, J. and Bouda, P. and Moran, S. (2012): Dataset of Huber and Reed&#39;s &quot;Comparative Vocabulary&quot;. Marburg: Philipps-University Marburg.</p>
</blockquote>",,,v2.0.1,Johann-Mattis List ; Simon J Greenhill,,10.5281/zenodo.3265977,10.5281/zenodo.1295571,1295571,2019-07-02T12:13:44.761216+00:00,2021-07-22T07:55:36.080130+00:00,eu;lexibank,other-open,https://zenodo.org/records/3265977,3265977,,dataset,https://github.com/lexibank/hubercolumbian/tree/v2.0.1
2632551,Comparative Vocabulary,"<p>Cite the source dataset as</p>

<blockquote>
<p>Cysouw, M. and Prokić, J. and Bouda, P. and Moran, S. (2012): Dataset of Huber and Reed&#39;s &quot;Comparative Vocabulary&quot;. Marburg: Philipps-University Marburg.</p>
</blockquote>",,,v2.0,Johann-Mattis List,,10.5281/zenodo.2632551,10.5281/zenodo.1295571,1295571,2019-04-08T08:07:28.573654+00:00,2021-07-22T07:55:34.626029+00:00,eu;lexibank,other-open,https://zenodo.org/records/2632551,2632551,Columbian languages;clics;lexibank,dataset,https://github.com/lexibank/hubercolumbian/tree/v2.0
1295572,lexibank/hubercolumbian: Cysouw et al.'s Dataset of Huber and Reed's 'Comparative Vocabulary',"<p>Cite the source dataset as</p>

<blockquote>
<p>Cysouw, M. and Prokić, J. and Bouda, P. and Moran, S. (2012): Dataset of Huber and Reed&#39;s &quot;Comparative Vocabulary&quot;. Marburg: Philipps-University Marburg.</p>
</blockquote>",,,v1.0,Johann-Mattis List,Jelena Prokić ; Michael Cysouw ; Peter Bouda,10.5281/zenodo.1295572,10.5281/zenodo.1295571,1295571,2018-06-21T14:00:49.887269+00:00,2021-07-22T07:55:34.498404+00:00,eu;lexibank,other-open,https://zenodo.org/records/1295572,1295572,Columbian languages;lexibank;wordlist;clics2,dataset,https://github.com/lexibank/hubercolumbian/tree/v1.0
5118684,"CLDF dataset derived from Castro and Hansen's ""Zhuang Dialects in Hongshui He"" from 2010","<p>Cite the source of the dataset as:</p>

<blockquote>
<p>Castro, Andy; Hansen, Bruce (2010): Hongshui He Zhuang dialect intelligibility survey. Dallas: SIL International.</p>
</blockquote>",,,v1.0,Andy Castro ; Bruce Hansen,Johann-Mattis List ; Mei-Shin Wu,10.5281/zenodo.5118684,10.5281/zenodo.5118683,5118683,2021-07-21T09:52:39.221879+00:00,2021-07-22T07:52:34.817341+00:00,lexibank,cc-by-4.0,https://zenodo.org/records/5118684,5118684,cldf:Wordlist;linguistics,dataset,https://github.com/lexibank/castrozhuang/tree/v1.0
5118536,"CLDF dataset derived from Castro et al.'s ""Yi Varieties in Heqing"" from 2010","<p>Cite the source of the dataset as:</p>

<blockquote>
<p>Castro, Andy; Crook, Brian; Flaming, Royce (2010): A sociolinguistic survey of Kua-nsi and related Yi varieties in Heqing county, Yunnan province, China. SIL Electronic Survey Reports 2010-001. Dallas: SIL International.</p>
</blockquote>",,,v1.0,Andy Castro ; Brian Crook ; Royce Flaming,Johann-Mattis List,10.5281/zenodo.5118536,10.5281/zenodo.5118535,5118535,2021-07-21T08:30:26.474563+00:00,2021-07-22T07:49:47.456934+00:00,lexibank,cc-by-4.0,https://zenodo.org/records/5118536,5118536,cldf:Wordlist;linguistics,dataset,https://github.com/lexibank/castroyi/tree/v1.0
5118477,"CLDF dataset derived from Castro's ""Sui Dialect Research"" from 2015","<p>Cite the source of the dataset as:</p>

<blockquote>
<p>Castro, Andy and Pan, Xingwen (2015): Sui dialect research. SIL: Guiyang.</p>
</blockquote>",,,v3.0,Andy Castro,Johann-Mattis List ; Mei-Shin Wu ; Patience Epps ; Andy Castro ; Andy Castro,10.5281/zenodo.5118477,10.5281/zenodo.2634730,2634730,2021-07-21T07:51:45.721782+00:00,2021-07-22T07:47:30.408636+00:00,lexibank,cc-by-4.0,https://zenodo.org/records/5118477,5118477,cldf:Wordlist;linguistics,dataset,https://github.com/lexibank/castrosui/tree/v3.0
3537607,"CLDF dataset derived from Castro's ""Sui Dialect Research"" from 2015","<p>Cite the source dataset as</p>

<blockquote>
<p>Castro, Andy and Pan, Xingwen (2015): Sui dialect research. SIL: Guiyang.</p>
</blockquote>",,,v2.0,"Castro, Andy ; Pan, Xingwen",Patience Epps ; Andy Castro ; Andy Castro,10.5281/zenodo.3537607,10.5281/zenodo.2634730,2634730,2019-11-11T12:01:41.396443+00:00,2021-07-22T07:47:30.323438+00:00,lexibank,other-open,https://zenodo.org/records/3537607,3537607,cldf:Wordlist,dataset,https://github.com/lexibank/castrosui/tree/v2.0
3268340,lexibank/castrosui: Sui dialect research,"<p>Cite the source dataset as</p>

<blockquote>
<p>Castro, Andy and Pan, Xingwen (2015): Sui dialect research. SIL: Guiyang.</p>
</blockquote>",,,v1.0.1,Johann-Mattis List ; Christoph Rzymski ; Mei Shin Wu,,10.5281/zenodo.3268340,10.5281/zenodo.2634730,2634730,2019-07-04T05:51:22.580728+00:00,2021-07-22T07:47:30.228676+00:00,lexibank,other-open,https://zenodo.org/records/3268340,3268340,,dataset,https://github.com/lexibank/castrosui/tree/v1.0.1
2634731,lexibank/castrosui: Sui dialect research,"<p>Cite the source dataset as</p>

<blockquote>
<p>Castro, Andy and Pan, Xingwen (2015): Sui dialect research. SIL: Guiyang.</p>
</blockquote>",,,v1.0,Johann-Mattis List ; Christoph Rzymski ; Mei Shin Wu,,10.5281/zenodo.2634731,10.5281/zenodo.2634730,2634730,2019-04-10T07:09:47.848407+00:00,2021-07-22T07:47:30.122862+00:00,lexibank,cc-by-4.0,https://zenodo.org/records/2634731,2634731,,dataset,https://github.com/lexibank/castrosui/tree/v1.0
5118461,"CLDF dataset derived from de Carvalho's ""Comparative reconstruction of Proto-Purus"" from 2021","<p>Cite the source of the dataset as:</p>

<blockquote>
<p>de Carvalho, F. O. (2021): A comparative reconstruction of Proto-Purus (Arawakan) segmental phonology. IJAL. 87.1. 49-108</p>
</blockquote>",,,v1.0,Fernando O. de Carvalho,Johann-Mattis List,10.5281/zenodo.5118461,10.5281/zenodo.5118460,5118460,2021-07-21T07:39:30.348336+00:00,2021-07-22T07:23:36.331781+00:00,lexibank,cc-by-4.0,https://zenodo.org/records/5118461,5118461,cldf:Wordlist;linguistics,dataset,https://github.com/lexibank/carvalhopurus/tree/v1.0
5116001,"CLDF dataset derived from Mennecier et al.'s ""Central Asian Language Survey"" from 2016","<p>Cite the source of the dataset as:</p>

<blockquote>
<p>Mennecier, P., Nerbonne, J., Heyer, E., &amp; Manni, F. (2016). A Central Asian Language Survey, Language Dynamics and Change, 6(1), 57-98. doi: https://doi.org/10.1163/22105832-00601015</p>
</blockquote>",,,v1.0,"Mennecier, P. ; Nerbonne, J. ; Heyer, E. ; Manni, F.","Mennecier, P. ; Nerbonne, J. ; Heyer, E. ; Manni, F. ; Robert Forkel",10.5281/zenodo.5116001,10.5281/zenodo.5116000,5116000,2021-07-20T11:30:41.919868+00:00,2021-07-22T07:20:01.984532+00:00,lexibank,cc-by-4.0,https://zenodo.org/records/5116001,5116001,cldf:Wordlist;linguistics,dataset,https://github.com/lexibank/cals/tree/v1.0
5118723,"CLDF dataset derived from Chacon's ""A revised proposal of Proto-Tukanoan consonants and Tukanoan family classification"" from 2014","<p>Cite the source of the dataset as:</p>

<blockquote>
<p>T. Chacon. (2014). A revised proposal of Proto-Tukanoan consonants and Tukanoan family classification. Journal of American Linguistics 80.3, pp. 275–322. doi: https://doi.org/10.1086/676393</p>
</blockquote>",,,v1.0,Thiago Costa Chacon,Thiago Costa Chacon ; Tiago Tresoldi ; Johann-Mattis List ; Sacha Beniamine ; Christoph Rzymski,10.5281/zenodo.5118723,10.5281/zenodo.5118722,5118722,2021-07-21T10:18:54.522398+00:00,2021-07-21T13:48:18.621234+00:00,lexibank,cc-by-4.0,https://zenodo.org/records/5118723,5118723,cldf:Wordlist;linguistics,dataset,https://github.com/lexibank/chacontukanoan/tree/v1.0
5119295,"CLDF dataset derived from Beijing University's ""Chinese Dialect Vocabularies"" from 1964","<p>Cite the source of the dataset as:</p>

<blockquote>
<p>Běijīng Dàxué 北京大学 (1964): Hànyǔ fāngyán cíhuì 汉语方言词汇 [Chinese dialect vocabularies]. Beijing: Wenzi Gaige.</p>
</blockquote>",,,v5.0.1,Beijing University,Johann-Mattis List,10.5281/zenodo.5119295,10.5281/zenodo.1295534,1295534,2021-07-21T13:24:56.991389+00:00,2021-07-21T13:48:18.559837+00:00,lexibank;eu,cc-by-4.0,https://zenodo.org/records/5119295,5119295,cldf:Wordlist;linguistics,dataset,https://github.com/lexibank/beidasinitic/tree/v5.0.1
5118556,"CLDF dataset derived from Chacon's ""Annotated Swadesh Lists for Arawakan Languages"" from 2017","<p>Cite the source of the dataset as:</p>

<blockquote>
<p>Chacon, Thiago C. (2017): Arawakan and Tukanoan contacts in Northwest Amazonia prehistory. PAPIA 27(2). 237-265.</p>
</blockquote>",,,v2.0,Thiago Costa Chacon,Johann-Mattis List ; Tiago Tresoldi ; Thiago Costa Chacon,10.5281/zenodo.5118556,10.5281/zenodo.1318063,1318063,2021-07-21T08:41:21.080709+00:00,2021-07-21T13:48:18.487112+00:00,lexibank;eu,cc-by-4.0,https://zenodo.org/records/5118556,5118556,cldf:Wordlist;linguistics,dataset,https://github.com/lexibank/chaconarawakan/tree/v2.0
5118605,"CLDF dataset derived from Chacon et al.'s ""Diversity of Arawakan Languages"" from 2019","<p>Cite the source of the dataset as:</p>

<blockquote>
<p>Chacon, T. C.; Gonçalves, A. G.; and da Silva, L. F (2019): A diversidade linguística Aruák no Alto Rio Negro em gravações da década de 1950 [The diversity of Arawakan languages from the upper Rio Negro in recordings from the 1950s]. Forma y Función, 32.2, 41-67. DOI: 10.15446/fyf.v32n2.80814.</p>
</blockquote>",,,v2.0,Thiago Costa Chacon,Johann-Mattis List ; Tiago Tresoldi ; Christoph Rzymski ; Thiago Costa Chacon,10.5281/zenodo.5118605,10.5281/zenodo.1563217,1563217,2021-07-21T09:01:03.589521+00:00,2021-07-21T13:48:18.458852+00:00,lexibank,cc-by-4.0,https://zenodo.org/records/5118605,5118605,cldf:Wordlist;linguistics,dataset,https://github.com/lexibank/chaconbaniwa/tree/v2.0
5119341,"CLDF dataset derived from Bowern and Atkinson's ""Internal Structure of Pama-Nyungan"" from 2012","<p>Cite the source of the dataset as:</p>

<blockquote>
<p>Bowern, Claire, &amp; Atkinson, Quentin. (2012). Computational Phylogenetics and the Internal Structure of Pama-Nyungan: Dataset [Data set]. Language. http://doi.org/10.1353/lan.2012.0081</p>
</blockquote>",,,v4.0.1,Claire Bowern,Tiago Tresoldi ; Johann-Mattis List,10.5281/zenodo.5119341,10.5281/zenodo.1312841,1312841,2021-07-21T13:34:32.763600+00:00,2021-07-21T13:48:18.430869+00:00,lexibank,cc-by-4.0,https://zenodo.org/records/5119341,5119341,cldf:Wordlist;linguistics,dataset,https://github.com/lexibank/bowernpny/tree/v4.0.1
5118744,"CLDF dataset derived from Chén's ""Miao and Yao Language"" from 2012","<p>Cite the source of the dataset as:</p>

<blockquote>
<p>Chén, Qíguāng 陳其光 (2012): Miáoyáo yǔwén 苗瑤语文 [Miao and Yao language]. Zhōngyāng Mínzú Dàxué 中央民族大学 [China Minzu University Press].</p>
</blockquote>",,,v3.0,"Chen, Qiguang",Johann-Mattis List ; Mei-Shin Wu ; Doug Cooper ; Doug Cooper,10.5281/zenodo.5118744,10.5281/zenodo.2634107,2634107,2021-07-21T10:34:23.785367+00:00,2021-07-21T13:48:18.403608+00:00,lexibank;eu,cc-by-4.0,https://zenodo.org/records/5118744,5118744,cldf:Wordlist;linguistics,dataset,https://github.com/lexibank/chenhmongmien/tree/v3.0
5118763,"CLDF dataset derived from Chacon's ""Annotated Swadesh Lists for Tukanoan Languages"" from 2017","<p>Cite the source of the dataset as:</p>

<blockquote>
<p>Chacon, Thiago C. (2017): Arawakan and Tukanoan contacts in Northwest Amazonia prehistory. PAPIA 27(2). 237-265.</p>
</blockquote>",,,v2.0,Thiago Costa Chacon,Johann-Mattis List ; Tiago Tresoldi ; Thiago Costa Chacon ; Christoph Rzymski,10.5281/zenodo.5118763,10.5281/zenodo.1318198,1318198,2021-07-21T10:53:41.933509+00:00,2021-07-21T13:48:18.401017+00:00,lexibank;eu,cc-by-4.0,https://zenodo.org/records/5118763,5118763,cldf:Wordlist;linguistics,dataset,https://github.com/lexibank/chaconcolumbian/tree/v2.0
5115983,"CLDF dataset derived from Bowern and Atkinson's ""Internal Structure of Pama-Nyungan"" from 2012","<p>Cite the source of the dataset as:</p>

<blockquote>
<p>Bowern, Claire, &amp; Atkinson, Quentin. (2012). Computational Phylogenetics and the Internal Structure of Pama-Nyungan: Dataset [Data set]. Language. http://doi.org/10.1353/lan.2012.0081</p>
</blockquote>",,,v4.0,Claire Bowern,Tiago Tresoldi ; Johann-Mattis List,10.5281/zenodo.5115983,10.5281/zenodo.1312841,1312841,2021-07-20T11:22:55.068504+00:00,2021-07-21T13:34:33.298972+00:00,lexibank,cc-by-4.0,https://zenodo.org/records/5115983,5115983,cldf:Wordlist;linguistics,dataset,https://github.com/lexibank/bowernpny/tree/v4.0
3534952,"CLDF dataset derived from Bowern and Atkinson's ""Internal Structure of Pama-Nyungan"" from 2012","<p>Cite the source dataset as</p>

<blockquote>
<p>Bowern, Claire, &amp; Atkinson, Quentin. (2012). Computational Phylogenetics and the Internal Structure of Pama-Nyungan: Dataset [Data set]. Language. <a href=""http://doi.org/10.1353/lan.2012.0081"">http://doi.org/10.1353/lan.2012.0081</a></p>
</blockquote>",,,v3.0,Tiago Tresoldi ; Johann-Mattis List,Claire Bowern ; Claire Bowern ; Quentin Atkinson,10.5281/zenodo.3534952,10.5281/zenodo.1312841,1312841,2019-11-11T08:59:47.289626+00:00,2021-07-21T13:34:33.163131+00:00,lexibank,other-open,https://zenodo.org/records/3534952,3534952,cldf:Wordlist,dataset,https://github.com/lexibank/bowernpny/tree/v3.0
2634734,lexibank/bowernpny: Computational Phylogenetics and the Internal Structure of Pama-Nyungan: Dataset,"<p>Cite the source dataset as</p>

<blockquote>
<p>Bowern, Claire, &amp; Atkinson, Quentin. (2012). Computational Phylogenetics and the Internal Structure of Pama-Nyungan: Dataset [Data set]. Language. <a href=""http://doi.org/10.1353/lan.2012.0081"">http://doi.org/10.1353/lan.2012.0081</a></p>
</blockquote>",,,v2.0,Robert Forkel ; Tiago Tresoldi,,10.5281/zenodo.2634734,10.5281/zenodo.1312841,1312841,2019-04-10T07:14:44.205045+00:00,2021-07-21T13:34:33.049611+00:00,lexibank,other-open,https://zenodo.org/records/2634734,2634734,,dataset,https://github.com/lexibank/bowernpny/tree/v2.0
1312842,lexibank/bowernpny: Computational Phylogenetics and the Internal Structure of Pama-Nyungan: Dataset,"<p>Cite the source dataset as</p>

<blockquote>
<p>Bowern, Claire, &amp; Atkinson, Quentin. (2012). Computational Phylogenetics and the Internal Structure of Pama-Nyungan: Dataset [Data set]. Language. <a href=""http://doi.org/10.1353/lan.2012.0081"">http://doi.org/10.1353/lan.2012.0081</a></p>
</blockquote>",,,v1.1.1,Robert Forkel ; Tiago Tresoldi,,10.5281/zenodo.1312842,10.5281/zenodo.1312841,1312841,2018-07-16T12:14:21.632989+00:00,2021-07-21T13:34:32.901197+00:00,lexibank,other-open,https://zenodo.org/records/1312842,1312842,clics2,dataset,https://github.com/lexibank/bowernpny/tree/v1.1.1
5115864,"CLDF dataset derived from Beijing University's ""Chinese Dialect Vocabularies"" from 1964","<p>Cite the source of the dataset as:</p>

<blockquote>
<p>Běijīng Dàxué 北京大学 (1964): Hànyǔ fāngyán cíhuì 汉语方言词汇 [Chinese dialect vocabularies]. Beijing: Wenzi Gaige.</p>
</blockquote>",,,v5.0,Beijing University,Johann-Mattis List,10.5281/zenodo.5115864,10.5281/zenodo.1295534,1295534,2021-07-20T10:15:50.685581+00:00,2021-07-21T13:24:57.593490+00:00,lexibank;eu,cc-by-4.0,https://zenodo.org/records/5115864,5115864,cldf:Wordlist;linguistics,dataset,https://github.com/lexibank/beidasinitic/tree/v5.0
3534942,"CLDF dataset derived from Beijing University's ""Chinese Dialect Vocabularies"" from 1964","<p>Cite the source dataset as</p>

<blockquote>
<p>Běijīng D&agrave;xu&eacute; 北京大学 (1964): H&agrave;nyǔ fāngy&aacute;n c&iacute;hu&igrave; 汉语方言词汇 [Chinese dialect vocabularies]. Beijing: Wenzi Gaige.</p>
</blockquote>",,,v4.0,Beijing University,,10.5281/zenodo.3534942,10.5281/zenodo.1295534,1295534,2019-11-11T08:48:09.344924+00:00,2021-07-21T13:24:57.479851+00:00,eu;lexibank,other-open,https://zenodo.org/records/3534942,3534942,cldf:Wordlist,dataset,https://github.com/lexibank/beidasinitic/tree/v4.0
3265734,lexibank/beidasinitic: Beijing University's 'Chinese Dialect Vocabularies',"<p>Cite the source dataset as</p>

<blockquote>
<p>Běijīng D&agrave;xu&eacute; 北京大学 (1964): H&agrave;nyǔ fāngy&aacute;n c&iacute;hu&igrave; 汉语方言词汇 [Chinese dialect vocabularies]. Beijing: Wenzi Gaige.</p>
</blockquote>",,,v3.0.1,Johann-Mattis List,,10.5281/zenodo.3265734,10.5281/zenodo.1295534,1295534,2019-07-02T08:03:56.374221+00:00,2021-07-21T13:24:57.394922+00:00,eu;lexibank,other-open,https://zenodo.org/records/3265734,3265734,,dataset,https://github.com/lexibank/beidasinitic/tree/v3.0.1
2632669,"CLDF dataset derived from Beijing University's ""Chinese Dialect Vocabularies"" from 1964","<p>Cite the source dataset as</p>

<blockquote>
<p>Běijīng D&agrave;xu&eacute; 北京大学 (1964): {H}&agrave;nyǔ fāngy&aacute;n c&iacute;hu&igrave; 汉语方言词汇 [Chinese dialect vocabularies]. Beijing: Wenzi Gaige.</p>
</blockquote>",,,v3.0,Johann-Mattis List,,10.5281/zenodo.2632669,10.5281/zenodo.1295534,1295534,2019-04-08T08:52:16.568076+00:00,2021-07-21T13:24:57.270721+00:00,eu;lexibank,other-open,https://zenodo.org/records/2632669,2632669,,dataset,https://github.com/lexibank/beidasinitic/tree/v3.0
1295535,lexibank/beidasinitic: Beijing University's 'Chinese Dialect Vocabularies',"<p>Cite the source dataset as</p>

<blockquote>
<p>Běijīng D&agrave;xu&eacute; 北京大学 (1964): {H}&agrave;nyǔ fāngy&aacute;n c&iacute;hu&igrave; 汉语方言词汇 [Chinese dialect vocabularies]. Beijing: Wenzi Gaige.</p>
</blockquote>",,,v2.0,Johann-Mattis List,,10.5281/zenodo.1295535,10.5281/zenodo.1295534,1295534,2018-06-21T13:36:26.284494+00:00,2021-07-21T13:24:57.140115+00:00,eu;lexibank,other-open,https://zenodo.org/records/1295535,1295535,clics2,dataset,https://github.com/lexibank/beidasinitic/tree/v2.0
1322713,"CLDF dataset derived from Chacon's ""Annotated Swadesh Lists for Tukanoan Languages"" from 2017","<p>Cite the source dataset as</p>

<blockquote>
<p>Chacon, Thiago C. (2017): Arawakan and Tukanoan contacts in Northwest Amazonia prehistory. PAPIA 27(2). 237-265.</p>
</blockquote>

<p>This dataset is licensed under a GPL-3.0 license</p>

<p>Available online at <a href=""https://github.com/lexibank/chaconcolombian/"">https://github.com/lexibank/chaconcolombian/</a></p>",,,v1.1,Thiago Costa Chacon,Thiago Costa Chacon,10.5281/zenodo.1322713,10.5281/zenodo.1318198,1318198,2018-07-27T15:02:39.558060+00:00,2021-07-21T10:53:42.170525+00:00,eu;lexibank,other-open,https://zenodo.org/records/1322713,1322713,,dataset,https://github.com/lexibank/chaconcolumbian/tree/v1.1
1318199,"CLDF dataset derived from Chacon's ""Annotated Swadesh Lists for Tukanoan Languages"" from 2017","<p>Cite the source dataset as</p>

<blockquote>
<p>Chacon, Thiago C. (2017): Arawakan and Tukanoan contacts in Northwest Amazonia prehistory. PAPIA 27(2). 237-265.</p>
</blockquote>

<p>This dataset is licensed under a GPL-3.0 license</p>

<p>Available online at <a href=""https://github.com/lexibank/chaconcolombian/"">https://github.com/lexibank/chaconcolombian/</a></p>",,,v1.0,Johann-Mattis List ; Tiago Tresoldi ; Thiago Costa Chacon ; Christoph Rzymski,Thiago Costa Chacon,10.5281/zenodo.1318199,10.5281/zenodo.1318198,1318198,2018-07-20T15:01:59.858930+00:00,2021-07-21T10:53:42.037771+00:00,eu;lexibank,other-open,https://zenodo.org/records/1318199,1318199,,software,https://github.com/lexibank/chaconcolumbian/tree/v1.0
3741500,"CLDF dataset derived from Chén's ""Miao and Yao Language"" from 2012","<p>Cite the source dataset as</p>

<blockquote>
<p>Chen, Qiguang (2013) : Miao and Yao language. Beijing: Ethnic Publishing House</p>
</blockquote>",,,v2.1.0,Johann-Mattis List ; Mei-Shin Wu,Doug Cooper ; Doug Cooper,10.5281/zenodo.3741500,10.5281/zenodo.2634107,2634107,2020-04-06T11:38:40.177419+00:00,2021-07-21T10:34:24.370779+00:00,lexibank;eu,other-open,https://zenodo.org/records/3741500,3741500,cldf:Wordlist,dataset,https://github.com/lexibank/chenhmongmien/tree/v2.1.0
3537712,lexibank/chenhmongmien: Miao and Yao Language,"<p>Cite the source dataset as</p>

<blockquote>
<p>Ch&eacute;n, Q&iacute;guāng 陳其光 (2012): Mi&aacute;oy&aacute;o yǔw&eacute;n 苗瑤语文 [Miao and Yao language]. Zhōngyāng M&iacute;nz&uacute; D&agrave;xu&eacute; 中央民族大学 [China Minzu University Press].</p>
</blockquote>",,,v2.0.1,Johann-Mattis List ; Mei Shin Wu,,10.5281/zenodo.3537712,10.5281/zenodo.2634107,2634107,2019-11-11T14:02:27.816562+00:00,2021-07-21T10:34:24.260298+00:00,lexibank;eu,other-open,https://zenodo.org/records/3537712,3537712,cldf:Wordlist,dataset,https://github.com/lexibank/chenhmongmien/tree/v2.0.1
3268372,lexibank/chenhmongmien: Hmong-Mien Varieties,"<p>Cite the source dataset as</p>

<blockquote>
<p>Chen, Qiguang (2013) : Miao and Yao language. Beijing: Ethnic Publishing House</p>
</blockquote>",,,v1.1,Mei Shin Wu ; Johann-Mattis List,,10.5281/zenodo.3268372,10.5281/zenodo.2634107,2634107,2019-07-04T06:56:00.910040+00:00,2021-07-21T10:34:24.111215+00:00,eu;lexibank,other-open,https://zenodo.org/records/3268372,3268372,,dataset,https://github.com/lexibank/chenhmongmien/tree/v1.1
2634108,"CLDF dataset derived from Chén's ""Miao and Yao Language"" from 2012","<p>Cite the source dataset as</p>

<blockquote>
<p>Chen, Qiguang (2013) : Miao and Yao language. Beijing: Ethnic Publishing House</p>
</blockquote>",,,v1.0,Johann-Mattis List ; Mei-Shin Wu,Doug Cooper ; Doug Cooper,10.5281/zenodo.2634108,10.5281/zenodo.2634107,2634107,2019-04-09T12:57:45.647434+00:00,2021-07-21T10:34:23.934009+00:00,eu;lexibank,other-open,https://zenodo.org/records/2634108,2634108,,dataset,https://github.com/lexibank/chenhmongmien/tree/v1.0
1564336,"CLDF dataset derived from Chacon et al.'s ""Diversity of Arawakan Languages"" from 2019","<p>Data accompanying the paper &quot;The diversity of Arawakan languages from the upper Rio Negro in recordings from the 1950s&quot; by Thiago C. Chacon et al.</p>

<p>Cite the source of the dataset as:</p>

<blockquote>
<p>Chacon, T. C.; Gon&ccedil;alves, A. G.; and da Silva, L. F (forthcoming): A diversidade lingu&iacute;stica Aru&aacute;k no Alto Rio Negro em grava&ccedil;&otilde;es da d&eacute;cada de 1950 [The diversity of Arawakan languages from the upper Rio Negro in recordings from the 1950s]</p>
</blockquote>",,,v1.0.1,Thiago Costa Chacon,Thiago Costa Chacon,10.5281/zenodo.1564336,10.5281/zenodo.1563217,1563217,2018-11-27T10:10:26.248882+00:00,2021-07-21T09:01:03.817330+00:00,lexibank,other-open,https://zenodo.org/records/1564336,1564336,cldf:Wordlist;linguistics,dataset,https://github.com/lexibank/chaconbaniwa/tree/v1.0.1
1563218,"CLDF dataset derived from Chacon et al.'s ""Diversity of Arawakan Languages"" from 2019","<p>Data accompanying the paper &quot;The diversity of Arawakan languages from the upper Rio Negro in recordings from the 1950s&quot; by Thiago C. Chacon et al.</p>

<p>Cite the source of the dataset as:</p>

<blockquote>
<p>Chacon, T. C.; Gon&ccedil;alves, A. G.; and da Silva, L. F (forthcoming): A diversidade lingu&iacute;stica Aru&aacute;k no Alto Rio Negro em grava&ccedil;&otilde;es da d&eacute;cada de 1950 [The diversity of Arawakan languages from the upper Rio Negro in recordings from the 1950s]</p>
</blockquote>",,,v1.0.0,Johann-Mattis List ; Tiago Tresoldi ; Christoph Rzymski ; Thiago Costa Chacon,Thiago Costa Chacon,10.5281/zenodo.1563218,10.5281/zenodo.1563217,1563217,2018-11-27T09:37:01.330446+00:00,2021-07-21T09:01:03.697820+00:00,lexibank,cc-by-4.0,https://zenodo.org/records/1563218,1563218,,dataset,https://github.com/lexibank/chaconbaniwa/tree/v1.0.0
1318200,"CLDF dataset derived from Chacon's ""Annotated Swadesh Lists for Arawakan Languages"" from 2017","<p>Cite the lexibank dataset as:</p>

<p><a href=""https://doi.org/10.5281/zenodo.1318064"">https://doi.org/10.5281/zenodo.1318064</a></p>

<p>Cite the source dataset as</p>

<blockquote>
<p>Chacon, Thiago C. (2017): Arawakan and Tukanoan contacts in Northwest Amazonia prehistory. PAPIA 27(2). 237-265.</p>
</blockquote>",,,v1.0.1,Thiago Costa Chacon,Thiago Costa Chacon,10.5281/zenodo.1318200,10.5281/zenodo.1318063,1318063,2018-07-20T15:03:14.556696+00:00,2021-07-21T08:41:21.330433+00:00,eu;lexibank,other-open,https://zenodo.org/records/1318200,1318200,computer-assisted language comparison;Arawakan;cognate sets;phonetic alignments,dataset,https://github.com/lexibank/chaconarawakan/tree/v1.0.1
1318064,"CLDF dataset derived from Chacon's ""Annotated Swadesh Lists for Arawakan Languages"" from 2017","<p>Cite the source dataset as</p>

<blockquote>
<p>Chacon, Thiago C. (2017): Arawakan and Tukanoan contacts in Northwest Amazonia prehistory. PAPIA 27(2). 237-265.</p>
</blockquote>",,,v1.0,Johann-Mattis List ; Tiago Tresoldi ; Thiago Costa Chacon,Thiago Costa Chacon,10.5281/zenodo.1318064,10.5281/zenodo.1318063,1318063,2018-07-20T11:43:34.911488+00:00,2021-07-21T08:41:21.188969+00:00,eu;lexibank,other-open,https://zenodo.org/records/1318064,1318064,,software,https://github.com/lexibank/chaconarawakan/tree/v1.0
5115982,"CLDF dataset derived from Greenhill and Gray's ""Bantu Basic Vocabulary Database"" from 2015","<p>Cite the source of the dataset as:</p>

<blockquote>
<p>Simon Greenhill and Russell Gray, 2015. Bantu Basic Vocabulary Database</p>
</blockquote>",,,v4.0,Simon J. Greenhill ; Russell Gray,Christoph Rzymski ; Johann-Mattis List,10.5281/zenodo.5115982,10.5281/zenodo.1295832,1295832,2021-07-20T11:22:54.394799+00:00,2021-07-20T13:48:18.600979+00:00,lexibank,cc-by-4.0,https://zenodo.org/records/5115982,5115982,cldf:Wordlist;linguistics,dataset,https://github.com/lexibank/bantubvd/tree/v4.0
5116054,"CLDF dataset derived from Backstrom and Radloff's ""Sociolinguistic Survey of Northern Pakistan"" from 1992","<p>Cite the source of the dataset as:</p>

<blockquote>
<p>Backstrom, Peter C. and Radloff, Carla F. (1992): Sociolinguistic Survey of Northern Pakistan, Volume 2. Languages of Northern Areas. Islamabad: National Institute of Pakistan Studies.</p>
</blockquote>",,,v1.0,"Backstrom, Peter C. ; Radloff, Carla F.",Christoph Rzymski ; Johann-Mattis List ; Natalia Morozova,10.5281/zenodo.5116054,10.5281/zenodo.5116053,5116053,2021-07-20T12:04:15.322405+00:00,2021-07-20T13:48:18.538669+00:00,lexibank,cc-by-4.0,https://zenodo.org/records/5116054,5116054,cldf:Wordlist;linguistics,dataset,https://github.com/lexibank/backstromnorthernpakistan/tree/v1.0
5115947,"CLDF dataset derived from Aaley and Bodt's ""New Kusunda data: A list of 250 concepts"" from 2020","<p>Cite the source of the dataset as:</p>

<blockquote>
<p>Uday Raj Aaley and Timotheus A. Bodt (2020): New Kusunda data: A list of 250 concepts. Computer-Assisted Language Comparison in Practice 3.4 (08/04/2020), URL: https://calc.hypotheses.org/2414.</p>
</blockquote>",,,v2.0,Uday Raj Aaley ; Timotheus A. Bodt,Uday Raj Aaley ; Uday Raj Aaley ; Timotheus A. Bodt ; Timotheus A. Bodt ; Mei-Shin Wu ; Johann-Mattis List,10.5281/zenodo.5115947,10.5281/zenodo.3746945,3746945,2021-07-20T11:05:00.650979+00:00,2021-07-20T13:48:18.498075+00:00,lexibank,cc-by-4.0,https://zenodo.org/records/5115947,5115947,cldf:Wordlist;linguistics,dataset,https://github.com/lexibank/aaleykusunda/tree/v2.0
5115885,"CLDF dataset derived from Abraham et al.'s ""Sociolinguistic Research on Monpa"" from 2018","<p>Cite the source of the dataset as:</p>

<blockquote>
<p>Abraham, Binny, Kara Sako, Elina Kinny, and Isapdaile Zeliang (2018):  Sociolinguistic Research among Selected Groups in Western Arunachal Pradesh: Highlighting Monpa. Dallas: SIL International.</p>
</blockquote>",,,v3.0,Binny Abraham ; Kara Sako ; Elina Kinny ; Isapdaile Zeliang,Johann-Mattis List ; Mei-Shin Wu ; Yunfan Lai ; Wiktionary ; Wiktionary,10.5281/zenodo.5115885,10.5281/zenodo.2630824,2630824,2021-07-20T10:24:24.391241+00:00,2021-07-20T13:48:18.478525+00:00,lexibank;calc,cc-by-4.0,https://zenodo.org/records/5115885,5115885,cldf:Wordlist;linguistics,dataset,https://github.com/lexibank/abrahammonpa/tree/v3.0
5115649,"CLDF dataset derived from Allen's ""Bai Dialect Survey"" from 2007","<p>Cite the source of the dataset as:</p>

<blockquote>
<p>Allen, Bryan (2007): Bai Dialect Survey. Dallas: SIL International.</p>
</blockquote>",,,v4.0,Bryan Allen,Johann-Mattis List ; Bryan Allen,10.5281/zenodo.5115649,10.5281/zenodo.1295536,1295536,2021-07-20T08:09:59.888971+00:00,2021-07-20T13:48:18.313627+00:00,lexibank;eu,cc-by-4.0,https://zenodo.org/records/5115649,5115649,cldf:Wordlist;linguistics,dataset,https://github.com/lexibank/allenbai/tree/v4.0
3537754,"CLDF dataset derived from Greenhill and Gray's ""Bantu Basic Vocabulary Database"" from 2015","<p>Cite the source dataset as</p>

<blockquote>
<p>Simon Greenhill and Russell Gray, 2015. Bantu Basic Vocabulary Database</p>
</blockquote>",,,v3.0,Simon J. Greenhill,,10.5281/zenodo.3537754,10.5281/zenodo.1295832,1295832,2019-11-11T14:19:22.434794+00:00,2021-07-20T11:22:54.914354+00:00,lexibank,other-open,https://zenodo.org/records/3537754,3537754,cldf:Wordlist,dataset,https://github.com/lexibank/bantubvd/tree/v3.0
3265696,"CLDF dataset derived from Greenhill and Gray's ""Bantu Basic Vocabulary Database"" from 2015","<p>Cite the source dataset as</p>

<blockquote>
<p>Simon Greenhill and Russell Gray, 2015. Bantu Basic Vocabulary Database</p>
</blockquote>",,,v2.0.1,Simon J. Greenhill,,10.5281/zenodo.3265696,10.5281/zenodo.1295832,1295832,2019-07-02T07:39:45.263638+00:00,2021-07-20T11:22:54.774854+00:00,lexibank,other-open,https://zenodo.org/records/3265696,3265696,,dataset,https://github.com/lexibank/bantubvd/tree/v2.0.1
2630833,"CLDF dataset derived from Greenhill and Gray's ""Bantu Basic Vocabulary Database"" from 2015","<p>Cite the source dataset as</p>

<blockquote>
<p>Simon Greenhill and Russell Gray, 2015. Bantu Basic Vocabulary Database</p>
</blockquote>",,,v2.0,Simon J. Greenhill,,10.5281/zenodo.2630833,10.5281/zenodo.1295832,1295832,2019-04-05T20:03:34.186658+00:00,2021-07-20T11:22:54.654239+00:00,lexibank,other-open,https://zenodo.org/records/2630833,2630833,,dataset,https://github.com/lexibank/bantubvd/tree/v2.0
1295833,"CLDF dataset derived from Greenhill and Gray's ""Bantu Basic Vocabulary Database"" from 2015","<p>Cite the source dataset as</p>

<blockquote>
<p>Simon Greenhill and Russell Gray, 2015. Bantu Basic Vocabulary Database</p>
</blockquote>",,,CLICS,Simon J. Greenhill,,10.5281/zenodo.1295833,10.5281/zenodo.1295832,1295832,2018-06-22T04:50:51.612525+00:00,2021-07-20T11:22:54.536866+00:00,lexibank,other-open,https://zenodo.org/records/1295833,1295833,clics2,dataset,https://github.com/lexibank/bantubvd/tree/CLICS
3746946,"CLDF dataset derived from Aaley and Bodt's ""New Kusunda data: A list of 250 concepts"" from 2020","<p>Cite the source dataset as</p>

<blockquote>
<p>Uday Raj Aaley and Timotheus A. Bodt, &quot;New Kusunda data: A list of 250 concepts&quot;, in Computer-Assisted Language Comparison in Practice, 08/04/2020, <a href=""https://calc.hypotheses.org/2414"">https://calc.hypotheses.org/2414</a></p>
</blockquote>",,,v1.0,Uday Raj Aaley ; Timotheus A. Bodt ; Mei-Shin Wu ; Johann-Mattis List,Uday Raj Aaley ; Uday Raj Aaley ; Timotheus A. Bodt ; Timotheus A. Bodt,10.5281/zenodo.3746946,10.5281/zenodo.3746945,3746945,2020-04-09T21:51:17.089478+00:00,2021-07-20T11:05:00.775424+00:00,lexibank,other-open,https://zenodo.org/records/3746946,3746946,,dataset,https://github.com/lexibank/aaleykusunda/tree/v1.0
3537601,"CLDF dataset derived from Abraham et al.'s ""Sociolinguistic Research on Monpa"" from 2018","<p>Cite the source dataset as</p>

<blockquote>
<p>Abraham, Binny, Kara Sako, Elina Kinny, Isapdaile Zeliang (2018): Sociolinguistic Research among Selected Groups in Western Arunachal Pradesh: Highlighting Monpa. SIL Electronic Survey Reports 2018-009.</p>
</blockquote>",,,v2.0,"Abraham, Binny ; Sako, Kara ; Kinny, Elina ; Zeliang, Isapdaile",,10.5281/zenodo.3537601,10.5281/zenodo.2630824,2630824,2019-11-11T11:45:26.856844+00:00,2021-07-20T10:32:46.973367+00:00,calc;lexibank,other-open,https://zenodo.org/records/3537601,3537601,cldf:Wordlist,dataset,https://github.com/lexibank/abrahammonpa/tree/v2.0
3267058,Sociolinguistic Research on Monpa,"<p>Cite the source dataset as</p>

<blockquote>
<p>Abraham, Binny, Kara Sako, Elina Kinny, Isapdaile Zeliang (2018): Sociolinguistic Research among Selected Groups in Western Arunachal Pradesh: Highlighting Monpa. SIL Electronic Survey Reports 2018-009.</p>
</blockquote>",,,v1.0.1,Johann-Mattis List ; Mei-Shin Wu ; Yunfan Lai,,10.5281/zenodo.3267058,10.5281/zenodo.2630824,2630824,2019-07-03T12:10:23.670005+00:00,2021-07-20T10:32:46.957346+00:00,lexibank;calc,other-open,https://zenodo.org/records/3267058,3267058,,dataset,https://github.com/lexibank/abrahammonpa/tree/v1.0.1
2630825,Sociolinguistic Research on Monpa,"<p>Cite the source dataset as</p>

<blockquote>
<p>Abraham, Binny, Kara Sako, Elina Kinny, Isapdaile Zeliang (2018): Sociolinguistic Research among Selected Groups in Western Arunachal Pradesh: Highlighting Monpa. SIL Electronic Survey Reports 2018-009.</p>
</blockquote>",,,v1.0,Johann-Mattis List ; Mei-Shin Wu ; Yunfan Lai,,10.5281/zenodo.2630825,10.5281/zenodo.2630824,2630824,2019-04-05T19:34:28.723295+00:00,2021-07-20T10:32:46.896305+00:00,calc;lexibank,cc-by-nc-3.0,https://zenodo.org/records/2630825,2630825,,dataset,https://github.com/lexibank/abrahammonpa/tree/v1.0
3534931,"CLDF dataset derived from Allen's ""Bai Dialect Survey"" from 2007","<p>Cite the source dataset as</p>

<blockquote>
<p>Allen, Bryan. 2007. Bai Dialect Survey. SIL International.</p>
</blockquote>",,,v3.0,Johann-Mattis List,Bryan Allen,10.5281/zenodo.3534931,10.5281/zenodo.1295536,1295536,2019-11-11T08:29:54.388940+00:00,2021-07-20T08:10:00.376027+00:00,eu;lexibank,other-open,https://zenodo.org/records/3534931,3534931,cldf:Wordlist,dataset,https://github.com/lexibank/allenbai/tree/v3.0
3265675,lexibank/allenbai: Bai Dialect Survey,"<p>Cite the source dataset as</p>

<blockquote>
<p>Allen, Bryan. 2007. Bai Dialect Survey. SIL International.</p>
</blockquote>",,,v2.0.1,Robert Forkel ; Johann-Mattis List,,10.5281/zenodo.3265675,10.5281/zenodo.1295536,1295536,2019-07-02T07:27:01.502563+00:00,2021-07-20T08:10:00.280729+00:00,eu;lexibank,other-open,https://zenodo.org/records/3265675,3265675,,dataset,https://github.com/lexibank/allenbai/tree/v2.0.1
2630826,lexibank/allenbai: Bai Dialect Survey,"<p>Cite the source dataset as</p>

<blockquote>
<p>Allen, Bryan. 2007. Bai Dialect Survey. SIL International.</p>
</blockquote>",,,v2.0,Robert Forkel ; Johann-Mattis List,,10.5281/zenodo.2630826,10.5281/zenodo.1295536,1295536,2019-04-05T19:37:04.125883+00:00,2021-07-20T08:10:00.179580+00:00,eu;lexibank,other-open,https://zenodo.org/records/2630826,2630826,,dataset,https://github.com/lexibank/allenbai/tree/v2.0
1295537,lexibank/allenbai: Bai Dialect Survey,"<p>Cite the source dataset as</p>

<blockquote>
<p>Allen, Bryan. 2007. Bai Dialect Survey. SIL International.</p>
</blockquote>",,,v1.0,Robert Forkel ; Johann-Mattis List,,10.5281/zenodo.1295537,10.5281/zenodo.1295536,1295536,2018-06-21T13:36:58.718070+00:00,2021-07-20T08:10:00.061813+00:00,eu;lexibank,other-open,https://zenodo.org/records/1295537,1295537,clics2,dataset,https://github.com/lexibank/allenbai/tree/v1.0
4896007,Cross-linguistic differential and optional marking database,"<p>This database contains information about differential and optional marking of A and P, including individual case markers and diverse conditions for their usage. It also shows whether a particular language fits or violates different referential scales, as far as the use of markers is concerned. Both global and local marking patterns are included.</p>",,,v1.0.0,Noëlle Sommer ; Natalia Levshina,Robert Forkel,10.5281/zenodo.4896007,10.5281/zenodo.4896006,4896006,2021-06-03T05:09:09.058846+00:00,2021-06-03T13:48:42.411318+00:00,cldf-datasets,cc-by-4.0,https://zenodo.org/records/4896007,4896007,cldf:StructureDataset;linguistics,dataset,https://github.com/cldf-datasets/levshinadifferentialmarking/tree/v1.0.0
1459402,lexibank/uralex: UraLex basic vocabulary dataset,"<p>The UraLex basic vocabulary dataset has its origins in the basic vocabulary cognacy dataset collected by the research initiative BEDLAN (Biological Evolution and the Diversification of Languages), funded by the Kone Foundation between 2009-2013. The data has since been revised and expanded in follow-up research projects, including SumuraSyyni (2014-2016), UraLex (2014-2016) and AikaSyyni (2017-2020). The dataset has been compiled especially for the purposes of quantitative language classification/historical linguistics, such as Bayesian Inference of phylogeny.</p>",,,v1.0,"Syrjänen, Kaj ; Lehtinen, Jyri ; Vesakoski, Outi ; de Heer, Mervi ; Suutari, Toni ; Dunn, Michael ; Määttä, Urho ; Leino, Unni-Päivä",,10.5281/zenodo.1459402,10.5281/zenodo.1459401,1459401,2018-10-12T06:48:31.444528+00:00,2021-05-21T06:16:21.744069+00:00,lexibank,cc-by-4.0,https://zenodo.org/records/1459402,1459402,linguistics,dataset,https://github.com/lexibank/uralex/tree/v1.0
4696262,Power numerals in the general counting systems of Micronesia,"<p>Cite the source of the dataset as:</p>

<blockquote>
<p>Bender, A., &amp; Beller, S. (subm.). Ways of counting in Micronesia. Historia Mathematica.</p>
</blockquote>",,,v1.0,Andrea Bender,Christoph Rzymski,10.5281/zenodo.4696262,10.5281/zenodo.4696261,4696261,2021-04-16T11:15:31.314703+00:00,2021-04-16T12:27:27.170061+00:00,lexibank,cc-by-4.0,https://zenodo.org/records/4696262,4696262,cldf:Wordlist;linguistics,dataset,https://github.com/cldf-datasets/bendermicropower/tree/v1.0
4486420,"CLDF dataset accompanying Chechuro et al.'s ""Small-scale multilingualism through the prism of lexical borrowing"" from 2021","<p>Cite the source of the dataset as:</p>

<blockquote>
<p>Chechuro et al. (2021) Small-scale multilingualism through the prism of lexical borrowing. International Journal of Bilingualism.</p>
</blockquote>",,,v0.1,Ilia Chechuro ; Michael Daniel ; Samira Verhees,Arseniy Averin ; Faina Daniel ; Lilia Terekhina ; Zarina Kerimova ; Elena Armand ; Maria Bulakh ; Tagir Gadzhiakhmedov ; Shakhban Khapizov ; Gadir Mamedov ; Nestan Magalashvili ; Ramazan Mazhidov ; Zarina Molochieva ; Murad Suleymanov ; Manana Tandaschvili ; Evgenia Egorova ; Violetta Ivanova ; Aleksandra Martynova ; Anastasia Safonova ; Anna Vishenkova ; Anastasia Chasovskikh ; Zarina Kerimova,10.5281/zenodo.4486420,10.5281/zenodo.4486419,4486419,2021-02-01T13:24:07.294119+00:00,2021-03-22T09:38:42.624106+00:00,lexibank,cc-by-4.0,https://zenodo.org/records/4486420,4486420,cldf:Wordlist;linguistics,dataset,https://github.com/lexibank/chechuroborrowing/tree/v0.1
4486318,Nijmegen Typological Survey,"<p>Cite the source of the dataset as:</p>

<blockquote>
<p>Harald Hammarström, Ger Reesink, Michael Dunn, Ruth Singer, Hedvig Skirgård, Suzanne van der Meer, Stephen C. Levinson. 2017. Nijmegen Typological Survey</p>
</blockquote>",,,v1.0,Harald Hammarström ; Ger Reesink ; Michael Dunn ; Ruth Singer ; Hedvig Skirgård ; Suzanne van der Meer ; Stephen C. Levinson,,10.5281/zenodo.4486318,10.5281/zenodo.4486317,4486317,2021-02-01T12:17:43.315342+00:00,2021-02-01T12:27:15.115984+00:00,lexibank,cc-by-nc-nd-2.0,https://zenodo.org/records/4486318,4486318,cldf:Wordlist;linguistics,dataset,https://github.com/cldf-datasets/nts/tree/v1.0
4455759,"CLDF dataset accompanying Daniel et al.'s ""Lingua Franca as Lexical Donors: Evidence from Daghestan"" from 2021","<p>Cite the source of the dataset as:</p>

<blockquote>
<p>Daniel et al. (2021) Lingua Franca as Lexical Donors: Evidence from Daghestan. Language.</p>
</blockquote>",,,v1.0,Ilia Chechuro ; Michael Daniel ; Samira Verhees ; Nina Dobrushina,Arseniy Averin ; Faina Daniel ; Lilia Terekhina ; Zarina Kerimova ; Elena Armand ; Maria Bulakh ; Tagir Gadzhiakhmedov ; Shakhban Khapizov ; Gadir Mamedov ; Nestan Magalashvili ; Ramazan Mazhidov ; Zarina Molochieva ; Murad Suleymanov ; Manana Tandaschvili ; Evgenia Egorova ; Violetta Ivanova ; Aleksandra Martynova ; Anastasia Safonova ; Anna Vishenkova ; Anastasia Chasovskikh ; Zarina Kerimova,10.5281/zenodo.4455759,10.5281/zenodo.4455758,4455758,2021-01-21T17:58:26.002175+00:00,2021-01-27T08:55:19.429999+00:00,lexibank,cc-by-4.0,https://zenodo.org/records/4455759,4455759,cldf:Wordlist;linguistics,dataset,https://github.com/lexibank/daniellinguafrancas/tree/v1.0
4438189,Modified Swadesh-100 list of 23 Cariban languages,"<p>Cite the source of the dataset as:</p>

<blockquote>
<p>Matter, Florian. 2020. Comparative Cariban Database. Leipzig: Max Planck Institute for Evolutionary Anthropology. (Available online at https://cariban.clld.org/)</p>
</blockquote>",,,v0.1,Florian Matter,,10.5281/zenodo.4438189,10.5281/zenodo.4438188,4438188,2021-01-14T08:47:33.317702+00:00,2021-01-15T00:27:17.666589+00:00,lexibank,cc-by-4.0,https://zenodo.org/records/4438189,4438189,cldf:Wordlist;linguistics,dataset,https://github.com/cldf-datasets/mattercariban/tree/v0.1
4350652,Mixe-Zoquean Voices,<p>Mixe-Zoquean primary recordings provided by Ana Kondic</p>,,,v1.0.1,Ana Kondić ; Paul Heggarty ; Darja Dërmaku-Appelganz,Hans-Jörg Bibiko,10.5281/zenodo.4350652,10.5281/zenodo.4327417,4327417,2020-12-18T10:31:12.611115+00:00,2020-12-19T00:27:41.786139+00:00,lexibank;clld,cc-by-nc-4.0,https://zenodo.org/records/4350652,4350652,cldf:Wordlist;linguistics,dataset,https://github.com/lexibank/mixezoqueanvoices/tree/v1.0.1
4350691,Papuan Voices,<p>No description provided.</p>,,,v1.0,Yusuf Sawaki ; Jeanete Lekeneny ; Apriani Arilaha ; Jimmi Kirihio ; Emanuel Tutorop ; Boas Wabia ; Infak Mayor ; Simon Tabuni ; Stevani Karesina ; Paul Heggarty ; Darja Dërmaku-Appelganz,Hans-Jörg Bibiko,10.5281/zenodo.4350691,10.5281/zenodo.4350690,4350690,2020-12-18T10:34:13.758390+00:00,2020-12-19T00:27:41.777336+00:00,lexibank,cc-by-nc-4.0,https://zenodo.org/records/4350691,4350691,cldf:Wordlist;linguistics,dataset,https://github.com/lexibank/papuanvoices/tree/v1.0
4327418,Mixe-Zoquean Voices,<p>Primary recordings of languages from the Mixe-Zoque language family.</p>,,,v1.0,Ana Kondic ; Paul Heggarty ; Darja Dërmaku-Appelganz,Hans-Jörg Bibiko,10.5281/zenodo.4327418,10.5281/zenodo.4327417,4327417,2020-12-16T14:06:23.600230+00:00,2020-12-18T11:05:40.406237+00:00,lexibank;clld,cc-by-nc-4.0,https://zenodo.org/records/4327418,4327418,cldf:Wordlist;linguistics,dataset,https://github.com/lexibank/mixezoqueanvoices/tree/v1.0
4309141,Vanuatu Voices,<p>Available online at https://vanuatuvoices.clld.org</p>,,,v1.0,Aviva Shimelman ; Mary Walworth ; Lana Takau ; Tom Ennever ; Iveth Rodriguez ; Tom Fitzpatrick ; Marie-France Duhamel ; Giovanni Abete ; Daria Dërmaku ; Laura Wägerle ; Heidi Colleran ; Paul Heggarty ; Kaitip W. Kami ; Hans-Jörg Bibiko ; Russell Gray,,10.5281/zenodo.4309141,10.5281/zenodo.4309140,4309140,2020-12-07T09:10:40.105204+00:00,2020-12-09T06:33:26.595648+00:00,lexibank,cc-by-nc-4.0,https://zenodo.org/records/4309141,4309141,cldf:Wordlist;linguistics,dataset,https://github.com/lexibank/vanuatuvoices/tree/v1.0
4311309,"Supplementary code tutorial and data for ""Managing Historical Linguistic Data for Computational Phylogenetics and Computer-Assisted Language Comparison""",<p>This repository (see Tutorial.md for getting started) contains the code and data for reproducing the analyses described in the chapter &quot;Managing Historical Linguistic Data for Computational Phylogenetics and Computer-Assisted Language Comparison&quot;.</p>,,,v0.9,Tiago Tresoldi ; Christoph Rzymski ; Robert Forkel ; Simon J. Greenhill ; Johann-Mattis List ; Russell D. Gray,,10.5281/zenodo.4311309,10.5281/zenodo.4311308,4311308,2020-12-08T12:03:58.728337+00:00,2020-12-08T12:09:46.220649+00:00,lexibank;eu,other-open,https://zenodo.org/records/4311309,4311309,,other,https://github.com/lexibank/phylogenetics-data-management-tutorial/tree/v0.9
4305778,Typology of antipassive coding patterns and frequency effects of antipassives,Basic information about antipassives in languages with at least some ergative patterns,,,v1.0,Ilja Seržant ; Katarzyna Janic,Johannes Englisch ; Robert Forkel,10.5281/zenodo.4305778,10.5281/zenodo.4305777,4305777,2020-12-04T11:29:35.900776+00:00,2020-12-04T12:27:15.017945+00:00,cldf-datasets,cc-by-4.0,https://zenodo.org/records/4305778,4305778,cldf:StructureDataset;linguistics,dataset,https://github.com/cldf-datasets/serzantjanicantipassives/tree/v1.0
4280576,Võro IDS wordlist by Leon Cosgrove and Sulev Iva,"<p>Cite the source of the dataset as:</p>

<blockquote>
<p>Leon Cosgrove and Sulev Iva. 2020. Võro dictionary. In: Key, Mary Ritchie &amp; Comrie, Bernard (eds.) The Intercontinental Dictionary Series. Leipzig: Max Planck Institute for Evolutionary Anthropology. (Available online at http://ids.clld.org/)</p>
</blockquote>",,,v1.0,Leon Cosgrove ; Sulev Iva ; Hans-Jörg Bibiko,Leon Cosgrove,10.5281/zenodo.4280576,10.5281/zenodo.4280575,4280575,2020-11-19T09:52:59.166940+00:00,2020-11-20T00:27:08.849670+00:00,lexibank,cc-by-4.0,https://zenodo.org/records/4280576,4280576,cldf:Wordlist;linguistics,dataset,https://github.com/intercontinental-dictionary-series/cosgrovevoro/tree/v1.0
4280596,Maltese IDS wordlist by Michael Spagnol and Bernard Comrie,"<p>Cite the source of the dataset as:</p>

<blockquote>
<p>Michael Spagnol and Bernard Comrie. 2020. Maltese dictionary. In: Key, Mary Ritchie &amp; Comrie, Bernard (eds.) The Intercontinental Dictionary Series. Leipzig: Max Planck Institute for Evolutionary Anthropology. (Available online at http://ids.clld.org/)</p>
</blockquote>",,,v1.0,Michael Spagnol ; Bernard Comrie ; Hans-Jörg Bibiko,Michael Spagnol,10.5281/zenodo.4280596,10.5281/zenodo.4280595,4280595,2020-11-19T10:00:32.038252+00:00,2020-11-20T00:27:08.848537+00:00,lexibank,cc-by-4.0,https://zenodo.org/records/4280596,4280596,cldf:Wordlist;linguistics,dataset,https://github.com/intercontinental-dictionary-series/spagnolmaltese/tree/v1.0
4071139,"CLDF dataset derived from Auderset's ""Interrogatives as relativization markers in Indo-European"" from 2020","<p>Cite as:</p>

<p>Sandra Auderset. (2020). CLDF dataset from &quot;Interrogatives as relativization markers in Indo-European&rdquo; (Version v1.0) [Data set]. Zenodo. http://doi.org/10.5281/zenodo.4071139</p>",,,v1.0,Sandra Auderset,Christoph Rzymski,10.5281/zenodo.4071139,10.5281/zenodo.4071138,4071138,2020-10-07T07:21:57.103273+00:00,2020-10-08T00:27:00.545334+00:00,cldf-datasets,other-open,https://zenodo.org/records/4071139,4071139,cldf:StructureDataset;linguistics,dataset,https://github.com/cldf-datasets/audersetinterrog/tree/v1.0
4047762,"CLDF dataset derived from Gauchat et al.'s ""Tableaux phonétiques des patois suisses romands"" from 1925","<p>Cite the source of the dataset as:</p>

<blockquote>
<p>Gauchat, L.; Jeanjaquet, J. &amp; Tappolet, E. (1925): Tableaux phonétiques des patois suisses romands Attinger: Neuchâtel.</p>
</blockquote>",,,v1.1.1,Hans Geisler ; Robert Forkel ; Johann-Mattis List,,10.5281/zenodo.4047762,10.5281/zenodo.3988471,3988471,2020-09-24T07:16:12.371932+00:00,2020-09-24T12:26:50.778968+00:00,lexibank,cc-by-4.0,https://zenodo.org/records/4047762,4047762,cldf:Wordlist;linguistics,dataset,https://github.com/lexibank/tppsr/tree/v1.1.1
3995853,"CLDF dataset derived from Gauchat et al.'s ""Tableaux phonétiques des patois suisses romands"" from 1925","<p>Cite the source of the dataset as:</p>

<blockquote>
<p>Gauchat, L.; Jeanjaquet, J. &amp; Tappolet, E. (1925): Tableaux phonétiques des patois suisses romands Attinger: Neuchâtel.</p>
</blockquote>",,,v1.1,Hans Geisler ; Robert Forkel ; Johann-Mattis List,,10.5281/zenodo.3995853,10.5281/zenodo.3988471,3988471,2020-08-22T06:36:21.490900+00:00,2020-09-24T07:16:12.800594+00:00,lexibank,cc-by-4.0,https://zenodo.org/records/3995853,3995853,cldf:Wordlist;linguistics,dataset,https://github.com/lexibank/tppsr/tree/v1.1
3988472,"CLDF dataset derived from Gauchat et al.'s ""Tableaux phonétiques des patois suisses romands"" from 1925","<p>Cite the source of the dataset as:</p>

<blockquote>
<p>Gauchat, L.; Jeanjaquet, J. &amp; Tappolet, E. (1925): Tableaux phon&eacute;tiques des patois suisses romands Attinger: Neuch&acirc;tel.</p>
</blockquote>",,,v1.0,Hans Geisler ; Robert Forkel ; Johann-Mattis List,,10.5281/zenodo.3988472,10.5281/zenodo.3988471,3988471,2020-08-17T16:56:12.621390+00:00,2020-09-24T07:16:12.513115+00:00,lexibank,cc-by-4.0,https://zenodo.org/records/3988472,3988472,cldf:Wordlist;linguistics,dataset,https://github.com/lexibank/tppsr/tree/v1.0
3889881,"CLDF dataset derived from Tang and Her's ""Quantitative typological data on classifiers and plural markers"" from 2019","<p>Cite the source of the dataset as:</p>

<blockquote>
<p>Tang, Marc and One-Soon Her. 2019. Insights on the Greenberg-Sanches-Slobin Generalization: Quantitative typological data on classifiers and plural markers. Folia Linguistica, 53(2): 297-331. https://doi.org/10.1515/flin-2019-2013</p>
</blockquote>",,,v1,Marc Tang,Robert Forkel ; Johann-Mattis List,10.5281/zenodo.3889881,10.5281/zenodo.3889880,3889880,2020-06-11T11:54:55.223922+00:00,2020-06-11T22:18:21.183324+00:00,cldf-datasets,other-open,https://zenodo.org/records/3889881,3889881,cldf:StructureDataset;linguistics,dataset,https://github.com/cldf-datasets/tangclassifiers/tree/v1
3823888,"cldf-datasets/apics: The ""Atlas of Pidgin and Creole Language Structures Online"" as CLDF dataset","<p>Cite as</p>

<blockquote>
<p>Michaelis, Susanne Maria &amp; Maurer, Philippe &amp; Haspelmath, Martin &amp; Huber, Magnus (eds.) 2013. Atlas of Pidgin and Creole Language Structures Online. Leipzig: Max Planck Institute for Evolutionary Anthropology. (Available online at <a href=""https://apics-online.info"">https://apics-online.info</a>)</p>
</blockquote>",,,v2013,Susanne Maria Michaelis ; Philippe Maurer ; Martin Haspelmath ; Magnus Huber,Robert Forkel,10.5281/zenodo.3823888,10.5281/zenodo.3823887,3823887,2020-05-13T08:22:55.071586+00:00,2020-05-20T13:19:44.230968+00:00,cldf-datasets,cc-by-4.0,https://zenodo.org/records/3823888,3823888,cldf:StructureDataset,dataset,https://github.com/cldf-datasets/apics/tree/v2013
3535809,"CLDF dataset derived from Tryon and Hackman's ""Solomon Islands Languages"" from 1983","<p>Cite the source dataset as</p>

<blockquote>
<p>Tryon, D.T. and Hackman, B.D. 1983. Solomon Islands Languages: An internal classification. Canberra: Pacific Linguistics.</p>
</blockquote>",,,v3.0,Simon J. Greenhill,,10.5281/zenodo.3535809,10.5281/zenodo.1297462,1297462,2019-11-11T10:04:09.314334+00:00,2020-04-22T08:43:21.426676+00:00,lexibank;clics,other-open,https://zenodo.org/records/3535809,3535809,cldf:Wordlist,dataset,https://github.com/lexibank/tryonsolomon/tree/v3.0
3267005,lexibank/tryonsolomon: Tryon and Hackman's Solomon Islands Languages: An internal classification,"<p>Cite the source dataset as</p>

<blockquote>
<p>Tryon, D.T. and Hackman, B.D. 1983. Solomon Islands Languages: An internal classification. Canberra: Pacific Linguistics.</p>
</blockquote>",,,v2.0.1,Robert Forkel ; Simon J Greenhill,,10.5281/zenodo.3267005,10.5281/zenodo.1297462,1297462,2019-07-03T11:27:46.126054+00:00,2020-04-22T08:43:20.225237+00:00,lexibank;clics,other-open,https://zenodo.org/records/3267005,3267005,,dataset,https://github.com/lexibank/tryonsolomon/tree/v2.0.1
2633769,"CLDF dataset derived from Tryon and Hackman's ""Solomon Islands Languages"" from 1983","<p>Cite the source dataset as</p>

<blockquote>
<p>Tryon, D.T. and Hackman, B.D. 1983. Solomon Islands Languages: An internal classification. Canberra: Pacific Linguistics.</p>
</blockquote>",,,v2.0,Simon J. Greenhill,,10.5281/zenodo.2633769,10.5281/zenodo.1297462,1297462,2019-04-09T08:54:42.547081+00:00,2020-04-22T08:43:19.782705+00:00,lexibank;clics,other-open,https://zenodo.org/records/2633769,2633769,,dataset,https://github.com/lexibank/tryonsolomon/tree/v2.0
1297464,lexibank/tryonsolomon: Tryon and Hackman's Solomon Islands Languages: An internal classification,"<p>Cite the source dataset as</p>

<blockquote>
<p>Tryon, D.T. and Hackman, B.D. 1983. Solomon Islands Languages: An internal classification. Canberra: Pacific Linguistics.</p>
</blockquote>",,,v1.0.1,Robert Forkel ; Simon J Greenhill,,10.5281/zenodo.1297464,10.5281/zenodo.1297462,1297462,2018-06-25T13:19:10.117590+00:00,2020-04-22T08:43:19.364423+00:00,clics;lexibank,other-open,https://zenodo.org/records/1297464,1297464,clics2,dataset,https://github.com/lexibank/tryonsolomon/tree/v1.0.1
1297463,"CLDF dataset derived from Tryon and Hackman's ""Solomon Islands Languages"" from 1983",No description provided.,,,v1.0.0,Simon J. Greenhill,,10.5281/zenodo.1297463,10.5281/zenodo.1297462,1297462,2018-06-25T13:18:59.927578+00:00,2020-04-22T08:43:18.932332+00:00,clics;lexibank,other-open,https://zenodo.org/records/1297463,1297463,,software,https://github.com/lexibank/tryonsolomon/tree/v1.0.0
3475912,channumerals,"<p>Numeral Systems of the World&#39;s Languages, Chan&#39;s Original</p>",,,v1.0,Eugene Chan ; Hans-Jörg Bibiko ; Christoph Rzymski ; Simon J Greenhill ; Robert Forkel,,10.5281/zenodo.3475912,10.5281/zenodo.3475911,3475911,2019-10-08T08:18:32.835583+00:00,2020-04-22T08:41:07.520608+00:00,lexibank,other-open,https://zenodo.org/records/3475912,3475912,linguistics;CLDF,dataset,https://github.com/lexibank/channumerals/tree/v1.0
1405148,cldf-datasets/normansinitic: Structural data for the paper by Norman (2013) on Chinese dialect classification,"<p>Original source of the data:</p>

<blockquote>
<p>Norman, J. (2003): Chinese dialects. Phonology. In: Thurgood, G. &amp; LaPolla, R.: The Sino-Tibetan Languages. Routledge: London and New York. 72-83.</p>
</blockquote>",,,v1.0,Johann-Mattis List,,10.5281/zenodo.1405148,10.5281/zenodo.1405147,1405147,2018-08-28T20:14:41.599174+00:00,2020-04-15T07:16:01.517375+00:00,calc;eu;cldf-datasets;lexibank,apache2.0,https://zenodo.org/records/1405148,1405148,Chinese dialects;structural dataset;Chinese dialect classification;historical linguistics,dataset,https://github.com/cldf-datasets/normansinitic/tree/v1.0
3552559,cldf-datasets/normansinitic: Structural and lexical data for the paper by Norman (2013) on Chinese dialect classification,"<p>Original source of the data:</p>

<blockquote>
<p>Norman, J. (2003): Chinese dialects. Phonology. In: Thurgood, G. &amp; LaPolla, R.: The Sino-Tibetan Languages. Routledge: London and New York. 72-83.</p>
</blockquote>",,,v2.0,Johann-Mattis List ; Robert Forkel,,10.5281/zenodo.3552559,10.5281/zenodo.1405147,1405147,2019-11-25T14:42:36.281493+00:00,2020-04-15T07:15:59.506190+00:00,cldf-datasets;lexibank;calc;eu,cc-by-4.0,https://zenodo.org/records/3552559,3552559,cldf:StructureDataset;cldf:Wordlist,dataset,https://github.com/cldf-datasets/normansinitic/tree/v2.0
1405135,cldf-datasets/szetosinitic: Chinese Structure Dataset from Szeto et al.'s (2018) paper in CLDF-Format,"<p>This is a structural dataset originally published along with a paper by Szeto et al. (2018) on Chinese dialect classification:</p>

<blockquote>
<p>Szeto, P. Y.; Ansaldo, U. &amp; Matthews, S.Typological variation across Mandarin dialects: An areal perspective with a quantitative approach Linguistic Typology, 2018, 22, 233-275.</p>
</blockquote>",,,v1.0,Johann-Mattis List ; Robert Forkel,,10.5281/zenodo.1405135,10.5281/zenodo.1405134,1405134,2018-08-28T19:29:24.773710+00:00,2020-04-15T07:15:54.126773+00:00,eu;cldf-datasets,apache2.0,https://zenodo.org/records/1405135,1405135,Chinese linguistics;Chinese dialectology;CLDF;structural data in linguistic typology,dataset,https://github.com/cldf-datasets/szetosinitic/tree/v1.0
3712132,cldf-datasets/ewave: The Electronic World Atlas of Varieties of English,"<p>Cite as</p>

<blockquote>
<p>Kortmann, Bernd &amp; Lunkenheimer, Kerstin &amp; Ehret, Katharina (eds.) 2020. The Electronic World Atlas of Varieties of English. Zenodo. (Available online at <a href=""https://ewave-atlas.org"">https://ewave-atlas.org</a>)</p>
</blockquote>",,,v3.0,Bernd Kortmann ; Kerstin Lunkenheimer ; Katharina Ehret,Robert Forkel,10.5281/zenodo.3712132,10.5281/zenodo.3603136,3603136,2020-03-16T15:16:11.423212+00:00,2020-03-16T20:20:13.417922+00:00,cldf-datasets;clld,cc-by-3.0,https://zenodo.org/records/3712132,3712132,cldf:StructureDataset,dataset,https://github.com/cldf-datasets/ewave/tree/v3.0
3603137,cldf-datasets/ewave: The Electronic World Atlas of Varieties of English,"<p>Cite the source dataset as</p>

<blockquote>
<p>Kortmann, Bernd &amp; Lunkenheimer, Kerstin (eds.) 2013. The Electronic World Atlas of Varieties of English. Jena: Max Planck Institute for the Science of Human History. (Available online at <a href=""https://ewave-atlas.org"">https://ewave-atlas.org</a>)</p>
</blockquote>",,,v2.0,Bernd Kortmann ; Kerstin Lunkenheimer,Robert Forkel,10.5281/zenodo.3603137,10.5281/zenodo.3603136,3603136,2020-01-09T13:48:43.033348+00:00,2020-03-16T15:19:31.530306+00:00,cldf-datasets;clld,cc-by-3.0,https://zenodo.org/records/3603137,3603137,cldf:StructureDataset,dataset,https://github.com/cldf-datasets/ewave/tree/v2.0
3696844,"cldf-datasets/dryerorder: Dataset of Dryer 2018 ""On the order of demonstrative, numeral, adjective, and noun""","<p>Cite the source dataset as</p>

<blockquote>
<p>Dryer, M.S. (2018). On the order of demonstrative, numeral, adjective, and noun. Language 94(4), 798-833. doi:10.1353/lan.2018.0054.</p>
</blockquote>",,,v1.0,Matthew Dryer,Robert Forkel,10.5281/zenodo.3696844,10.5281/zenodo.3696843,3696843,2020-03-04T14:21:31.405622+00:00,2020-03-04T19:20:53.128118+00:00,cldf-datasets,other-open,https://zenodo.org/records/3696844,3696844,cldf:StructureDataset,dataset,https://github.com/cldf-datasets/dryerorder/tree/v1.0
2677911,cldf-datasets/phoible: PHOIBLE 2.0.1 as CLDF dataset,"<p>The data of PHOIBLE as CLDF StructureDataset.</p>

<p>Cite as:</p>

<blockquote>
<p>Moran, Steven &amp; McCloy, Daniel (eds.) 2019. PHOIBLE. Jena: Max Planck Institute for the Science of Human History. (Available online at <a href=""https://phoible.org"">https://phoible.org</a>)</p>
</blockquote>",,,v2.0.1,Steven Moran ; Daniel McCloy,Robert Forkel,10.5281/zenodo.2677911,10.5281/zenodo.2562766,2562766,2019-05-08T15:31:04.589643+00:00,2020-02-13T08:33:15.656283+00:00,cldf-datasets;clld,cc-by-3.0,https://zenodo.org/records/2677911,2677911,cldf:StructureDataset,dataset,https://github.com/cldf-datasets/phoible/tree/v2.0.1
2593234,cldf-datasets/phoible: PHOIBLE 2.0 as CLDF dataset,<p>The data of PHOIBLE as CLDF StructureDataset.</p>,,,v2.0,Steven Moran ; Daniel McCloy,Robert Forkel,10.5281/zenodo.2593234,10.5281/zenodo.2562766,2562766,2019-03-14T10:01:41.516056+00:00,2020-02-13T08:33:14.459784+00:00,cldf-datasets;clld,cc-by-3.0,https://zenodo.org/records/2593234,2593234,linguistics;CLDF,dataset,https://github.com/cldf-datasets/phoible/tree/v2.0
2562767,cldf-datasets/phoible: PHOIBLE 1.0 as CLDF dataset,"<p>Cite as:</p>

<blockquote>
<p>Moran, Steven &amp; McCloy, Daniel &amp; Wright, Richard (eds.) 2014. PHOIBLE Online. Leipzig: Max Planck Institute for Evolutionary Anthropology.</p>
</blockquote>",,,v1.0,Steven Moran ; Daniel McCloy ; Richard Wright,,10.5281/zenodo.2562767,10.5281/zenodo.2562766,2562766,2019-02-12T09:35:44.582569+00:00,2020-02-13T08:33:13.243295+00:00,cldf-datasets;clld,other-open,https://zenodo.org/records/2562767,2562767,,dataset,https://github.com/cldf-datasets/phoible/tree/v1.0
3603755,"cldf-datasets/petersonsouthasia: CLDF data for Peterson 2017, Towards a linguistic prehistory of eastern-central South Asia","<p>Cite the CLDF data as</p>

<p>Cite the source dataset as</p>

<blockquote>
<p>Peterson, J. (2017). Fitting the pieces together &ndash; Towards a linguistic prehistory of eastern-central South Asia (and beyond). Journal of South Asian Languages and Linguistics, 4(2), pp. 211-257. doi:10.1515/jsall-2017-0008</p>
</blockquote>",,,v1.1,John Peterson,Robert Forkel,10.5281/zenodo.3603755,10.5281/zenodo.3603748,3603748,2020-01-10T08:40:11.787098+00:00,2020-02-13T08:21:32.830151+00:00,cldf-datasets,other-open,https://zenodo.org/records/3603755,3603755,cldf:StructureDataset,dataset,https://github.com/cldf-datasets/petersonsouthasia/tree/v1.1
3603749,"cldf-datasets/petersonsouthasia: CLDF data for Peterson 2017, Towards a linguistic prehistory of eastern-central South Asia","<p>Cite the source dataset as</p>

<blockquote>
<p>Peterson, J. (2017). Fitting the pieces together &ndash; Towards a linguistic prehistory of eastern-central South Asia (and beyond). Journal of South Asian Languages and Linguistics, 4(2), pp. 211-257. doi:10.1515/jsall-2017-0008</p>
</blockquote>",,,v1.0,John Peterson,Robert Forkel,10.5281/zenodo.3603749,10.5281/zenodo.3603748,3603748,2020-01-10T08:31:00.981671+00:00,2020-02-13T08:21:31.783257+00:00,cldf-datasets,other-open,https://zenodo.org/records/3603749,3603749,,dataset,https://github.com/cldf-datasets/petersonsouthasia/tree/v1.0
3610155,cldf-datasets/afbo: AfBo: A world-wide survey of affix borrowing,"<p>Seifart, Frank. 2013. AfBo: A world-wide survey of affix borrowing. Leipzig: Max Planck Institute for Evolutionary Anthropology. (Available online at <a href=""https://afbo.info"">https://afbo.info</a>)</p>",,,v1.0,Frank Seifart,Robert Forkel,10.5281/zenodo.3610155,10.5281/zenodo.3610154,3610154,2020-01-16T13:33:39.338214+00:00,2020-02-13T08:16:26.687049+00:00,cldf-datasets;clld,cc-by-4.0,https://zenodo.org/records/3610155,3610155,cldf:StructureDataset,dataset,https://github.com/cldf-datasets/afbo/tree/v1.0
3608862,cldf-datasets/sails: South American Indigenous Language Structures (SAILS),"<p>Muysken, Pieter and Harald Hammarstr&ouml;m and Olga Krasnoukhova and Neele M&uuml;ller and Joshua Birchall and Simon van de Kerke and Loretta O&#39;Connor and Swintha Danielsen and Rik van Gijn and George Saad. 2014. South American Indigenous Language Structures (SAILS). Jena: Max Planck Institute for the Science of Human History. (Available at <a href=""https://sails.clld.org"">https://sails.clld.org</a>)</p>",,,v2014,Pieter Muysken ; Harald Hammarström ; Olga Krasnoukhova ; Neele Müller ; Joshua Birchall ; Simon van de Kerke ; Loretta O'Connor ; Swintha Danielsen ; Rik van Gijn ; George Saad,Robert Forkel,10.5281/zenodo.3608862,10.5281/zenodo.3608861,3608861,2020-01-15T13:57:14.632026+00:00,2020-02-13T07:05:58.713757+00:00,cldf-datasets;clld,cc-nc,https://zenodo.org/records/3608862,3608862,cldf:StructureDataset,dataset,https://github.com/cldf-datasets/sails/tree/v2014
3626713,cldf-datasets/lapollaqiang: Annotated texts from LaPolla and Huang's Grammar of Qiang,"<p>Cite the source as</p>

<blockquote>
<p>Randy J. LaPolla and Chenglong Huang. 2003. A Grammar of Qiang with annotated texts and glossary. (Mouton Grammar Library, 31.) Berlin: Mouton de Gruyter.</p>
</blockquote>",,,v0.1.0,Robert Forkel ; Johann-Mattis List,,10.5281/zenodo.3626713,10.5281/zenodo.3626712,3626712,2020-01-24T09:40:15.110278+00:00,2020-01-24T19:26:26.876719+00:00,cldf-datasets,cc-by-4.0,https://zenodo.org/records/3626713,3626713,,dataset,https://github.com/cldf-datasets/lapollaqiang/tree/v0.1.0
