ID,Contribution_ID,Module,Language_Count,Glottocode_Count,Parameter_Count,Value_Count,Form_Count,Entry_Count,Example_Count
21134489-1,21134489,Wordlist,36,35,162,0,3599,0,10837
21107436-1,21107436,StructureDataset,196,194,24,4685,0,0,0
20796796-1,20796796,Wordlist,35,35,200,0,4986,0,0
20712996-1,20712996,StructureDataset,3253,2076,33,107349,0,0,0
20712996-2,20712996,StructureDataset,5501,3120,2402,205978,0,0,0
20712996-3,20712996,StructureDataset,5501,3120,34,187034,0,0,0
20712996-4,20712996,Wordlist,5501,3120,3205,0,1740092,0,0
20450412-1,20450412,StructureDataset,59,57,80,4720,0,0,0
20450412-2,20450412,Wordlist,59,57,194,0,11600,0,0
13831931-1,13831931,StructureDataset,174,174,42,4061,0,0,0
20392566-1,20392566,Wordlist,27,26,260,0,6206,0,0
20322670-1,20322670,Wordlist,26,23,181,0,4265,0,0
20021123-1,20021123,StructureDataset,135,129,42,522,0,0,991
20021123-2,20021123,Wordlist,135,129,416,0,1984,0,991
19947331-1,19947331,Generic,1735,1734,0,0,0,0,147329
19922850-1,19922850,Wordlist,26,23,181,0,4265,0,0
19884642-1,19884642,StructureDataset,39,39,353,13414,0,0,5421
19855311-1,19855311,StructureDataset,115,113,42,373,0,0,0
19854207-1,19854207,StructureDataset,115,113,42,373,0,0,0
19827989-1,19827989,StructureDataset,115,113,42,373,0,0,0
19608447-1,19608447,StructureDataset,3447,2163,51562,7245287,0,0,0
19608447-2,19608447,Wordlist,3447,2163,1730,0,1449893,0,0
19366409-1,19366409,Generic,37,37,335,0,0,0,102616
19184362-1,19184362,Wordlist,50,39,150,0,7518,0,0
19127704-1,19127704,StructureDataset,137,126,88,10423,0,0,0
18777605-1,18777605,Generic,0,0,0,0,0,0,0
18773606-1,18773606,Generic,0,0,0,0,0,0,0
18684984-1,18684984,Wordlist,52,52,99,0,5751,0,0
18644078-1,18644078,Generic,0,0,0,0,0,0,0
18643982-1,18643982,Generic,0,0,0,0,0,0,0
18643947-1,18643947,Generic,0,0,0,0,0,0,0
18643894-1,18643894,Generic,0,0,0,0,0,0,0
18643875-1,18643875,Generic,0,0,0,0,0,0,0
18643863-1,18643863,Generic,0,0,0,0,0,0,0
18643848-1,18643848,Generic,0,0,0,0,0,0,0
18643727-1,18643727,Generic,0,0,0,0,0,0,0
18643706-1,18643706,Generic,0,0,0,0,0,0,0
18643660-1,18643660,Generic,0,0,0,0,0,0,0
18643631-1,18643631,Generic,0,0,0,0,0,0,0
18643612-1,18643612,Generic,0,0,0,0,0,0,0
18643516-1,18643516,Generic,0,0,0,0,0,0,0
18643489-1,18643489,Generic,0,0,0,0,0,0,0
18643474-1,18643474,Generic,0,0,0,0,0,0,0
18643451-1,18643451,Generic,0,0,0,0,0,0,0
18643394-1,18643394,Generic,0,0,0,0,0,0,0
18643379-1,18643379,Generic,0,0,0,0,0,0,0
18614342-1,18614342,Generic,0,0,0,0,0,0,0
18614195-1,18614195,Generic,0,0,0,0,0,0,0
18614163-1,18614163,Generic,0,0,0,0,0,0,0
18614098-1,18614098,Generic,0,0,0,0,0,0,0
18614069-1,18614069,Generic,0,0,0,0,0,0,0
18614047-1,18614047,Generic,0,0,0,0,0,0,0
18614010-1,18614010,Generic,0,0,0,0,0,0,0
18613913-1,18613913,Generic,0,0,0,0,0,0,0
18613855-1,18613855,Generic,0,0,0,0,0,0,0
18613244-1,18613244,Generic,0,0,0,0,0,0,0
18613195-1,18613195,Generic,0,0,0,0,0,0,0
18613195-2,18613195,Generic,0,0,0,0,0,0,0
18611119-1,18611119,Generic,0,0,0,0,0,0,0
4777568-1,4777568,Wordlist,27,26,313,0,10231,0,0
18515583-1,18515583,Wordlist,2,1,1642,0,6524,0,0
18502761-1,18502761,Wordlist,2,1,1642,0,6524,0,0
18501543-1,18501543,Wordlist,1288,1183,1342,0,218654,0,0
18501515-1,18501515,Wordlist,1288,1183,1342,0,218654,0,0
7679421-1,7679421,Wordlist,1288,1183,1342,0,218654,0,0
7679421-2,7679421,Wordlist,1229,1122,943,0,210903,0,0
18495287-1,18495287,Wordlist,24,5,304,0,7247,0,0
18454471-1,18454471,Wordlist,2,2,1486,0,3718,0,0
18439527-1,18439527,Generic,0,0,0,0,0,0,0
18439506-1,18439506,Generic,0,0,0,0,0,0,0
18439506-2,18439506,Generic,0,0,0,0,0,0,0
18439497-1,18439497,Generic,0,0,0,0,0,0,0
18439437-1,18439437,Generic,0,0,0,0,0,0,0
18439377-1,18439377,Generic,0,0,0,0,0,0,0
18439251-1,18439251,Generic,0,0,0,0,0,0,0
18439221-1,18439221,Generic,0,0,0,0,0,0,0
18439153-1,18439153,Generic,0,0,0,0,0,0,0
18439140-1,18439140,Generic,0,0,0,0,0,0,0
18439091-1,18439091,Generic,0,0,0,0,0,0,0
18439071-1,18439071,Generic,0,0,0,0,0,0,0
18439062-1,18439062,Generic,0,0,0,0,0,0,0
18439035-1,18439035,Generic,0,0,0,0,0,0,0
18438995-1,18438995,Generic,0,0,0,0,0,0,0
18438949-1,18438949,Generic,0,0,0,0,0,0,0
18438931-1,18438931,Generic,0,0,0,0,0,0,0
18436588-1,18436588,Generic,0,0,0,0,0,0,0
18436586-1,18436586,Generic,0,0,0,0,0,0,0
18436258-1,18436258,Generic,0,0,0,0,0,0,0
18434736-1,18434736,Generic,0,0,0,0,0,0,0
18229037-1,18229037,StructureDataset,2599,1571,3341,677862,0,0,0
18223072-1,18223072,StructureDataset,186,186,1781,329449,0,0,0
18099159-1,18099159,Wordlist,35,35,200,0,4986,0,0
18087900-1,18087900,Wordlist,35,35,200,0,4986,0,0
17986360-1,17986360,Dictionary,1,1,0,0,0,3791,1426
17986053-1,17986053,StructureDataset,352,217,32,11264,0,0,0
17985734-1,17985734,StructureDataset,57,57,1,57,0,0,46
17985722-1,17985722,StructureDataset,111,111,66,6046,0,0,6302
17985706-1,17985706,StructureDataset,40,40,18,360,0,0,433
17985692-1,17985692,StructureDataset,52,51,66,1136,0,0,0
17984267-1,17984267,StructureDataset,1291,1209,94,121354,0,0,0
17973868-1,17973868,Wordlist,24,5,304,0,7247,0,0
17617220-1,17617220,StructureDataset,2599,1571,3341,677862,0,0,0
17610140-1,17610140,StructureDataset,2599,1571,3341,677862,0,0,0
17607789-1,17607789,StructureDataset,127,126,354,44958,0,0,0
17607723-1,17607723,StructureDataset,74,74,618,45732,0,0,0
17602181-1,17602181,StructureDataset,1291,1209,94,121354,0,0,0
17602055-1,17602055,StructureDataset,172,132,429,73788,0,0,0
17601927-1,17601927,StructureDataset,1988,0,2,3975,0,0,0
17601873-1,17601873,StructureDataset,186,186,1781,329449,0,0,0
17601800-1,17601800,StructureDataset,1987,0,5,9935,0,0,0
17601737-1,17601737,StructureDataset,1963,0,1,1963,0,0,0
17601675-1,17601675,StructureDataset,1982,0,3,5900,0,0,0
17601634-1,17601634,StructureDataset,1988,0,1,1988,0,0,0
17601586-1,17601586,StructureDataset,1988,0,2,3976,0,0,0
17601193-1,17601193,StructureDataset,1988,0,10,19880,0,0,0
17601108-1,17601108,StructureDataset,1291,1209,94,121354,0,0,0
17600888-1,17600888,StructureDataset,410,410,1,1007,0,0,0
17600555-1,17600555,StructureDataset,74,74,618,45732,0,0,0
17599043-1,17599043,StructureDataset,127,126,354,44958,0,0,0
17597468-1,17597468,Wordlist,9119,5170,169,0,265344,0,0
17591786-1,17591786,Generic,0,0,949,0,0,0,0
17591444-1,17591444,Generic,0,0,694,0,0,0,0
17591308-1,17591308,Generic,0,0,116,0,0,0,0
17591022-1,17591022,Generic,0,0,3965,0,0,0,0
17590954-1,17590954,Generic,0,0,2441,0,0,0,0
17589994-1,17589994,Wordlist,3380,1508,279,0,44469,0,0
17589886-1,17589886,Wordlist,55,55,2784,0,3170,0,0
17589029-1,17589029,Generic,0,0,350,0,0,0,0
17588983-1,17588983,Generic,0,0,675,0,0,0,0
17588865-1,17588865,Generic,0,0,383,0,0,0,0
17588770-1,17588770,Generic,0,0,877,0,0,0,0
17588546-1,17588546,Generic,0,0,673,0,0,0,0
17587592-1,17587592,Generic,0,0,0,0,0,0,0
17587191-1,17587191,Generic,0,0,0,0,0,0,0
17583936-1,17583936,Generic,0,0,3859,0,0,0,0
17583895-1,17583895,Generic,0,0,391,0,0,0,0
17583742-1,17583742,Generic,0,0,34440,0,0,0,0
17583660-1,17583660,Generic,0,0,1030,0,0,0,0
17583636-1,17583636,Generic,0,0,2832,0,0,0,0
17583531-1,17583531,Generic,0,0,2350,0,0,0,0
17582630-1,17582630,Generic,0,0,0,0,0,0,0
17582392-1,17582392,Generic,0,0,0,0,0,0,0
17581679-1,17581679,Generic,0,0,18438,0,0,0,0
17581594-1,17581594,Generic,0,0,6280,0,0,0,0
17581525-1,17581525,Generic,0,0,285,0,0,0,0
17581426-1,17581426,Generic,0,0,0,0,0,0,0
17580172-1,17580172,StructureDataset,339,290,40,13957,0,0,0
17579490-1,17579490,Generic,0,0,1801,0,0,0,0
17578947-1,17578947,Generic,0,0,0,0,0,0,0
17578733-1,17578733,Generic,0,0,1649,0,0,0,0
17578198-1,17578198,Generic,0,0,128,0,0,0,0
17572679-1,17572679,Generic,0,0,1560,0,0,0,0
17510140-1,17510140,Wordlist,25,25,97,0,2396,0,0
17472996-1,17472996,Wordlist,26,23,181,0,4265,0,0
17471548-1,17471548,Wordlist,236,69,506,0,45255,0,0
17433568-1,17433568,StructureDataset,77,65,235,18095,0,0,4189
17417888-1,17417888,Wordlist,8797,5165,169,0,260718,0,0
17407434-1,17407434,Wordlist,236,69,506,0,45255,0,0
17342211-1,17342211,Generic,0,0,0,0,0,0,0
17342180-1,17342180,Generic,0,0,0,0,0,0,0
17342116-1,17342116,Generic,0,0,0,0,0,0,0
17342060-1,17342060,Generic,0,0,0,0,0,0,0
17342021-1,17342021,Generic,0,0,0,0,0,0,0
17341986-1,17341986,Generic,0,0,0,0,0,0,0
17341948-1,17341948,Generic,0,0,0,0,0,0,0
17341914-1,17341914,Generic,0,0,0,0,0,0,0
17341890-1,17341890,Generic,0,0,0,0,0,0,0
17341268-1,17341268,Generic,0,0,0,0,0,0,0
17341026-1,17341026,Generic,0,0,0,0,0,0,0
17340812-1,17340812,Generic,0,0,0,0,0,0,0
17340771-1,17340771,Generic,0,0,0,0,0,0,0
17340654-1,17340654,Generic,0,0,0,0,0,0,0
17340571-1,17340571,Generic,0,0,0,0,0,0,0
17340247-1,17340247,Generic,0,0,0,0,0,0,0
17340138-1,17340138,Generic,0,0,0,0,0,0,0
17339338-1,17339338,Generic,0,0,0,0,0,0,0
17339172-1,17339172,Generic,0,0,0,0,0,0,0
17339139-1,17339139,Generic,0,0,0,0,0,0,0
17338066-1,17338066,Generic,0,0,0,0,0,0,0
17334281-1,17334281,Generic,0,0,0,0,0,0,0
17334236-1,17334236,Generic,0,0,0,0,0,0,0
17334192-1,17334192,Generic,0,0,0,0,0,0,0
17334090-1,17334090,Generic,0,0,0,0,0,0,0
17333460-1,17333460,Generic,0,0,0,0,0,0,0
17333413-1,17333413,Generic,0,0,0,0,0,0,0
17333165-1,17333165,Generic,0,0,0,0,0,0,0
10033312-1,10033312,Wordlist,5093,5087,154,0,172458,0,0
16900180-1,16900180,StructureDataset,3432,2152,51539,7210588,0,0,0
16900180-2,16900180,Wordlist,3432,2152,1730,0,1445845,0,0
16736409-1,16736409,Wordlist,11540,6126,100,0,568820,0,0
13606075-1,13606075,StructureDataset,895,892,7,5961,0,0,0
15779678-1,15779678,Wordlist,25,25,95,0,2468,0,0
15719681-1,15719681,Wordlist,12,4,207,0,2472,0,0
15711275-1,15711275,Wordlist,12,4,207,0,2472,0,0
15687121-1,15687121,Wordlist,1,1,234,0,238,0,0
15687074-1,15687074,StructureDataset,137,126,88,10423,0,0,0
15686941-1,15686941,Wordlist,1,1,234,0,238,0,0
15682950-1,15682950,Wordlist,1,1,234,0,238,0,0
15656420-1,15656420,Wordlist,25,25,40,0,1053,0,0
15654191-1,15654191,Wordlist,5332,4173,100,0,187742,0,0
15654141-1,15654141,Wordlist,25,25,40,0,1053,0,0
15649312-1,15649312,Wordlist,5332,4173,100,0,187742,0,0
15463198-1,15463198,Wordlist,131,128,130,0,15364,0,0
15287258-1,15287258,Generic,0,0,0,0,0,0,0
15287258-2,15287258,Generic,0,0,0,0,0,0,0
15239866-1,15239866,StructureDataset,1274,1274,9,6063,2023,0,0
15227808-1,15227808,Generic,0,0,0,0,0,0,0
15227808-2,15227808,StructureDataset,325,325,23,7475,0,0,0
15227808-3,15227808,StructureDataset,325,325,265,88098,0,0,0
15227808-4,15227808,Generic,0,0,0,0,0,0,0
15227808-5,15227808,Generic,0,0,0,0,0,0,0
15196305-1,15196305,StructureDataset,68,66,392,13497,0,0,0
15194559-1,15194559,StructureDataset,3238,2064,33,106854,0,0,0
15194559-2,15194559,StructureDataset,5477,3107,2397,205118,0,0,0
15194559-3,15194559,StructureDataset,5477,3107,34,186218,0,0,0
15194559-4,15194559,Wordlist,5477,3107,3205,0,1734794,0,0
15183865-1,15183865,Generic,0,0,0,0,0,0,0
15161504-1,15161504,Wordlist,8,8,10,0,80,0,0
14794542-1,14794542,Wordlist,2,2,1486,0,2972,0,0
15131172-1,15131172,Wordlist,1,1,1186,0,1186,0,0
15094175-1,15094175,Wordlist,16,5,100,0,1584,0,0
15076306-1,15076306,Wordlist,424,333,100,0,37730,0,0
14982997-1,14982997,Generic,0,0,0,0,0,0,0
14925245-1,14925245,Wordlist,39,39,3634,0,142527,0,0
14887395-1,14887395,Wordlist,3,3,155,0,426,0,0
14872294-1,14872294,StructureDataset,68,66,392,13097,0,0,0
14800315-1,14800315,StructureDataset,3238,2064,33,106854,0,0,0
14800315-2,14800315,StructureDataset,4745,2791,2312,181158,0,0,0
14800315-3,14800315,StructureDataset,4745,2791,34,161330,0,0,0
14800315-4,14800315,Wordlist,4745,2791,3204,0,1663640,0,0
14777803-1,14777803,Wordlist,90,68,447,0,25024,0,0
14619055-1,14619055,Wordlist,46,46,121,0,5813,0,0
14614178-1,14614178,Wordlist,214,58,506,0,39002,0,0
14614177-1,14614177,Wordlist,101,83,254,0,26224,0,0
14610312-1,14610312,Wordlist,13,13,215,0,2771,0,0
14609827-1,14609827,Wordlist,13,13,215,0,2771,0,0
14608975-1,14608975,Wordlist,1063,820,86502,0,146733,0,0
14608119-1,14608119,Wordlist,60,52,12220,0,20689,0,0
14602182-1,14602182,Wordlist,214,57,506,0,39002,0,0
14602173-1,14602173,Wordlist,1,1,966,0,1111,0,0
14602162-1,14602162,Wordlist,1,1,966,0,1111,0,0
14602159-1,14602159,Wordlist,1,1,966,0,1111,0,0
14602150-1,14602150,Wordlist,1,1,966,0,1111,0,0
14602137-1,14602137,Wordlist,46,46,121,0,5813,0,0
14602119-1,14602119,Wordlist,19,2,199,0,3980,0,0
14602106-1,14602106,Wordlist,35,34,200,0,4743,0,0
14601765-1,14601765,Wordlist,13,13,215,0,2771,0,0
14601745-1,14601745,Wordlist,10,7,195,0,1870,0,0
14599868-1,14599868,Wordlist,10,2,200,0,2000,0,0
14597363-1,14597363,Wordlist,4,2,250,0,837,0,0
14591833-1,14591833,Wordlist,3058,1475,235,0,39765,0,0
14591604-1,14591604,Wordlist,1,1,552,0,591,0,0
14506169-1,14506169,Wordlist,101,82,254,0,26224,0,0
14505927-1,14505927,Wordlist,1,1,1310,0,1688,0,0
14505730-1,14505730,Wordlist,1,1,551,0,591,0,0
14504420-1,14504420,Generic,0,0,0,0,0,0,0
14504420-2,14504420,StructureDataset,325,325,23,7475,0,0,0
14504420-3,14504420,StructureDataset,325,325,265,88094,0,0,0
14504420-4,14504420,Generic,0,0,0,0,0,0,0
14504420-5,14504420,Generic,0,0,0,0,0,0,0
14281745-1,14281745,StructureDataset,1274,1274,9,6063,2023,0,0
14162587-1,14162587,Wordlist,1023,763,1166,0,147246,0,0
14044192-1,14044192,Generic,1611,1610,0,0,0,0,121596
14024635-1,14024635,Dictionary,1,1,0,0,0,952,368
14001762-1,14001762,Wordlist,22,17,291,0,6321,0,0
14001750-1,14001750,Wordlist,245,245,344,0,69963,0,0
14001737-1,14001737,Wordlist,245,244,344,0,69963,0,0
14001726-1,14001726,Wordlist,38,36,347,0,9541,0,0
14001610-1,14001610,Wordlist,110,61,240,0,15932,0,0
13950591-1,13950591,StructureDataset,2660,2512,192,76475,0,0,3907
13946786-1,13946786,StructureDataset,3459,3353,10,65483,0,0,0
13913267-1,13913267,StructureDataset,1274,1274,9,6063,2023,0,0
13889024-1,13889024,StructureDataset,1274,1274,8,4789,2023,0,0
13868534-1,13868534,Wordlist,14,13,243,0,2903,0,0
13861321-1,13861321,Wordlist,41,41,1814,0,64289,0,0
13841415-1,13841415,Wordlist,38,37,244,0,7621,0,0
13832130-1,13832130,Wordlist,268,221,1310,0,360553,0,0
13832124-1,13832124,Wordlist,67,60,433,0,29059,0,0
13832119-1,13832119,Wordlist,324,305,744,0,64607,0,0
13829628-1,13829628,Wordlist,18,11,119,0,1804,0,0
13829625-1,13829625,Wordlist,10,10,300,0,2998,0,0
13829541-1,13829541,Wordlist,4,4,200,0,809,0,0
13829479-1,13829479,Wordlist,4,3,100,0,412,0,0
13766733-1,13766733,Wordlist,2783,1401,212,0,37092,0,0
13684237-1,13684237,Wordlist,26,24,323,0,7088,0,0
13606202-1,13606202,StructureDataset,241,241,3,723,0,0,0
13605939-1,13605939,StructureDataset,72,72,5,360,0,0,0
13605418-1,13605418,StructureDataset,174,174,42,4061,0,0,0
13604622-1,13604622,StructureDataset,425,421,14,425,0,0,2071
13604170-1,13604170,StructureDataset,48,48,5,240,0,0,32
13603759-1,13603759,StructureDataset,51,51,4,204,0,0,0
13602851-1,13602851,StructureDataset,101,101,5,497,0,0,676
13602342-1,13602342,StructureDataset,1077,1072,10,4566,0,0,0
13601677-1,13601677,StructureDataset,2146,2146,16,30560,0,0,0
13601189-1,13601189,StructureDataset,99,99,9,99,0,0,0
10609476-1,10609476,Wordlist,4,4,527,0,1928,0,0
13326769-1,13326769,StructureDataset,2470,1556,2987,631668,0,0,0
13326318-1,13326318,StructureDataset,2470,1556,2987,631668,0,0,0
13325962-1,13325962,StructureDataset,72,72,618,44496,0,0,0
13319593-1,13319593,StructureDataset,410,410,1,1007,0,0,0
13319363-1,13319363,StructureDataset,339,290,40,13957,0,0,0
13319191-1,13319191,StructureDataset,1291,1209,94,121354,0,0,0
13319171-1,13319171,Wordlist,22,22,300,0,6181,0,0
13319047-1,13319047,Wordlist,22,21,100,0,2144,0,0
13319013-1,13319013,Wordlist,3,3,1807,0,3289,0,0
13318981-1,13318981,StructureDataset,1988,0,10,19880,0,0,0
13318960-1,13318960,StructureDataset,1988,0,2,3976,0,0,0
13318941-1,13318941,StructureDataset,1988,0,1,1988,0,0,0
13318912-1,13318912,StructureDataset,1982,0,3,5900,0,0,0
13318895-1,13318895,StructureDataset,1963,0,1,1963,0,0,0
13318881-1,13318881,StructureDataset,1987,0,5,9935,0,0,0
13318864-1,13318864,StructureDataset,186,186,1781,329449,0,0,0
13318848-1,13318848,StructureDataset,1988,0,2,3975,0,0,0
13318637-1,13318637,StructureDataset,172,132,429,73788,0,0,0
13306849-1,13306849,Wordlist,8,7,1000,0,7798,0,0
13304824-1,13304824,Wordlist,51,49,1004,0,50434,0,0
13304640-1,13304640,Wordlist,9,9,100,0,799,0,0
13304537-1,13304537,Wordlist,160,152,170,0,25731,0,0
13304535-1,13304535,Wordlist,9,9,100,0,801,0,0
13304440-1,13304440,Wordlist,24,20,944,0,15251,0,0
13304375-1,13304375,Wordlist,110,60,240,0,15932,0,0
13304336-1,13304336,Wordlist,202,126,210,0,44888,0,0
13284157-1,13284157,Wordlist,1,1,1307,0,1423,0,0
13269803-1,13269803,Wordlist,34,33,200,0,4621,0,0
13269523-1,13269523,Wordlist,107,107,1016,0,121611,0,0
13269522-1,13269522,Wordlist,6,6,200,0,1214,0,0
13269501-1,13269501,Wordlist,110,60,240,0,15932,0,0
13269405-1,13269405,Wordlist,14,13,140,0,1960,0,0
13269392-1,13269392,Wordlist,12,4,315,0,910,0,0
13254739-1,13254739,Wordlist,1,1,1129,0,1129,0,0
13254735-1,13254735,Wordlist,51,42,100,0,5085,0,0
13254732-1,13254732,Wordlist,15,15,140,0,2789,0,0
13254728-1,13254728,Wordlist,11,11,341,0,3233,0,0
13254682-1,13254682,Wordlist,19,19,203,0,4302,0,0
13254649-1,13254649,Wordlist,15,9,246,0,2365,0,0
13254646-1,13254646,Wordlist,59,56,210,0,11363,0,0
13254613-1,13254613,Wordlist,67,60,433,0,29059,0,0
13254603-1,13254603,Wordlist,18,11,119,0,1804,0,0
13254582-1,13254582,Wordlist,65,64,100,0,6171,0,0
13254545-1,13254545,Wordlist,245,244,344,0,69963,0,0
13254493-1,13254493,Wordlist,69,65,366,0,26723,0,0
13254433-1,13254433,Wordlist,1,1,250,0,250,0,0
13254197-1,13254197,Wordlist,324,305,744,0,64607,0,0
13254095-1,13254095,Wordlist,48,48,717,0,16663,0,0
13253797-1,13253797,Wordlist,23,23,100,0,2258,0,0
13253766-1,13253766,Wordlist,21,21,150,0,3120,0,0
13253724-1,13253724,Wordlist,4,3,100,0,412,0,0
13253605-1,13253605,Wordlist,19,2,199,0,3980,0,0
13253594-1,13253594,Wordlist,1,1,234,0,238,0,0
13235510-1,13235510,Wordlist,40,39,884,0,27594,0,0
13235497-1,13235497,Wordlist,7,7,391,0,2076,0,0
13235478-1,13235478,Wordlist,13,13,355,0,2017,0,0
13235052-1,13235052,Wordlist,4,4,821,0,2299,0,0
13235043-1,13235043,Wordlist,8,8,200,0,1600,0,0
13234494-1,13234494,Wordlist,270,223,1310,0,364633,0,0
13234493-1,13234493,Wordlist,22,21,1310,0,23232,0,0
13221020-1,13221020,Wordlist,200,158,319,0,57593,0,0
13220897-1,13220897,Wordlist,21,3,110,0,2055,0,0
13220883-1,13220883,Wordlist,76,45,1001,0,50912,0,0
13220870-1,13220870,Wordlist,1,1,855,0,1179,0,0
13220621-1,13220621,Wordlist,10,8,1256,0,10085,0,0
13218906-1,13218906,Wordlist,31,31,210,0,7518,0,0
13170587-1,13170587,Wordlist,60,57,100,0,5894,0,0
13170025-1,13170025,Wordlist,40,38,102,0,4728,0,0
13169680-1,13169680,Wordlist,22,17,291,0,6321,0,0
13169526-1,13169526,Wordlist,41,38,301,0,11676,0,0
13169462-1,13169462,Wordlist,10,10,200,0,1986,0,0
13169429-1,13169429,Wordlist,4,4,550,0,2429,0,0
13169353-1,13169353,Wordlist,15,14,364,0,2870,0,0
13168443-1,13168443,Wordlist,109,85,100,0,10706,0,0
13168397-1,13168397,Wordlist,60,22,207,0,12420,0,0
13168287-1,13168287,Wordlist,10,10,110,0,1055,0,0
13168246-1,13168246,Wordlist,11,9,233,0,1055,0,0
13168188-1,13168188,StructureDataset,6,0,112,368,0,0,0
13168188-2,13168188,Wordlist,7,3,346,0,1966,0,0
13167349-1,13167349,Wordlist,11,9,233,0,1055,0,0
13167272-1,13167272,StructureDataset,6,0,112,368,0,0,0
13167272-2,13167272,Wordlist,7,3,346,0,1966,0,0
13167172-1,13167172,Wordlist,19,19,110,0,2172,0,0
13164684-1,13164684,Wordlist,7,7,173,0,1401,0,0
13164643-1,13164643,Wordlist,11,8,201,0,2166,0,0
13164573-1,13164573,Wordlist,33,20,116,0,3218,0,0
13164505-1,13164505,Wordlist,33,20,116,0,3218,0,0
13164427-1,13164427,Wordlist,3,2,408,0,1364,0,0
13163694-1,13163694,Wordlist,5,2,109,0,513,0,0
13163647-1,13163647,Wordlist,8,7,280,0,2171,0,0
13163515-1,13163515,Wordlist,13,13,398,0,4841,0,0
13163492-1,13163492,Wordlist,43,27,110,0,4853,0,0
13163463-1,13163463,Wordlist,127,107,1052,0,115642,0,0
13163448-1,13163448,Wordlist,100,100,349,0,34285,0,0
13163406-1,13163406,Wordlist,10,10,300,0,2998,0,0
13163376-1,13163376,Wordlist,21,18,254,0,6095,0,0
13163242-1,13163242,Wordlist,32,30,254,0,8360,0,0
13163225-1,13163225,Wordlist,10,9,110,0,1106,0,0
13163115-1,13163115,Wordlist,1,1,201,0,209,0,0
13163051-1,13163051,Wordlist,10,5,458,0,4429,0,0
13162996-1,13162996,Wordlist,24,20,200,0,4546,0,0
13162938-1,13162938,Wordlist,24,20,200,0,4546,0,0
13162889-1,13162889,Wordlist,50,48,250,0,12179,0,0
13162864-1,13162864,Wordlist,14,12,100,0,1340,0,0
13150156-1,13150156,Wordlist,20,20,210,0,4358,0,0
13150141-1,13150141,Wordlist,20,20,207,0,4393,0,0
13150089-1,13150089,Wordlist,111,96,323,0,36711,0,0
13150036-1,13150036,Wordlist,26,16,94,0,2390,0,0
13149878-1,13149878,Wordlist,32,19,146,0,4560,0,0
13149853-1,13149853,Wordlist,20,20,100,0,2127,0,0
13149823-1,13149823,Wordlist,16,3,100,0,1584,0,0
13149808-1,13149808,Wordlist,9,9,100,0,854,0,0
13149785-1,13149785,Wordlist,10,1,99,0,998,0,0
13149752-1,13149752,Wordlist,50,39,150,0,7518,0,0
13149729-1,13149729,Wordlist,25,25,110,0,2631,0,0
13149728-1,13149728,Wordlist,2,1,757,0,922,0,0
13149727-1,13149727,Wordlist,31,12,460,0,14271,0,0
13149660-1,13149660,Wordlist,10,10,125,0,1037,0,0
13149621-1,13149621,Wordlist,8,8,662,0,4720,0,0
13149588-1,13149588,Wordlist,21,19,501,0,10226,0,0
13149563-1,13149563,Wordlist,38,35,347,0,9541,0,0
13149500-1,13149500,Wordlist,25,22,883,0,22011,0,0
13149485-1,13149485,Wordlist,16,16,142,0,1542,0,0
13149391-1,13149391,Wordlist,69,65,128,0,9030,0,0
13149386-1,13149386,Wordlist,14,4,243,0,2354,0,0
13149373-1,13149373,Wordlist,8,8,102,0,711,0,0
13149318-1,13149318,Wordlist,20,4,510,0,10512,0,0
13149313-1,13149313,Wordlist,6,1,540,0,2891,0,0
13149296-1,13149296,Wordlist,16,3,592,0,9459,0,0
13149291-1,13149291,Wordlist,4,4,205,0,731,0,0
13149281-1,13149281,Wordlist,88,6,184,0,15826,0,0
13149200-1,13149200,Wordlist,8,8,662,0,4720,0,0
13149168-1,13149168,Wordlist,10,10,125,0,1037,0,0
13149151-1,13149151,StructureDataset,18,17,204,2146,0,0,0
13149151-2,13149151,Wordlist,18,18,905,0,18059,0,0
13149138-1,13149138,Wordlist,21,19,501,0,10226,0,0
13149120-1,13149120,Wordlist,38,35,347,0,9541,0,0
13149113-1,13149113,Wordlist,51,30,1233,0,11343,0,0
13149106-1,13149106,StructureDataset,9,9,132,649,0,0,0
13149106-2,13149106,Wordlist,9,9,499,0,4546,0,0
13149095-1,13149095,StructureDataset,417,409,290,11934,0,0,0
13149095-2,13149095,Wordlist,418,411,191,0,78515,0,0
13149071-1,13149071,Wordlist,30,16,306,0,8213,0,0
13149034-1,13149034,Wordlist,3,1,230,0,662,0,0
13143482-1,13143482,Wordlist,28,19,210,0,4760,0,0
13143298-1,13143298,Wordlist,4,3,200,0,809,0,0
13143140-1,13143140,Wordlist,13,13,997,0,11041,0,0
13143126-1,13143126,Wordlist,10,10,430,0,4256,0,0
13143103-1,13143103,Wordlist,190,172,344,0,44876,0,0
8207711-1,8207711,Wordlist,2,2,1486,0,2972,0,0
8207767-1,8207767,Wordlist,1,1,878,0,878,0,0
12672853-1,12672853,Wordlist,1,1,271,0,271,0,0
12543015-1,12543015,Generic,0,0,0,0,0,0,0
12304366-1,12304366,Wordlist,14,14,1337,0,6969,0,0
11203768-1,11203768,Wordlist,24,20,944,0,15251,0,0
11046588-1,11046588,Generic,0,0,0,0,0,0,0
11044861-1,11044861,StructureDataset,159,152,956,6660,0,0,0
11041625-1,11041625,Wordlist,1629,1542,4185,0,55127,0,0
11004150-1,11004150,Wordlist,1629,1542,4185,0,55127,0,0
10990565-1,10990565,Generic,33,33,335,0,0,0,94672
10988938-1,10988938,Wordlist,26,23,181,0,4265,0,0
10955934-1,10955934,Wordlist,1028,1028,1500,0,662159,0,0
10940165-1,10940165,Wordlist,21,19,501,0,10226,0,0
10940158-1,10940158,Wordlist,21,19,501,0,10226,0,0
10821732-1,10821732,Wordlist,214,57,426,0,39002,0,0
10907516-1,10907516,Wordlist,1,1,855,0,1179,0,0
10907379-1,10907379,Wordlist,1,1,1129,0,1129,0,0
10843349-1,10843349,Wordlist,38,33,382,0,12231,0,0
10794044-1,10794044,StructureDataset,3459,3353,10,65483,0,0,0
10694170-1,10694170,StructureDataset,51,51,31,3162,0,0,0
10678876-1,10678876,Wordlist,160,152,170,0,25731,0,0
10555859-1,10555859,TextCorpus,1,1,0,0,0,2388,9898
10555488-1,10555488,Generic,0,0,0,0,0,0,0
10522847-1,10522847,StructureDataset,1291,1209,94,121354,0,0,0
10495417-1,10495417,Wordlist,2757,1398,212,0,36751,0,0
10201382-1,10201382,StructureDataset,410,410,1,1007,0,0,0
10453887-1,10453887,StructureDataset,2398,1549,2369,587172,0,0,0
10450408-1,10450408,Wordlist,21,18,501,0,10226,0,0
10417784-1,10417784,Wordlist,127,107,1052,0,115642,0,0
10417719-1,10417719,Wordlist,324,305,744,0,64556,0,0
10404395-1,10404395,Wordlist,294,246,1310,0,392171,0,0
10404266-1,10404266,Wordlist,21,18,254,0,6095,0,0
10404244-1,10404244,Wordlist,41,38,301,0,11676,0,0
10404212-1,10404212,Wordlist,10,10,300,0,2998,0,0
10401967-1,10401967,Generic,33,33,335,0,0,0,94672
10392172-1,10392172,Wordlist,11,9,341,0,3233,0,0
10245745-1,10245745,Generic,19,19,0,0,0,0,35
10214016-1,10214016,Wordlist,20,18,470,0,7305,0,0
10212485-1,10212485,Wordlist,14,8,552,0,4819,0,0
10212481-1,10212481,Wordlist,33,28,44,0,856,0,0
10201125-1,10201125,StructureDataset,339,290,40,13957,0,0,0
10201104-1,10201104,StructureDataset,172,132,429,73788,0,0,0
10201087-1,10201087,StructureDataset,1988,0,2,3975,0,0,0
10201075-1,10201075,StructureDataset,186,186,1781,329449,0,0,0
10183957-1,10183957,StructureDataset,1987,0,5,9935,0,0,0
10182361-1,10182361,StructureDataset,1963,0,1,1963,0,0,0
10182356-1,10182356,StructureDataset,1982,0,3,5900,0,0,0
10182319-1,10182319,StructureDataset,1988,0,1,1988,0,0,0
10182308-1,10182308,StructureDataset,1988,0,1,1988,0,0,0
10180043-1,10180043,StructureDataset,1988,0,2,3976,0,0,0
10179301-1,10179301,StructureDataset,1988,0,10,19880,0,0,0
10177061-1,10177061,StructureDataset,1291,1209,94,121354,0,0,0
10171858-1,10171858,StructureDataset,339,290,40,13957,0,0,0
10149910-1,10149910,Generic,0,0,949,0,0,0,0
10149891-1,10149891,Generic,0,0,694,0,0,0,0
10149871-1,10149871,Generic,0,0,116,0,0,0,0
10149865-1,10149865,Generic,0,0,3965,0,0,0,0
10149839-1,10149839,Generic,0,0,2441,0,0,0,0
10149825-1,10149825,Generic,0,0,350,0,0,0,0
10149812-1,10149812,Generic,0,0,383,0,0,0,0
10149769-1,10149769,Generic,0,0,877,0,0,0,0
10149760-1,10149760,Generic,0,0,95,0,0,0,0
10149695-1,10149695,Generic,0,0,0,0,0,0,0
10149686-1,10149686,Generic,0,0,0,0,0,0,0
10149683-1,10149683,Generic,0,0,3859,0,0,0,0
10149678-1,10149678,Generic,0,0,391,0,0,0,0
10149668-1,10149668,Generic,0,0,34440,0,0,0,0
10149635-1,10149635,Generic,0,0,34440,0,0,0,0
10149621-1,10149621,Generic,0,0,1030,0,0,0,0
10149579-1,10149579,Generic,0,0,2832,0,0,0,0
10149561-1,10149561,Generic,0,0,2350,0,0,0,0
10149552-1,10149552,Generic,0,0,0,0,0,0,0
10149544-1,10149544,Generic,0,0,0,0,0,0,0
10149537-1,10149537,Generic,0,0,18438,0,0,0,0
10149518-1,10149518,Generic,0,0,6280,0,0,0,0
10149510-1,10149510,Generic,0,0,285,0,0,0,0
10149488-1,10149488,Generic,0,0,0,0,0,0,0
10149409-1,10149409,Generic,0,0,675,0,0,0,0
10113016-1,10113016,Generic,1132,1131,0,0,0,0,79522
10054441-1,10054441,Wordlist,21,18,501,0,10227,0,0
10033194-1,10033194,Wordlist,126,85,20,0,529,0,0
10033151-1,10033151,Wordlist,117,115,126,0,13798,0,0
10016900-1,10016900,Wordlist,1,1,966,0,1109,0,0
10016548-1,10016548,Wordlist,20,18,470,0,7305,0,0
10015142-1,10015142,Wordlist,20,18,470,0,7305,0,0
10006641-1,10006641,Generic,0,0,0,0,0,0,0
10006570-1,10006570,Generic,0,0,0,0,0,0,0
8437515-1,8437515,Wordlist,1,1,966,0,1109,0,0
8435096-1,8435096,Wordlist,1,1,966,0,1109,0,0
8435081-1,8435081,Wordlist,1,1,966,0,1109,0,0
8405204-1,8405204,Wordlist,200,158,319,0,57593,0,0
8365633-1,8365633,Wordlist,159,158,319,0,54073,0,0
8362164-1,8362164,Wordlist,159,158,319,0,54073,0,0
5136890-1,5136890,Wordlist,159,157,319,0,54073,0,0
8385277-1,8385277,Wordlist,2511,1297,180,0,33517,0,0
7097819-1,7097819,Wordlist,2430,1278,180,0,32595,0,0
7097796-1,7097796,Wordlist,2430,1278,180,0,32595,0,0
5997116-1,5997116,Wordlist,2383,1266,176,0,31910,0,0
5772284-1,5772284,Wordlist,2229,1187,169,0,30659,0,0
5596347-1,5596347,Wordlist,2215,1186,168,0,30345,0,0
8383011-1,8383011,Wordlist,22,17,291,0,6321,0,0
7866796-1,7866796,Wordlist,22,17,305,0,6335,0,0
8361936-1,8361936,Wordlist,363,323,168,0,60533,0,0
8362943-1,8362943,Wordlist,18,15,678,0,5935,0,0
7536378-1,7536378,Wordlist,18,15,677,0,5340,0,0
6523593-1,6523593,Wordlist,13,11,557,0,3002,0,0
6357450-1,6357450,Wordlist,8,8,556,0,2503,0,0
8334753-1,8334753,Wordlist,10,3,341,0,1228,0,0
8249942-1,8249942,Generic,0,0,18438,0,0,0,0
8250295-1,8250295,Generic,0,0,3965,0,0,0,0
8250116-1,8250116,Generic,0,0,95,0,0,0,0
8250286-1,8250286,Generic,0,0,2441,0,0,0,0
8250303-1,8250303,Generic,0,0,116,0,0,0,0
8249978-1,8249978,Generic,0,0,0,0,0,0,0
8250089-1,8250089,Generic,0,0,3859,0,0,0,0
8250307-1,8250307,Generic,0,0,694,0,0,0,0
8250098-1,8250098,Generic,0,0,0,0,0,0,0
8250077-1,8250077,Generic,0,0,391,0,0,0,0
8250106-1,8250106,Generic,0,0,0,0,0,0,0
8248653-1,8248653,Wordlist,1014,761,1166,0,146213,0,0
8250180-1,8250180,Generic,0,0,350,0,0,0,0
8250217-1,8250217,StructureDataset,52,52,31,3224,0,0,0
8250175-1,8250175,Generic,0,0,675,0,0,0,0
8250039-1,8250039,Generic,0,0,2832,0,0,0,0
8250015-1,8250015,Generic,0,0,2350,0,0,0,0
8250068-1,8250068,Generic,0,0,34440,0,0,0,0
8249989-1,8249989,Generic,0,0,0,0,0,0,0
8248389-1,8248389,Generic,0,0,0,0,0,0,0
8250324-1,8250324,Generic,0,0,949,0,0,0,0
8250053-1,8250053,Generic,0,0,1030,0,0,0,0
8249894-1,8249894,Generic,0,0,0,0,0,0,0
8250163-1,8250163,Generic,0,0,383,0,0,0,0
8248752-1,8248752,Generic,0,0,285,0,0,0,0
8249916-1,8249916,Generic,0,0,6280,0,0,0,0
8250130-1,8250130,Generic,0,0,877,0,0,0,0
8250219-1,8250219,Generic,0,0,0,0,0,0,0
8026861-1,8026861,StructureDataset,52,52,31,3224,0,0,0
5141620-1,5141620,Wordlist,1011,759,1176,0,145971,0,0
3537646-1,3537646,Wordlist,1011,758,1210,0,145761,0,0
3268577-1,3268577,Wordlist,1011,758,1210,0,145686,0,0
2634950-1,2634950,Wordlist,1011,758,1210,0,145686,0,0
8238983-1,8238983,Wordlist,24,19,944,0,15262,0,0
8038975-1,8038975,Wordlist,1,1,878,0,878,0,0
8034964-1,8034964,Wordlist,2,2,1486,0,2972,0,0
8177536-1,8177536,Wordlist,60,57,100,0,5894,0,0
8177854-1,8177854,Wordlist,40,38,102,0,4728,0,0
8169353-1,8169353,Wordlist,4,2,180,0,837,0,0
8171452-1,8171452,Wordlist,26,24,222,0,4213,0,0
8089434-1,8089434,Wordlist,161,153,170,0,25918,0,0
8171665-1,8171665,Wordlist,25,25,95,0,2288,0,0
8169123-1,8169123,Wordlist,424,333,100,0,37846,0,0
3755544-1,3755544,Wordlist,424,329,100,0,37846,0,0
3755519-1,3755519,Wordlist,424,329,100,0,37846,0,0
7741197-1,7741197,Wordlist,1063,799,86502,0,146733,0,0
7737610-1,7737610,Wordlist,1062,798,86494,0,146642,0,0
7737548-1,7737548,Wordlist,1062,798,86409,0,146545,0,0
8112337-1,8112337,StructureDataset,3459,3356,10,65442,0,0,0
8098797-1,8098797,StructureDataset,3459,3356,10,64826,0,0,0
7915644-1,7915644,StructureDataset,3446,3344,10,64628,0,0,0
7871167-1,7871167,StructureDataset,3446,3292,10,64628,0,0,0
7914774-1,7914774,Wordlist,55,51,210,0,13471,0,0
7973420-1,7973420,Wordlist,56,48,8144,0,14321,0,0
8058801-1,8058801,Wordlist,20,18,470,0,7306,0,0
8085892-1,8085892,Wordlist,28,19,210,0,4760,0,0
7976754-1,7976754,StructureDataset,1170,1135,1026,288740,0,0,0
6793367-1,6793367,StructureDataset,1170,1135,1013,286355,0,0,0
7893948-1,7893948,Wordlist,1,1,4211,0,4764,0,0
7893910-1,7893910,Wordlist,5,3,430,0,1755,0,0
7893944-1,7893944,Dictionary,1,1,0,0,0,10176,0
7893944-2,7893944,Wordlist,1,1,890,0,4084,0,0
6377318-1,6377318,Dictionary,1,1,0,0,0,10176,0
6377318-2,6377318,Wordlist,1,1,785,0,1047,0,0
6377199-1,6377199,Dictionary,1,1,0,0,0,10176,0
6377199-2,6377199,Wordlist,1,1,785,0,1047,0,0
6212556-1,6212556,Wordlist,1,1,3498,0,3519,0,0
6212427-1,6212427,Wordlist,1,1,3498,0,3519,0,0
7252643-1,7252643,Wordlist,5,5,431,0,1755,0,0
7836668-1,7836668,StructureDataset,1030,772,33,33990,0,0,0
7836668-2,7836668,StructureDataset,2905,2028,1617,107372,0,0,0
7836668-3,7836668,StructureDataset,2905,2028,34,98770,0,0,0
7836668-4,7836668,Wordlist,2029,2028,3033,0,709638,0,0
5227818-1,5227818,StructureDataset,1806,1097,33,59598,0,0,0
5227818-2,5227818,StructureDataset,3320,2205,1717,121423,0,0,0
5227818-3,5227818,StructureDataset,3320,2205,34,112880,0,0,0
7591335-1,7591335,Wordlist,8,8,1308,0,12100,0,0
7590184-1,7590184,Wordlist,8,8,1308,0,12100,0,0
7844558-1,7844558,StructureDataset,2467,2467,195,441663,0,0,0
7837118-1,7837118,StructureDataset,2467,2467,195,441663,0,0,0
7825065-1,7825065,StructureDataset,2467,2467,195,441663,0,0,0
7740140-1,7740140,StructureDataset,2467,2467,195,441663,0,0,0
7701635-1,7701635,Wordlist,319,269,1310,0,437902,0,0
5547908-1,5547908,Wordlist,329,279,1310,0,454145,0,0
5126899-1,5126899,Wordlist,329,279,1310,0,454145,0,0
4280608-1,4280608,Wordlist,329,279,1310,0,454145,0,0
3534904-1,3534904,Wordlist,329,275,1310,0,453975,0,0
3265822-1,3265822,Wordlist,329,275,1310,0,453975,0,0
2632694-1,2632694,Wordlist,329,275,1310,0,453975,0,0
1314431-1,1314431,Wordlist,329,275,1310,0,453975,0,0
1312741-1,1312741,Wordlist,296,242,1310,0,396925,0,0
1299513-1,1299513,Wordlist,296,242,1310,0,396925,0,0
7642971-1,7642971,Wordlist,110,60,240,0,15932,0,0
6660368-1,6660368,Wordlist,26,24,324,0,7118,0,0
6656484-1,6656484,Wordlist,26,24,324,0,7118,0,0
7318439-1,7318439,Wordlist,26,23,25,0,637,0,0
7491751-1,7491751,Wordlist,50,38,150,0,7520,0,0
5497510-1,5497510,Wordlist,50,37,150,0,7556,0,0
4534221-1,4534221,StructureDataset,59,57,80,4720,0,0,0
4534221-2,4534221,Wordlist,59,57,169,0,10222,0,0
7385533-1,7385533,StructureDataset,2660,2508,192,76475,0,0,3907
6806407-1,6806407,StructureDataset,2660,2508,192,76475,0,0,3907
4683137-1,4683137,StructureDataset,2660,2451,192,76475,0,0,3907
3731125-1,3731125,StructureDataset,2660,2451,192,76475,0,0,3907
3607439-1,3607439,StructureDataset,2676,2449,192,76465,0,0,3907
3607047-1,3607047,StructureDataset,2676,2415,192,76465,0,0,3907
3606403-1,3606403,StructureDataset,2676,2421,192,76492,0,0,0
3606198-1,3606198,StructureDataset,2561,2328,142,58065,0,0,0
7371912-1,7371912,Generic,1037,1035,0,0,0,0,69658
7322688-1,7322688,StructureDataset,3338,3338,1,3338,0,0,0
7312927-1,7312927,Wordlist,39,39,3564,0,126446,0,0
7232746-1,7232746,Wordlist,1229,1122,943,0,210903,0,0
6471794-1,6471794,Wordlist,1156,1051,939,0,184277,0,0
4020442-1,4020442,Wordlist,1154,1049,939,0,183756,0,0
7233267-1,7233267,StructureDataset,397,295,14,4791,0,0,0
7233035-1,7233035,Wordlist,18,18,265,0,4004,0,0
6673055-1,6673055,Wordlist,10,10,245,0,2898,0,0
7218387-1,7218387,Wordlist,36,35,395,0,6774,0,0
6474213-1,6474213,Wordlist,35,35,395,0,6683,0,0
7218495-1,7218495,Wordlist,568,519,238,0,71985,0,0
6562601-1,6562601,Wordlist,566,516,226,0,71800,0,0
7218606-1,7218606,Wordlist,556,547,843,0,123189,0,0
6562609-1,6562609,Wordlist,556,547,843,0,123189,0,0
7096350-1,7096350,Dictionary,1,1,0,0,0,2388,4949
7079637-1,7079637,Wordlist,10168,5575,100,0,482118,0,0
3843469-1,3843469,Wordlist,9788,5483,100,0,445359,0,0
3840975-1,3840975,Wordlist,9783,5483,100,0,445359,0,0
3835952-1,3835952,Wordlist,7652,5047,100,0,307389,0,0
3835942-1,3835942,Wordlist,7220,4646,100,0,294538,0,0
3835925-1,3835925,Wordlist,6894,4384,100,0,284633,0,0
3835901-1,3835901,Wordlist,5843,3917,100,0,249458,0,0
3835887-1,3835887,Wordlist,5393,3684,100,0,233948,0,0
3835872-1,3835872,Wordlist,4817,3354,100,0,207269,0,0
3835823-1,3835823,Wordlist,4335,3097,100,0,188451,0,0
6867616-1,6867616,Wordlist,46,46,121,0,5813,0,0
5173799-1,5173799,Wordlist,46,46,121,0,5813,0,0
4691102-1,4691102,Wordlist,46,46,121,0,5813,0,0
6538460-1,6538460,Wordlist,11,8,341,0,3233,0,0
6538466-1,6538466,Wordlist,9,0,819,0,4032,0,0
6538468-1,6538468,Wordlist,19,17,518,0,10782,0,0
6637640-1,6637640,Wordlist,19,19,203,0,4302,0,0
6634125-1,6634125,Wordlist,19,19,202,0,4302,0,0
6634045-1,6634045,Wordlist,19,19,202,0,4302,0,0
5131413-1,5131413,Wordlist,19,19,202,0,4302,0,0
6602060-1,6602060,Wordlist,76,45,1001,0,51842,0,0
5167277-1,5167277,Wordlist,76,45,1001,0,51842,0,0
5136924-1,5136924,Wordlist,76,45,1001,0,51842,0,0
6572576-1,6572576,Wordlist,89,68,447,0,25004,0,0
4629306-1,4629306,Wordlist,79,66,418,0,22034,0,0
4161623-1,4161623,Wordlist,76,65,408,0,20823,0,0
6563353-1,6563353,Generic,8,8,0,0,0,0,2961
5655343-1,5655343,Generic,7,7,0,0,0,0,1513
4721454-1,4721454,Generic,6,6,0,0,0,0,591
4633356-1,4633356,Generic,6,6,0,0,0,0,223
6538403-1,6538403,Wordlist,10,10,125,0,1037,0,0
6538395-1,6538395,Wordlist,8,8,662,0,4720,0,0
6538256-1,6538256,Wordlist,4,3,200,0,809,0,0
6538349-1,6538349,Wordlist,16,2,100,0,1584,0,0
5119306-1,5119306,Wordlist,10,10,125,0,1037,0,0
5115889-1,5115889,Wordlist,10,10,125,0,1037,0,0
5119330-1,5119330,Wordlist,8,8,662,0,4720,0,0
5115912-1,5115912,Wordlist,8,8,662,0,4720,0,0
3537604-1,3537604,Wordlist,8,8,662,0,4720,0,0
3267095-1,3267095,Wordlist,8,8,652,0,3958,0,0
2632545-1,2632545,Wordlist,8,8,652,0,3958,0,0
5121402-1,5121402,Wordlist,16,2,100,0,1584,0,0
5126757-1,5126757,Wordlist,4,3,200,0,809,0,0
6413686-1,6413686,Generic,278,277,0,0,0,0,29982
6392555-1,6392555,StructureDataset,35,35,360,11094,0,0,2895
5910343-1,5910343,StructureDataset,35,35,360,11093,0,0,2803
5340784-1,5340784,StructureDataset,33,32,360,5412,0,0,0
5236366-1,5236366,StructureDataset,33,32,360,10632,0,0,0
5720838-1,5720838,StructureDataset,60,60,231,13801,0,0,2885
6257774-1,6257774,StructureDataset,137,126,86,10160,0,0,0
5669236-1,5669236,StructureDataset,137,126,83,9793,0,0,0
5116087-1,5116087,Wordlist,538,61,590,0,50095,0,0
1317962-1,1317962,Wordlist,222,197,1281,0,302083,0,0
1317953-1,1317953,Wordlist,222,197,1281,0,302083,0,0
3564465-1,3564465,Wordlist,76,39,107,0,2124,0,0
6168755-1,6168755,Wordlist,7,7,391,0,2076,0,0
6172896-1,6172896,Wordlist,7,7,391,0,2076,0,0
5131419-1,5131419,Wordlist,7,7,391,0,2076,0,0
5951917-1,5951917,Wordlist,356,228,608,74,117801,0,0
3537977-1,3537977,Wordlist,357,229,608,74,117986,0,0
3537632-1,3537632,Wordlist,357,229,608,74,117986,0,0
3521027-1,3521027,Wordlist,322,207,608,74,105845,0,0
3518258-1,3518258,Wordlist,290,183,608,74,95409,0,0
3244244-1,3244244,Wordlist,179,137,608,74,68149,0,0
3148157-1,3148157,Wordlist,160,133,608,74,61626,0,0
2645504-1,2645504,Wordlist,135,109,608,74,56176,0,0
2578950-1,2578950,Wordlist,132,106,608,0,55837,0,0
2559447-1,2559447,Wordlist,132,106,608,0,55835,0,0
2559434-1,2559434,Wordlist,132,106,608,0,55835,0,0
2540954-1,2540954,Wordlist,127,70,608,0,53487,0,0
1445422-1,1445422,Wordlist,101,47,592,0,38883,0,0
1403153-1,1403153,Wordlist,101,47,592,0,38883,0,0
1287876-1,1287876,Wordlist,101,46,592,0,38883,0,0
1164783-1,1164783,Wordlist,101,43,597,0,38912,0,0
5899636-1,5899636,Wordlist,1,1,3386,0,3644,0,0
5806874-1,5806874,Wordlist,0,0,0,0,0,0,0
5806874-2,5806874,Wordlist,1,0,0,0,266,0,0
5806874-3,5806874,Wordlist,1,0,0,0,98,0,0
5806874-4,5806874,Wordlist,1,0,0,0,11,0,0
5806874-5,5806874,Wordlist,1,0,0,0,22,0,0
5806874-6,5806874,Wordlist,1,0,0,0,18,0,0
5806874-7,5806874,Wordlist,1,0,0,0,8,0,0
5806874-8,5806874,Wordlist,1,0,0,0,96,0,0
5806874-9,5806874,Wordlist,1,0,0,0,18,0,0
5806874-10,5806874,Wordlist,1,0,0,0,52,0,0
5806874-11,5806874,Wordlist,2,0,0,0,159,0,0
5806874-12,5806874,Wordlist,1,0,0,0,249,0,0
5806874-13,5806874,Wordlist,1,0,0,0,342,0,0
5806874-14,5806874,Wordlist,2,0,0,0,203,0,0
5806874-15,5806874,Wordlist,1,0,0,0,20,0,0
5806874-16,5806874,Wordlist,1,0,0,0,7,0,0
5806874-17,5806874,Wordlist,1,0,0,0,22,0,0
5806874-18,5806874,Wordlist,1,0,0,0,13,0,0
5806874-19,5806874,Wordlist,1,0,0,0,11,0,0
5806874-20,5806874,Wordlist,1,0,0,0,19,0,0
5806874-21,5806874,Wordlist,2,0,0,0,4704,0,0
5806874-22,5806874,Wordlist,1,0,0,0,12,0,0
5806874-23,5806874,Wordlist,2,0,0,0,1136,0,0
5806874-24,5806874,Wordlist,0,0,0,0,0,0,0
5806874-25,5806874,Wordlist,2,0,0,0,5234,0,0
5806874-26,5806874,Wordlist,1,0,0,0,10,0,0
5806874-27,5806874,Wordlist,1,0,0,0,195,0,0
5806874-28,5806874,Wordlist,1,0,0,0,21,0,0
5806874-29,5806874,Wordlist,1,0,0,0,19,0,0
5806874-30,5806874,Wordlist,1,0,0,0,432,0,0
5806874-31,5806874,Wordlist,1,0,0,0,11,0,0
5806874-32,5806874,Wordlist,2,0,0,0,499,0,0
5806874-33,5806874,Wordlist,1,0,0,0,21,0,0
5806874-34,5806874,Wordlist,1,0,0,0,182,0,0
5806874-35,5806874,Wordlist,2,0,0,0,63,0,0
5806874-36,5806874,Wordlist,1,0,0,0,11,0,0
5806874-37,5806874,Wordlist,2,0,0,0,133,0,0
5806874-38,5806874,Wordlist,1,0,0,0,9,0,0
5806874-39,5806874,Wordlist,1,0,0,0,346,0,0
5806874-40,5806874,Wordlist,1,0,0,0,40,0,0
5806874-41,5806874,Wordlist,2,0,0,0,76,0,0
5806874-42,5806874,Wordlist,1,0,0,0,70,0,0
5806874-43,5806874,Wordlist,2,0,0,0,6695,0,0
5806874-44,5806874,Wordlist,1,0,0,0,45,0,0
5806874-45,5806874,Wordlist,2,0,0,0,1936,0,0
5806874-46,5806874,Wordlist,1,0,0,0,199,0,0
5806874-47,5806874,Wordlist,1,0,0,0,19,0,0
5806874-48,5806874,Wordlist,1,0,0,0,31,0,0
5806874-49,5806874,Wordlist,1,0,0,0,12,0,0
5806874-50,5806874,Wordlist,2,0,0,0,37,0,0
5806874-51,5806874,Wordlist,1,0,0,0,103,0,0
5806874-52,5806874,Wordlist,1,0,0,0,36,0,0
5806874-53,5806874,Wordlist,1,0,0,0,23,0,0
5806874-54,5806874,Wordlist,1,0,0,0,7,0,0
5806874-55,5806874,Wordlist,1,0,0,0,55,0,0
5806874-56,5806874,Wordlist,1,0,0,0,7,0,0
5806874-57,5806874,Wordlist,1,0,0,0,30,0,0
5806874-58,5806874,Wordlist,2,0,0,0,52,0,0
5806874-59,5806874,Wordlist,2,0,0,0,579,0,0
5806874-60,5806874,Wordlist,2,0,0,0,632,0,0
5806874-61,5806874,Wordlist,1,0,0,0,10,0,0
5806874-62,5806874,Wordlist,1,0,0,0,7,0,0
5806874-63,5806874,Wordlist,1,0,0,0,13,0,0
5806874-64,5806874,Wordlist,1,0,0,0,9,0,0
5806874-65,5806874,Wordlist,1,0,0,0,17,0,0
5806874-66,5806874,Wordlist,2,0,0,0,29,0,0
5806874-67,5806874,Wordlist,1,0,0,0,8,0,0
5806874-68,5806874,Wordlist,1,0,0,0,451,0,0
5806874-69,5806874,Wordlist,1,0,0,0,11,0,0
5806874-70,5806874,Wordlist,2,0,0,0,13,0,0
5806874-71,5806874,Wordlist,1,0,0,0,12,0,0
5806874-72,5806874,Wordlist,2,0,0,0,262,0,0
5806874-73,5806874,Wordlist,1,0,0,0,16,0,0
5806874-74,5806874,Wordlist,1,0,0,0,10,0,0
5806874-75,5806874,Wordlist,1,0,0,0,23,0,0
5806874-76,5806874,Wordlist,1,0,0,0,13,0,0
5806874-77,5806874,Wordlist,0,0,0,0,0,0,0
5806874-78,5806874,Wordlist,1,0,0,0,36,0,0
5806874-79,5806874,Wordlist,2,0,0,0,42061,0,0
5806874-80,5806874,Wordlist,2,0,0,0,856,0,0
5806874-81,5806874,Wordlist,2,0,0,0,1821,0,0
5806874-82,5806874,Wordlist,1,0,0,0,177,0,0
5806874-83,5806874,Wordlist,1,0,0,0,19,0,0
5806874-84,5806874,Wordlist,1,0,0,0,24,0,0
5806874-85,5806874,Wordlist,1,0,0,0,17,0,0
5806874-86,5806874,Wordlist,1,0,0,0,12,0,0
5806874-87,5806874,Wordlist,1,0,0,0,50,0,0
5806874-88,5806874,Wordlist,1,0,0,0,34,0,0
5806874-89,5806874,Wordlist,2,0,0,0,15388,0,0
5806874-90,5806874,Wordlist,1,0,0,0,3475,0,0
5806874-91,5806874,Wordlist,1,0,0,0,20,0,0
5806874-92,5806874,Wordlist,2,0,0,0,14,0,0
5806874-93,5806874,Wordlist,1,0,0,0,132,0,0
5806874-94,5806874,Wordlist,1,0,0,0,107,0,0
5806874-95,5806874,Wordlist,2,0,0,0,3383,0,0
5806874-96,5806874,Wordlist,1,0,0,0,23,0,0
5806874-97,5806874,Wordlist,1,0,0,0,18,0,0
5806874-98,5806874,Wordlist,1,0,0,0,23,0,0
5806874-99,5806874,Wordlist,2,0,0,0,4800,0,0
5806874-100,5806874,Wordlist,2,0,0,0,18,0,0
5806874-101,5806874,Wordlist,1,0,0,0,8,0,0
5806874-102,5806874,Wordlist,2,0,0,0,467,0,0
5806874-103,5806874,Wordlist,2,0,0,0,42,0,0
5806874-104,5806874,Wordlist,1,0,0,0,194,0,0
5806874-105,5806874,Wordlist,2,0,0,0,251,0,0
5806874-106,5806874,Wordlist,1,0,0,0,11,0,0
5806874-107,5806874,Wordlist,1,0,0,0,86,0,0
5806874-108,5806874,Wordlist,2,0,0,0,76,0,0
5806874-109,5806874,Wordlist,1,0,0,0,17,0,0
5806874-110,5806874,Wordlist,2,0,0,0,7212,0,0
5806874-111,5806874,Wordlist,1,0,0,0,35,0,0
5806874-112,5806874,Wordlist,1,0,0,0,8,0,0
5806874-113,5806874,Wordlist,1,0,0,0,9,0,0
5806874-114,5806874,Wordlist,1,0,0,0,7,0,0
5806874-115,5806874,Wordlist,1,0,0,0,194,0,0
5806874-116,5806874,Wordlist,2,0,0,0,41,0,0
5806874-117,5806874,Wordlist,2,0,0,0,21,0,0
5806874-118,5806874,Wordlist,1,0,0,0,374,0,0
5806874-119,5806874,Wordlist,2,0,0,0,19,0,0
5806874-120,5806874,Wordlist,1,0,0,0,12,0,0
5806874-121,5806874,Wordlist,2,0,0,0,15,0,0
5806874-122,5806874,Wordlist,2,0,0,0,367,0,0
5806874-123,5806874,Wordlist,1,0,0,0,330,0,0
5806874-124,5806874,Wordlist,1,0,0,0,77,0,0
5806874-125,5806874,Wordlist,1,0,0,0,62,0,0
5806874-126,5806874,Wordlist,1,0,0,0,10,0,0
5806874-127,5806874,Wordlist,1,0,0,0,10,0,0
5806874-128,5806874,Wordlist,1,0,0,0,21,0,0
5806874-129,5806874,Wordlist,1,0,0,0,54,0,0
5806874-130,5806874,Wordlist,1,0,0,0,10,0,0
5806874-131,5806874,Wordlist,2,0,0,0,2341,0,0
5806874-132,5806874,Wordlist,2,0,0,0,2613,0,0
5806874-133,5806874,Wordlist,1,0,0,0,81,0,0
5806874-134,5806874,Wordlist,1,0,0,0,84,0,0
5806874-135,5806874,Wordlist,1,0,0,0,79,0,0
5806874-136,5806874,Wordlist,1,0,0,0,19,0,0
5806874-137,5806874,Wordlist,2,0,0,0,324,0,0
5806874-138,5806874,Wordlist,1,0,0,0,24,0,0
5806874-139,5806874,Wordlist,1,0,0,0,7,0,0
5806874-140,5806874,Wordlist,2,0,0,0,3072,0,0
5806874-141,5806874,Wordlist,1,0,0,0,67,0,0
5806874-142,5806874,Wordlist,1,0,0,0,47,0,0
5806874-143,5806874,Wordlist,1,0,0,0,12,0,0
5806874-144,5806874,Wordlist,2,0,0,0,2794,0,0
5806874-145,5806874,Wordlist,1,0,0,0,12,0,0
5806874-146,5806874,Wordlist,2,0,0,0,16,0,0
5806874-147,5806874,Wordlist,1,0,0,0,29,0,0
5806874-148,5806874,Wordlist,1,0,0,0,27,0,0
5806874-149,5806874,Wordlist,2,0,0,0,243,0,0
5806874-150,5806874,Wordlist,1,0,0,0,193,0,0
5806874-151,5806874,Wordlist,2,0,0,0,1984,0,0
5806874-152,5806874,Wordlist,1,0,0,0,8,0,0
5806874-153,5806874,Wordlist,1,0,0,0,11,0,0
5806874-154,5806874,Wordlist,1,0,0,0,49,0,0
5806874-155,5806874,Wordlist,1,0,0,0,47,0,0
5806874-156,5806874,Wordlist,2,0,0,0,266,0,0
5806874-157,5806874,Wordlist,1,0,0,0,9,0,0
5806874-158,5806874,Wordlist,1,0,0,0,33,0,0
5806874-159,5806874,Wordlist,1,0,0,0,56,0,0
5806874-160,5806874,Wordlist,1,0,0,0,64,0,0
5806874-161,5806874,Wordlist,1,0,0,0,15,0,0
5806874-162,5806874,Wordlist,0,0,0,0,0,0,0
5806874-163,5806874,Wordlist,1,0,0,0,47,0,0
5806874-164,5806874,Wordlist,1,0,0,0,58,0,0
5806874-165,5806874,Wordlist,2,0,0,0,466,0,0
5806874-166,5806874,Wordlist,1,0,0,0,146,0,0
5806874-167,5806874,Wordlist,1,0,0,0,21,0,0
5806874-168,5806874,Wordlist,1,0,0,0,107,0,0
5806874-169,5806874,Wordlist,2,0,0,0,1296,0,0
5806874-170,5806874,Wordlist,1,0,0,0,7,0,0
5806874-171,5806874,Wordlist,1,0,0,0,166,0,0
5806874-172,5806874,Wordlist,2,0,0,0,22,0,0
5806874-173,5806874,Wordlist,2,0,0,0,387,0,0
5806874-174,5806874,Wordlist,1,0,0,0,7,0,0
5806874-175,5806874,Wordlist,1,0,0,0,25,0,0
5806874-176,5806874,Wordlist,1,0,0,0,60,0,0
5806874-177,5806874,Wordlist,1,0,0,0,22,0,0
5806874-178,5806874,Wordlist,1,0,0,0,35,0,0
5806874-179,5806874,Wordlist,2,0,0,0,8177,0,0
5806874-180,5806874,Wordlist,1,0,0,0,12,0,0
5806874-181,5806874,Wordlist,1,0,0,0,36,0,0
5806874-182,5806874,Wordlist,1,0,0,0,40,0,0
5806874-183,5806874,Wordlist,2,0,0,0,5643,0,0
5806874-184,5806874,Wordlist,1,0,0,0,75,0,0
5806874-185,5806874,Wordlist,2,0,0,0,128,0,0
5806874-186,5806874,Wordlist,1,0,0,0,20,0,0
5806874-187,5806874,Wordlist,1,0,0,0,424,0,0
5806874-188,5806874,Wordlist,2,0,0,0,68,0,0
5806874-189,5806874,Wordlist,1,0,0,0,17,0,0
5806874-190,5806874,Wordlist,1,0,0,0,3149,0,0
5806874-191,5806874,Wordlist,1,0,0,0,25,0,0
5806874-192,5806874,Wordlist,2,0,0,0,37,0,0
5806874-193,5806874,Wordlist,1,0,0,0,12,0,0
5806874-194,5806874,Wordlist,1,0,0,0,9,0,0
5806874-195,5806874,Wordlist,1,0,0,0,50,0,0
5806874-196,5806874,Wordlist,1,0,0,0,15,0,0
5806874-197,5806874,Wordlist,1,0,0,0,16,0,0
5806874-198,5806874,Wordlist,2,0,0,0,18,0,0
5806874-199,5806874,Wordlist,1,0,0,0,176,0,0
5806874-200,5806874,Wordlist,1,0,0,0,17,0,0
5806874-201,5806874,Wordlist,2,0,0,0,23451,0,0
5806874-202,5806874,Wordlist,1,0,0,0,17,0,0
5806874-203,5806874,Wordlist,1,0,0,0,8,0,0
5806874-204,5806874,Wordlist,2,0,0,0,14197,0,0
5806874-205,5806874,Wordlist,2,0,0,0,611,0,0
5806874-206,5806874,Wordlist,1,0,0,0,13,0,0
5806874-207,5806874,Wordlist,1,0,0,0,29,0,0
5806874-208,5806874,Wordlist,1,0,0,0,7,0,0
5806874-209,5806874,Wordlist,2,0,0,0,648,0,0
5806874-210,5806874,Wordlist,1,0,0,0,541,0,0
5806874-211,5806874,Wordlist,2,0,0,0,345,0,0
5806874-212,5806874,Wordlist,2,0,0,0,9,0,0
5806874-213,5806874,Wordlist,1,0,0,0,39,0,0
5806874-214,5806874,Wordlist,2,0,0,0,67,0,0
5806874-215,5806874,Wordlist,1,0,0,0,866,0,0
5806874-216,5806874,Wordlist,1,0,0,0,151,0,0
5806874-217,5806874,Wordlist,1,0,0,0,9,0,0
5806874-218,5806874,Wordlist,1,0,0,0,115,0,0
5806874-219,5806874,Wordlist,1,0,0,0,14,0,0
5806874-220,5806874,Wordlist,1,0,0,0,22,0,0
5806874-221,5806874,Wordlist,1,0,0,0,85,0,0
5806874-222,5806874,Wordlist,1,0,0,0,62,0,0
5806874-223,5806874,Wordlist,1,0,0,0,381,0,0
5806874-224,5806874,Wordlist,1,0,0,0,146,0,0
5806874-225,5806874,Wordlist,1,0,0,0,57,0,0
5806874-226,5806874,Wordlist,1,0,0,0,7,0,0
5806874-227,5806874,Wordlist,2,0,0,0,197,0,0
5806874-228,5806874,Wordlist,1,0,0,0,53,0,0
5806874-229,5806874,Wordlist,1,0,0,0,398,0,0
5806874-230,5806874,Wordlist,2,0,0,0,1350,0,0
5806874-231,5806874,Wordlist,1,0,0,0,90,0,0
5806874-232,5806874,Wordlist,1,0,0,0,102,0,0
5806874-233,5806874,Wordlist,1,0,0,0,26,0,0
5806874-234,5806874,Wordlist,2,0,0,0,776,0,0
5806874-235,5806874,Wordlist,1,0,0,0,90,0,0
5806874-236,5806874,Wordlist,2,0,0,0,563,0,0
5806874-237,5806874,Wordlist,2,0,0,0,216327,0,0
5806874-238,5806874,Wordlist,2,0,0,0,62,0,0
5806874-239,5806874,Wordlist,2,0,0,0,108,0,0
5806874-240,5806874,Wordlist,1,0,0,0,13,0,0
5806874-241,5806874,Wordlist,1,0,0,0,29,0,0
5806874-242,5806874,Wordlist,1,0,0,0,46,0,0
5806874-243,5806874,Wordlist,1,0,0,0,10,0,0
5806874-244,5806874,Wordlist,1,0,0,0,8,0,0
5806874-245,5806874,Wordlist,2,0,0,0,406,0,0
5806874-246,5806874,Wordlist,1,0,0,0,19,0,0
5806874-247,5806874,Wordlist,1,0,0,0,83,0,0
5806874-248,5806874,Wordlist,1,0,0,0,54,0,0
5806874-249,5806874,Wordlist,2,0,0,0,907,0,0
5806874-250,5806874,Wordlist,1,0,0,0,595,0,0
5806874-251,5806874,Wordlist,1,0,0,0,76,0,0
5806874-252,5806874,Wordlist,2,0,0,0,2557,0,0
5806874-253,5806874,Wordlist,2,0,0,0,2710,0,0
5806874-254,5806874,Wordlist,2,0,0,0,4333,0,0
5806874-255,5806874,Wordlist,1,0,0,0,20,0,0
5806874-256,5806874,Wordlist,1,0,0,0,9,0,0
5806874-257,5806874,Wordlist,1,0,0,0,18,0,0
5806874-258,5806874,Wordlist,1,0,0,0,16,0,0
5806874-259,5806874,Wordlist,1,0,0,0,39,0,0
5806874-260,5806874,Wordlist,1,0,0,0,66,0,0
5806874-261,5806874,Wordlist,1,0,0,0,14,0,0
5806874-262,5806874,Wordlist,1,0,0,0,20,0,0
5806874-263,5806874,Wordlist,1,0,0,0,39,0,0
5806874-264,5806874,Wordlist,2,0,0,0,1651,0,0
5806874-265,5806874,Wordlist,1,0,0,0,55,0,0
5806874-266,5806874,Wordlist,2,0,0,0,1217,0,0
5806874-267,5806874,Wordlist,2,0,0,0,684,0,0
5806874-268,5806874,Wordlist,1,0,0,0,13,0,0
5806874-269,5806874,Wordlist,2,0,0,0,59,0,0
5806874-270,5806874,Wordlist,1,0,0,0,19,0,0
5806874-271,5806874,Wordlist,2,0,0,0,97,0,0
5806874-272,5806874,Wordlist,2,0,0,0,2158,0,0
5806874-273,5806874,Wordlist,2,0,0,0,88,0,0
5806874-274,5806874,Wordlist,1,0,0,0,13,0,0
5806874-275,5806874,Wordlist,1,0,0,0,22,0,0
5806874-276,5806874,Wordlist,1,0,0,0,20,0,0
5806874-277,5806874,Wordlist,1,0,0,0,77,0,0
5806874-278,5806874,Wordlist,2,0,0,0,28450,0,0
5806874-279,5806874,Wordlist,1,0,0,0,40,0,0
5806874-280,5806874,Wordlist,1,0,0,0,6,0,0
5806874-281,5806874,Wordlist,1,0,0,0,389,0,0
5806874-282,5806874,Wordlist,2,0,0,0,1040,0,0
5806874-283,5806874,Wordlist,1,0,0,0,34,0,0
5806874-284,5806874,Wordlist,2,0,0,0,19645,0,0
5806874-285,5806874,Wordlist,1,0,0,0,36,0,0
5806874-286,5806874,Wordlist,1,0,0,0,89,0,0
5806874-287,5806874,Wordlist,1,0,0,0,31,0,0
5806874-288,5806874,Wordlist,1,0,0,0,51,0,0
5806874-289,5806874,Wordlist,1,0,0,0,26,0,0
5806874-290,5806874,Wordlist,1,0,0,0,8,0,0
5806874-291,5806874,Wordlist,1,0,0,0,39,0,0
5806874-292,5806874,Wordlist,2,0,0,0,262,0,0
5806874-293,5806874,Wordlist,1,0,0,0,11,0,0
5806874-294,5806874,Wordlist,1,0,0,0,16,0,0
5806874-295,5806874,Wordlist,1,0,0,0,202,0,0
5806874-296,5806874,Wordlist,2,0,0,0,9,0,0
5806874-297,5806874,Wordlist,1,0,0,0,11,0,0
5806874-298,5806874,Wordlist,1,0,0,0,43,0,0
5806874-299,5806874,Wordlist,1,0,0,0,19,0,0
5806874-300,5806874,Wordlist,1,0,0,0,40,0,0
5806874-301,5806874,Wordlist,1,0,0,0,32,0,0
5806874-302,5806874,Wordlist,1,0,0,0,298,0,0
5806874-303,5806874,Wordlist,1,0,0,0,31,0,0
5806874-304,5806874,Wordlist,1,0,0,0,148,0,0
5806874-305,5806874,Wordlist,1,0,0,0,71,0,0
5806874-306,5806874,Wordlist,2,0,0,0,79,0,0
5806874-307,5806874,Wordlist,1,0,0,0,17,0,0
5806874-308,5806874,Wordlist,1,0,0,0,32,0,0
5806874-309,5806874,Wordlist,1,0,0,0,354,0,0
5806874-310,5806874,Wordlist,1,0,0,0,618,0,0
5806874-311,5806874,Wordlist,1,0,0,0,10,0,0
5806874-312,5806874,Wordlist,2,0,0,0,49647,0,0
5806874-313,5806874,Wordlist,2,0,0,0,133,0,0
5806874-314,5806874,Wordlist,1,0,0,0,40,0,0
5806874-315,5806874,Wordlist,2,0,0,0,321,0,0
5806874-316,5806874,Wordlist,2,0,0,0,116,0,0
5806874-317,5806874,Wordlist,1,0,0,0,69,0,0
5806874-318,5806874,Wordlist,1,0,0,0,11,0,0
5806874-319,5806874,Wordlist,2,0,0,0,14,0,0
5806874-320,5806874,Wordlist,1,0,0,0,10,0,0
5806874-321,5806874,Wordlist,2,0,0,0,212,0,0
5806874-322,5806874,Wordlist,1,0,0,0,17,0,0
5806874-323,5806874,Wordlist,1,0,0,0,11,0,0
5806874-324,5806874,Wordlist,1,0,0,0,537,0,0
5806874-325,5806874,Wordlist,1,0,0,0,313,0,0
5806874-326,5806874,Wordlist,1,0,0,0,12,0,0
5806874-327,5806874,Wordlist,1,0,0,0,170,0,0
5806874-328,5806874,Wordlist,1,0,0,0,26,0,0
5806874-329,5806874,Wordlist,1,0,0,0,9,0,0
5806874-330,5806874,Wordlist,1,0,0,0,10,0,0
5806874-331,5806874,Wordlist,2,0,0,0,3718,0,0
5806874-332,5806874,Wordlist,2,0,0,0,492,0,0
5806874-333,5806874,Wordlist,2,0,0,0,278,0,0
5806874-334,5806874,Wordlist,2,0,0,0,622,0,0
5806874-335,5806874,Wordlist,2,0,0,0,567,0,0
5806874-336,5806874,Wordlist,1,0,0,0,215,0,0
5806874-337,5806874,Wordlist,1,0,0,0,40,0,0
5806874-338,5806874,Wordlist,1,0,0,0,7,0,0
5806874-339,5806874,Wordlist,2,0,0,0,16230,0,0
5806874-340,5806874,Wordlist,2,0,0,0,6568,0,0
5806874-341,5806874,Wordlist,1,0,0,0,17,0,0
5806874-342,5806874,Wordlist,1,0,0,0,32,0,0
5806874-343,5806874,Wordlist,1,0,0,0,34,0,0
5806874-344,5806874,Wordlist,1,0,0,0,221,0,0
5806874-345,5806874,Wordlist,1,0,0,0,523,0,0
5806874-346,5806874,Wordlist,1,0,0,0,148,0,0
5806874-347,5806874,Wordlist,1,0,0,0,7,0,0
5806874-348,5806874,Wordlist,1,0,0,0,57,0,0
5806874-349,5806874,Wordlist,2,0,0,0,71,0,0
5806874-350,5806874,Wordlist,2,0,0,0,159,0,0
5806874-351,5806874,Wordlist,2,0,0,0,149,0,0
5806874-352,5806874,Wordlist,2,0,0,0,6877,0,0
5806874-353,5806874,Wordlist,2,0,0,0,210,0,0
5806874-354,5806874,Wordlist,2,0,0,0,304,0,0
5806874-355,5806874,Wordlist,2,0,0,0,136794,0,0
5806874-356,5806874,Wordlist,1,0,0,0,7,0,0
5806874-357,5806874,Wordlist,1,0,0,0,12,0,0
5806874-358,5806874,Wordlist,1,0,0,0,10,0,0
5806874-359,5806874,Wordlist,1,0,0,0,10,0,0
5806874-360,5806874,Wordlist,1,0,0,0,49,0,0
5806874-361,5806874,Wordlist,2,0,0,0,360,0,0
5806874-362,5806874,Wordlist,2,0,0,0,72426,0,0
5806874-363,5806874,Wordlist,1,0,0,0,9,0,0
5806874-364,5806874,Wordlist,2,0,0,0,1901,0,0
5806874-365,5806874,Wordlist,2,0,0,0,393,0,0
5806874-366,5806874,Wordlist,1,0,0,0,12,0,0
5806874-367,5806874,Wordlist,1,0,0,0,10,0,0
5806874-368,5806874,Wordlist,1,0,0,0,7,0,0
5806874-369,5806874,Wordlist,1,0,0,0,11,0,0
5806874-370,5806874,Wordlist,1,0,0,0,17,0,0
5806874-371,5806874,Wordlist,1,0,0,0,16,0,0
5806874-372,5806874,Wordlist,1,0,0,0,120,0,0
5806874-373,5806874,Wordlist,1,0,0,0,21,0,0
5806874-374,5806874,Wordlist,2,0,0,0,15419,0,0
5806874-375,5806874,Wordlist,1,0,0,0,173,0,0
5806874-376,5806874,Wordlist,1,0,0,0,11,0,0
5806874-377,5806874,Wordlist,2,0,0,0,71,0,0
5806874-378,5806874,Wordlist,2,0,0,0,555,0,0
5806874-379,5806874,Wordlist,2,0,0,0,118,0,0
5806874-380,5806874,Wordlist,2,0,0,0,34,0,0
5806874-381,5806874,Wordlist,1,0,0,0,48,0,0
5806874-382,5806874,Wordlist,1,0,0,0,89,0,0
5806874-383,5806874,Wordlist,1,0,0,0,1065,0,0
5806874-384,5806874,Wordlist,2,0,0,0,58,0,0
5806874-385,5806874,Wordlist,1,0,0,0,256,0,0
5806874-386,5806874,Wordlist,2,0,0,0,13451,0,0
5806874-387,5806874,Wordlist,2,0,0,0,68501,0,0
5806874-388,5806874,Wordlist,2,0,0,0,948,0,0
5806874-389,5806874,Wordlist,1,0,0,0,18,0,0
5806874-390,5806874,Wordlist,1,0,0,0,12,0,0
5806874-391,5806874,Wordlist,2,0,0,0,35,0,0
5806874-392,5806874,Wordlist,0,0,0,0,0,0,0
5806874-393,5806874,Wordlist,1,0,0,0,30,0,0
5806874-394,5806874,Wordlist,1,0,0,0,35,0,0
5806874-395,5806874,Wordlist,1,0,0,0,18,0,0
5806874-396,5806874,Wordlist,1,0,0,0,92,0,0
5806874-397,5806874,Wordlist,1,0,0,0,62,0,0
5806874-398,5806874,Wordlist,1,0,0,0,32,0,0
5806874-399,5806874,Wordlist,2,0,0,0,3263,0,0
5806874-400,5806874,Wordlist,2,0,0,0,22,0,0
5806874-401,5806874,Wordlist,1,0,0,0,18,0,0
5806874-402,5806874,Wordlist,2,0,0,0,23155,0,0
5806874-403,5806874,Wordlist,2,0,0,0,1931,0,0
5806874-404,5806874,Wordlist,1,0,0,0,23,0,0
5806874-405,5806874,Wordlist,1,0,0,0,7,0,0
5806874-406,5806874,Wordlist,1,0,0,0,248,0,0
5806874-407,5806874,Wordlist,1,0,0,0,32,0,0
5806874-408,5806874,Wordlist,1,0,0,0,79,0,0
5806874-409,5806874,Wordlist,1,0,0,0,324,0,0
5806874-410,5806874,Wordlist,2,0,0,0,2849,0,0
5806874-411,5806874,Wordlist,2,0,0,0,668,0,0
5806874-412,5806874,Wordlist,2,0,0,0,45,0,0
5806874-413,5806874,Wordlist,1,0,0,0,45,0,0
5806874-414,5806874,Wordlist,2,0,0,0,54,0,0
5806874-415,5806874,Wordlist,2,0,0,0,117,0,0
5806874-416,5806874,Wordlist,1,0,0,0,54,0,0
5806874-417,5806874,Wordlist,1,0,0,0,284,0,0
5806874-418,5806874,Wordlist,1,0,0,0,25,0,0
5806874-419,5806874,Wordlist,2,0,0,0,1138,0,0
5806874-420,5806874,Wordlist,1,0,0,0,91,0,0
5806874-421,5806874,Wordlist,1,0,0,0,43,0,0
5806874-422,5806874,Wordlist,1,0,0,0,10,0,0
5806874-423,5806874,Wordlist,1,0,0,0,12,0,0
5806874-424,5806874,Wordlist,2,0,0,0,1543,0,0
5806874-425,5806874,Wordlist,2,0,0,0,2353,0,0
5806874-426,5806874,Wordlist,2,0,0,0,35,0,0
5806874-427,5806874,Wordlist,2,0,0,0,10216,0,0
5806874-428,5806874,Wordlist,1,0,0,0,7,0,0
5806874-429,5806874,Wordlist,1,0,0,0,158,0,0
5806874-430,5806874,Wordlist,1,0,0,0,58,0,0
5806874-431,5806874,Wordlist,1,0,0,0,14,0,0
5806874-432,5806874,Wordlist,2,0,0,0,1150,0,0
5806874-433,5806874,Wordlist,1,0,0,0,1586,0,0
5806874-434,5806874,Wordlist,2,0,0,0,14275,0,0
5806874-435,5806874,Wordlist,1,0,0,0,12,0,0
5806874-436,5806874,Wordlist,1,0,0,0,41,0,0
5806874-437,5806874,Wordlist,2,0,0,0,215,0,0
5806874-438,5806874,Wordlist,1,0,0,0,79,0,0
5806874-439,5806874,Wordlist,2,0,0,0,202,0,0
5806874-440,5806874,Wordlist,1,0,0,0,12,0,0
5806874-441,5806874,Wordlist,1,0,0,0,7,0,0
5806874-442,5806874,Wordlist,1,0,0,0,12,0,0
5806874-443,5806874,Wordlist,1,0,0,0,57,0,0
5806874-444,5806874,Wordlist,1,0,0,0,17,0,0
5806874-445,5806874,Wordlist,1,0,0,0,71,0,0
5806874-446,5806874,Wordlist,2,0,0,0,30680,0,0
5806874-447,5806874,Wordlist,2,0,0,0,1456,0,0
5806874-448,5806874,Wordlist,1,0,0,0,20,0,0
5806874-449,5806874,Wordlist,1,0,0,0,7,0,0
5806874-450,5806874,Wordlist,2,0,0,0,10,0,0
5806874-451,5806874,Wordlist,1,0,0,0,10,0,0
5806874-452,5806874,Wordlist,1,0,0,0,67,0,0
5806874-453,5806874,Wordlist,1,0,0,0,51,0,0
5806874-454,5806874,Wordlist,1,0,0,0,29,0,0
5806874-455,5806874,Wordlist,1,0,0,0,66,0,0
5806874-456,5806874,Wordlist,2,0,0,0,16167,0,0
5806874-457,5806874,Wordlist,1,0,0,0,31,0,0
5806874-458,5806874,Wordlist,2,0,0,0,8,0,0
5806874-459,5806874,Wordlist,2,0,0,0,7583,0,0
5806874-460,5806874,Wordlist,2,0,0,0,200,0,0
5806874-461,5806874,Wordlist,2,0,0,0,764,0,0
5806874-462,5806874,Wordlist,2,0,0,0,530,0,0
5806874-463,5806874,Wordlist,1,0,0,0,31,0,0
5806874-464,5806874,Wordlist,2,0,0,0,11437,0,0
5806874-465,5806874,Wordlist,2,0,0,0,1544,0,0
5806874-466,5806874,Wordlist,1,0,0,0,152,0,0
5806874-467,5806874,Wordlist,1,0,0,0,17,0,0
5806874-468,5806874,Wordlist,2,0,0,0,2146,0,0
5806874-469,5806874,Wordlist,0,0,0,0,0,0,0
5806874-470,5806874,Wordlist,2,0,0,0,376,0,0
5806874-471,5806874,Wordlist,2,0,0,0,627,0,0
5806874-472,5806874,Wordlist,1,0,0,0,18,0,0
5806874-473,5806874,Wordlist,2,0,0,0,57,0,0
5806874-474,5806874,Wordlist,2,0,0,0,19971,0,0
5806874-475,5806874,Wordlist,1,0,0,0,62,0,0
5806874-476,5806874,Wordlist,1,0,0,0,7,0,0
5806874-477,5806874,Wordlist,1,0,0,0,48,0,0
5806874-478,5806874,Wordlist,1,0,0,0,65,0,0
5806874-479,5806874,Wordlist,2,0,0,0,433,0,0
5806874-480,5806874,Wordlist,1,0,0,0,72,0,0
5806874-481,5806874,Wordlist,2,0,0,0,12,0,0
5806874-482,5806874,Wordlist,2,0,0,0,122014,0,0
5806874-483,5806874,Wordlist,1,0,0,0,150,0,0
5806874-484,5806874,Wordlist,1,0,0,0,18,0,0
5806874-485,5806874,Wordlist,1,0,0,0,174,0,0
5806874-486,5806874,Wordlist,1,0,0,0,10,0,0
5806874-487,5806874,Wordlist,1,0,0,0,294,0,0
5806874-488,5806874,Wordlist,1,0,0,0,49,0,0
5806874-489,5806874,Wordlist,1,0,0,0,16,0,0
5806874-490,5806874,Wordlist,1,0,0,0,20,0,0
5806874-491,5806874,Wordlist,1,0,0,0,49,0,0
5806874-492,5806874,Wordlist,2,0,0,0,345,0,0
5806874-493,5806874,Wordlist,1,0,0,0,96,0,0
5806874-494,5806874,Wordlist,2,0,0,0,37,0,0
5806874-495,5806874,Wordlist,2,0,0,0,101665,0,0
5806874-496,5806874,Wordlist,1,0,0,0,9,0,0
5806874-497,5806874,Wordlist,1,0,0,0,64,0,0
5806874-498,5806874,Wordlist,2,0,0,0,39,0,0
5806874-499,5806874,Wordlist,2,0,0,0,1512,0,0
5806874-500,5806874,Wordlist,2,0,0,0,996,0,0
5806874-501,5806874,Wordlist,2,0,0,0,15,0,0
5806874-502,5806874,Wordlist,2,0,0,0,28,0,0
5806874-503,5806874,Wordlist,1,0,0,0,7,0,0
5806874-504,5806874,Wordlist,1,0,0,0,134,0,0
5806874-505,5806874,Wordlist,0,0,0,0,0,0,0
5806874-506,5806874,Wordlist,1,0,0,0,9,0,0
5806874-507,5806874,Wordlist,2,0,0,0,45,0,0
5806874-508,5806874,Wordlist,1,0,0,0,17,0,0
5806874-509,5806874,Wordlist,1,0,0,0,23,0,0
5806874-510,5806874,Wordlist,1,0,0,0,12,0,0
5806874-511,5806874,Wordlist,1,0,0,0,14,0,0
5806874-512,5806874,Wordlist,1,0,0,0,197,0,0
5806874-513,5806874,Wordlist,1,0,0,0,828,0,0
5806874-514,5806874,Wordlist,2,0,0,0,1026,0,0
5806874-515,5806874,Wordlist,1,0,0,0,195,0,0
5806874-516,5806874,Wordlist,1,0,0,0,160,0,0
5806874-517,5806874,Wordlist,1,0,0,0,49,0,0
5806874-518,5806874,Wordlist,1,0,0,0,32,0,0
5806874-519,5806874,Wordlist,1,0,0,0,38,0,0
5806874-520,5806874,Wordlist,2,0,0,0,449,0,0
5806874-521,5806874,Wordlist,1,0,0,0,119,0,0
5806874-522,5806874,Wordlist,2,0,0,0,92,0,0
5806874-523,5806874,Wordlist,1,0,0,0,54,0,0
5806874-524,5806874,Wordlist,1,0,0,0,7,0,0
5806874-525,5806874,Wordlist,2,0,0,0,113,0,0
5806874-526,5806874,Wordlist,1,0,0,0,162,0,0
5806874-527,5806874,Wordlist,2,0,0,0,23,0,0
5806874-528,5806874,Wordlist,1,0,0,0,23,0,0
5806874-529,5806874,Wordlist,1,0,0,0,207,0,0
5806874-530,5806874,Wordlist,1,0,0,0,91,0,0
5806874-531,5806874,Wordlist,2,0,0,0,1242,0,0
5806874-532,5806874,Wordlist,1,0,0,0,18,0,0
5806874-533,5806874,Wordlist,2,0,0,0,431,0,0
5806874-534,5806874,Wordlist,1,0,0,0,11,0,0
5806874-535,5806874,Wordlist,1,0,0,0,116,0,0
5806874-536,5806874,Wordlist,2,0,0,0,128,0,0
5806874-537,5806874,Wordlist,1,0,0,0,14,0,0
5806874-538,5806874,Wordlist,1,0,0,0,15,0,0
5806874-539,5806874,Wordlist,1,0,0,0,54,0,0
5806874-540,5806874,Wordlist,1,0,0,0,105,0,0
5806874-541,5806874,Wordlist,1,0,0,0,9,0,0
5806874-542,5806874,Wordlist,1,0,0,0,841,0,0
5806874-543,5806874,Wordlist,2,0,0,0,724,0,0
5806874-544,5806874,Wordlist,1,0,0,0,10,0,0
5806874-545,5806874,Wordlist,1,0,0,0,8,0,0
5806874-546,5806874,Wordlist,1,0,0,0,29,0,0
5806874-547,5806874,Wordlist,2,0,0,0,816,0,0
5806874-548,5806874,Wordlist,2,0,0,0,643,0,0
5806874-549,5806874,Wordlist,1,0,0,0,125,0,0
5806874-550,5806874,Wordlist,2,0,0,0,794,0,0
5806874-551,5806874,Wordlist,1,0,0,0,51,0,0
5806874-552,5806874,Wordlist,1,0,0,0,21,0,0
5806874-553,5806874,Wordlist,2,0,0,0,7782,0,0
5806874-554,5806874,Wordlist,1,0,0,0,27,0,0
5806874-555,5806874,Wordlist,1,0,0,0,7,0,0
5806874-556,5806874,Wordlist,1,0,0,0,39,0,0
5806874-557,5806874,Wordlist,1,0,0,0,9,0,0
5806874-558,5806874,Wordlist,1,0,0,0,20,0,0
5806874-559,5806874,Wordlist,1,0,0,0,9,0,0
5806874-560,5806874,Wordlist,1,0,0,0,60,0,0
5806874-561,5806874,Wordlist,1,0,0,0,317,0,0
5806874-562,5806874,Wordlist,1,0,0,0,108,0,0
5806874-563,5806874,Wordlist,1,0,0,0,53,0,0
5806874-564,5806874,Wordlist,1,0,0,0,16,0,0
5806874-565,5806874,Wordlist,1,0,0,0,9,0,0
5806874-566,5806874,Wordlist,1,0,0,0,114,0,0
5806874-567,5806874,Wordlist,2,0,0,0,5869,0,0
5806874-568,5806874,Wordlist,1,0,0,0,39,0,0
5806874-569,5806874,Wordlist,1,0,0,0,89,0,0
5806874-570,5806874,Wordlist,1,0,0,0,151,0,0
5806874-571,5806874,Wordlist,1,0,0,0,9,0,0
5806874-572,5806874,Wordlist,2,0,0,0,146,0,0
5806874-573,5806874,Wordlist,1,0,0,0,379,0,0
5806874-574,5806874,Wordlist,1,0,0,0,33,0,0
5806874-575,5806874,Wordlist,1,0,0,0,11,0,0
5806874-576,5806874,Wordlist,1,0,0,0,5,0,0
5806874-577,5806874,Wordlist,1,0,0,0,11,0,0
5806874-578,5806874,Wordlist,1,0,0,0,23,0,0
5806874-579,5806874,Wordlist,2,0,0,0,1319,0,0
5806874-580,5806874,Wordlist,1,0,0,0,234,0,0
5806874-581,5806874,Wordlist,1,0,0,0,23,0,0
5806874-582,5806874,Wordlist,1,0,0,0,6,0,0
5806874-583,5806874,Wordlist,1,0,0,0,23,0,0
5806874-584,5806874,Wordlist,1,0,0,0,7,0,0
5806874-585,5806874,Wordlist,1,0,0,0,29,0,0
5806874-586,5806874,Wordlist,1,0,0,0,14,0,0
5806874-587,5806874,Wordlist,1,0,0,0,101,0,0
5806874-588,5806874,Wordlist,2,0,0,0,23,0,0
5806874-589,5806874,Wordlist,0,0,0,0,0,0,0
5806874-590,5806874,Wordlist,1,0,0,0,10,0,0
5806874-591,5806874,Wordlist,1,0,0,0,104,0,0
5806874-592,5806874,Wordlist,1,0,0,0,22,0,0
5806874-593,5806874,Wordlist,1,0,0,0,20,0,0
5806874-594,5806874,Wordlist,1,0,0,0,78,0,0
5806874-595,5806874,Wordlist,1,0,0,0,13,0,0
5806874-596,5806874,Wordlist,1,0,0,0,94,0,0
5806874-597,5806874,Wordlist,1,0,0,0,47,0,0
5806874-598,5806874,Wordlist,2,0,0,0,279,0,0
5806874-599,5806874,Wordlist,2,0,0,0,576,0,0
5806874-600,5806874,Wordlist,1,0,0,0,35,0,0
5806874-601,5806874,Wordlist,2,0,0,0,382,0,0
5806874-602,5806874,Wordlist,2,0,0,0,43094,0,0
5806874-603,5806874,Wordlist,1,0,0,0,62,0,0
5806874-604,5806874,Wordlist,2,0,0,0,14,0,0
5806874-605,5806874,Wordlist,0,0,0,0,0,0,0
5806874-606,5806874,Wordlist,1,0,0,0,110,0,0
5806874-607,5806874,Wordlist,2,0,0,0,55,0,0
5806874-608,5806874,Wordlist,2,0,0,0,173,0,0
5806874-609,5806874,Wordlist,1,0,0,0,25,0,0
5806874-610,5806874,Wordlist,1,0,0,0,30,0,0
5806874-611,5806874,Wordlist,1,0,0,0,7,0,0
5806874-612,5806874,Wordlist,1,0,0,0,9,0,0
5806874-613,5806874,Wordlist,2,0,0,0,13,0,0
5806874-614,5806874,Wordlist,1,0,0,0,30,0,0
5806874-615,5806874,Wordlist,1,0,0,0,1164,0,0
5806874-616,5806874,Wordlist,1,0,0,0,10,0,0
5806874-617,5806874,Wordlist,1,0,0,0,137,0,0
5806874-618,5806874,Wordlist,1,0,0,0,9,0,0
5806874-619,5806874,Wordlist,1,0,0,0,57,0,0
5806874-620,5806874,Wordlist,1,0,0,0,10,0,0
5806874-621,5806874,Wordlist,1,0,0,0,9,0,0
5806874-622,5806874,Wordlist,1,0,0,0,44,0,0
5806874-623,5806874,Wordlist,1,0,0,0,18,0,0
5806874-624,5806874,Wordlist,1,0,0,0,10,0,0
5806874-625,5806874,Wordlist,2,0,0,0,832,0,0
5806874-626,5806874,Wordlist,1,0,0,0,255,0,0
5806874-627,5806874,Wordlist,1,0,0,0,39,0,0
5806874-628,5806874,Wordlist,1,0,0,0,62,0,0
5806874-629,5806874,Wordlist,2,0,0,0,1440,0,0
5806874-630,5806874,Wordlist,2,0,0,0,1548,0,0
5806874-631,5806874,Wordlist,1,0,0,0,9,0,0
5806874-632,5806874,Wordlist,2,0,0,0,19,0,0
5806874-633,5806874,Wordlist,1,0,0,0,14,0,0
5806874-634,5806874,Wordlist,1,0,0,0,35,0,0
5806874-635,5806874,Wordlist,1,0,0,0,356,0,0
5806874-636,5806874,Wordlist,1,0,0,0,73,0,0
5806874-637,5806874,Wordlist,1,0,0,0,11,0,0
5806874-638,5806874,Wordlist,2,0,0,0,1719,0,0
5806874-639,5806874,Wordlist,0,0,0,0,0,0,0
5806874-640,5806874,Wordlist,2,0,0,0,389,0,0
5806874-641,5806874,Wordlist,2,0,0,0,355,0,0
5806874-642,5806874,Wordlist,2,0,0,0,39282,0,0
5806874-643,5806874,Wordlist,2,0,0,0,12830,0,0
5806874-644,5806874,Wordlist,1,0,0,0,13,0,0
5806874-645,5806874,Wordlist,1,0,0,0,9,0,0
5806874-646,5806874,Wordlist,1,0,0,0,620,0,0
5806874-647,5806874,Wordlist,1,0,0,0,24,0,0
5806874-648,5806874,Wordlist,1,0,0,0,7,0,0
5806874-649,5806874,Wordlist,1,0,0,0,268,0,0
5806874-650,5806874,Wordlist,1,0,0,0,31,0,0
5806874-651,5806874,Wordlist,1,0,0,0,20,0,0
5806874-652,5806874,Wordlist,1,0,0,0,78,0,0
5806874-653,5806874,Wordlist,1,0,0,0,160,0,0
5806874-654,5806874,Wordlist,2,0,0,0,1114,0,0
5806874-655,5806874,Wordlist,1,0,0,0,83,0,0
5806874-656,5806874,Wordlist,1,0,0,0,119,0,0
5806874-657,5806874,Wordlist,2,0,0,0,506,0,0
5806874-658,5806874,Wordlist,1,0,0,0,442,0,0
5806874-659,5806874,Wordlist,1,0,0,0,544,0,0
5806874-660,5806874,Wordlist,2,0,0,0,385,0,0
5806874-661,5806874,Wordlist,1,0,0,0,8,0,0
5806874-662,5806874,Wordlist,0,0,0,0,0,0,0
5806874-663,5806874,Wordlist,1,0,0,0,77,0,0
5806874-664,5806874,Wordlist,1,0,0,0,4,0,0
5806874-665,5806874,Wordlist,2,0,0,0,3494,0,0
5806874-666,5806874,Wordlist,2,0,0,0,723,0,0
5806874-667,5806874,Wordlist,1,0,0,0,300,0,0
5806874-668,5806874,Wordlist,0,0,0,0,0,0,0
5806874-669,5806874,Wordlist,1,0,0,0,113,0,0
5806874-670,5806874,Wordlist,2,0,0,0,454,0,0
5806874-671,5806874,Wordlist,1,0,0,0,34,0,0
5806874-672,5806874,Wordlist,1,0,0,0,12,0,0
5806874-673,5806874,Wordlist,1,0,0,0,408,0,0
5806874-674,5806874,Wordlist,1,0,0,0,9,0,0
5806874-675,5806874,Wordlist,2,0,0,0,819,0,0
5806874-676,5806874,Wordlist,1,0,0,0,19,0,0
5806874-677,5806874,Wordlist,2,0,0,0,1552,0,0
5806874-678,5806874,Wordlist,1,0,0,0,14,0,0
5806874-679,5806874,Wordlist,1,0,0,0,36,0,0
5806874-680,5806874,Wordlist,1,0,0,0,245,0,0
5806874-681,5806874,Wordlist,1,0,0,0,401,0,0
5806874-682,5806874,Wordlist,2,0,0,0,40,0,0
5806874-683,5806874,Wordlist,1,0,0,0,35,0,0
5806874-684,5806874,Wordlist,1,0,0,0,802,0,0
5806874-685,5806874,Wordlist,1,0,0,0,18,0,0
5806874-686,5806874,Wordlist,2,0,0,0,75,0,0
5806874-687,5806874,Wordlist,2,0,0,0,691,0,0
5806874-688,5806874,Wordlist,1,0,0,0,7,0,0
5806874-689,5806874,Wordlist,1,0,0,0,56,0,0
5806874-690,5806874,Wordlist,2,0,0,0,6151,0,0
5806874-691,5806874,Wordlist,2,0,0,0,37,0,0
5806874-692,5806874,Wordlist,1,0,0,0,41,0,0
5806874-693,5806874,Wordlist,0,0,0,0,0,0,0
5806874-694,5806874,Wordlist,2,0,0,0,362,0,0
5806874-695,5806874,Wordlist,1,0,0,0,13,0,0
5806874-696,5806874,Wordlist,1,0,0,0,17,0,0
5806874-697,5806874,Wordlist,2,0,0,0,22903,0,0
5806874-698,5806874,Wordlist,1,0,0,0,40,0,0
5806874-699,5806874,Wordlist,1,0,0,0,73,0,0
5806874-700,5806874,Wordlist,1,0,0,0,125,0,0
5806874-701,5806874,Wordlist,1,0,0,0,198,0,0
5806874-702,5806874,Wordlist,2,0,0,0,103,0,0
5806874-703,5806874,Wordlist,1,0,0,0,87,0,0
5806874-704,5806874,Wordlist,2,0,0,0,703,0,0
5806874-705,5806874,Wordlist,2,0,0,0,3238,0,0
5806874-706,5806874,Wordlist,2,0,0,0,5601,0,0
5806874-707,5806874,Wordlist,2,0,0,0,1299,0,0
5806874-708,5806874,Wordlist,2,0,0,0,229,0,0
5806874-709,5806874,Wordlist,1,0,0,0,8,0,0
5806874-710,5806874,Wordlist,2,0,0,0,4194,0,0
5806874-711,5806874,Wordlist,2,0,0,0,55,0,0
5806874-712,5806874,Wordlist,1,0,0,0,9,0,0
5806874-713,5806874,Wordlist,2,0,0,0,1505,0,0
5806874-714,5806874,Wordlist,1,0,0,0,62,0,0
5806874-715,5806874,Wordlist,0,0,0,0,0,0,0
5806874-716,5806874,Wordlist,1,0,0,0,10,0,0
5806874-717,5806874,Wordlist,1,0,0,0,4370,0,0
5806874-718,5806874,Wordlist,1,0,0,0,71,0,0
5806874-719,5806874,Wordlist,1,0,0,0,119,0,0
5806874-720,5806874,Wordlist,1,0,0,0,17,0,0
5806874-721,5806874,Wordlist,1,0,0,0,23,0,0
5806874-722,5806874,Wordlist,1,0,0,0,208,0,0
5806874-723,5806874,Wordlist,1,0,0,0,189,0,0
5806874-724,5806874,Wordlist,2,0,0,0,5656,0,0
5806874-725,5806874,Wordlist,1,0,0,0,54,0,0
5806874-726,5806874,Wordlist,2,0,0,0,1298,0,0
5806874-727,5806874,Wordlist,1,0,0,0,752,0,0
5806874-728,5806874,Wordlist,1,0,0,0,26,0,0
5806874-729,5806874,Wordlist,1,0,0,0,386,0,0
5806874-730,5806874,Wordlist,1,0,0,0,563,0,0
5806874-731,5806874,Wordlist,2,0,0,0,1864,0,0
5806874-732,5806874,Wordlist,1,0,0,0,59,0,0
5806874-733,5806874,Wordlist,2,0,0,0,1461,0,0
5806874-734,5806874,Wordlist,2,0,0,0,112,0,0
5806874-735,5806874,Wordlist,1,0,0,0,41,0,0
5806874-736,5806874,Wordlist,2,0,0,0,306,0,0
5806874-737,5806874,Wordlist,1,0,0,0,14,0,0
5806874-738,5806874,Wordlist,1,0,0,0,146,0,0
5806874-739,5806874,Wordlist,1,0,0,0,58,0,0
5806874-740,5806874,Wordlist,1,0,0,0,36,0,0
5806874-741,5806874,Wordlist,1,0,0,0,7,0,0
5806874-742,5806874,Wordlist,2,0,0,0,972,0,0
5806874-743,5806874,Wordlist,1,0,0,0,8,0,0
5806874-744,5806874,Wordlist,1,0,0,0,11,0,0
5806874-745,5806874,Wordlist,1,0,0,0,134,0,0
5806874-746,5806874,Wordlist,2,0,0,0,165,0,0
5806874-747,5806874,Wordlist,1,0,0,0,248,0,0
5806874-748,5806874,Wordlist,1,0,0,0,49,0,0
5806874-749,5806874,Wordlist,1,0,0,0,13,0,0
5806874-750,5806874,Wordlist,1,0,0,0,152,0,0
5806874-751,5806874,Wordlist,1,0,0,0,46,0,0
5806874-752,5806874,Wordlist,1,0,0,0,46,0,0
5806874-753,5806874,Wordlist,1,0,0,0,9,0,0
5806874-754,5806874,Wordlist,2,0,0,0,46,0,0
5806874-755,5806874,Wordlist,1,0,0,0,144,0,0
5806874-756,5806874,Wordlist,1,0,0,0,29,0,0
5806874-757,5806874,Wordlist,1,0,0,0,146,0,0
5806874-758,5806874,Wordlist,1,0,0,0,13,0,0
5806874-759,5806874,Wordlist,2,0,0,0,30,0,0
5806874-760,5806874,Wordlist,1,0,0,0,13,0,0
5806874-761,5806874,Wordlist,1,0,0,0,32,0,0
5806874-762,5806874,Wordlist,1,0,0,0,381,0,0
5806874-763,5806874,Wordlist,1,0,0,0,7,0,0
5806874-764,5806874,Wordlist,1,0,0,0,30,0,0
5806874-765,5806874,Wordlist,2,0,0,0,1965,0,0
5806874-766,5806874,Wordlist,2,0,0,0,38821,0,0
5806874-767,5806874,Wordlist,2,0,0,0,3536,0,0
5806874-768,5806874,Wordlist,2,0,0,0,168,0,0
5806874-769,5806874,Wordlist,2,0,0,0,516,0,0
5806874-770,5806874,Wordlist,1,0,0,0,7,0,0
5806874-771,5806874,Wordlist,2,0,0,0,595,0,0
5806874-772,5806874,Wordlist,2,0,0,0,238,0,0
5806874-773,5806874,Wordlist,1,0,0,0,8,0,0
5806874-774,5806874,Wordlist,2,0,0,0,25,0,0
5806874-775,5806874,Wordlist,2,0,0,0,249,0,0
5806874-776,5806874,Wordlist,1,0,0,0,45,0,0
5806874-777,5806874,Wordlist,2,0,0,0,160,0,0
5806874-778,5806874,Wordlist,2,0,0,0,1801,0,0
5806874-779,5806874,Wordlist,1,0,0,0,12,0,0
5806874-780,5806874,Wordlist,1,0,0,0,58,0,0
5806874-781,5806874,Wordlist,2,0,0,0,285,0,0
5806874-782,5806874,Wordlist,1,0,0,0,46,0,0
5806874-783,5806874,Wordlist,1,0,0,0,377,0,0
5806874-784,5806874,Wordlist,1,0,0,0,22,0,0
5806874-785,5806874,Wordlist,1,0,0,0,31,0,0
5806874-786,5806874,Wordlist,1,0,0,0,198,0,0
5806874-787,5806874,Wordlist,1,0,0,0,61,0,0
5806874-788,5806874,Wordlist,1,0,0,0,23,0,0
5806874-789,5806874,Wordlist,2,0,0,0,18,0,0
5806874-790,5806874,Wordlist,1,0,0,0,66,0,0
5806874-791,5806874,Wordlist,2,0,0,0,89,0,0
5806874-792,5806874,Wordlist,1,0,0,0,12,0,0
5806874-793,5806874,Wordlist,1,0,0,0,465,0,0
5806874-794,5806874,Wordlist,2,0,0,0,617,0,0
5806874-795,5806874,Wordlist,1,0,0,0,17,0,0
5806874-796,5806874,Wordlist,2,0,0,0,3032,0,0
5806874-797,5806874,Wordlist,1,0,0,0,48,0,0
5806874-798,5806874,Wordlist,1,0,0,0,112,0,0
5806874-799,5806874,Wordlist,1,0,0,0,60,0,0
5806874-800,5806874,Wordlist,1,0,0,0,65,0,0
5806874-801,5806874,Wordlist,1,0,0,0,22,0,0
5806874-802,5806874,Wordlist,1,0,0,0,76,0,0
5806874-803,5806874,Wordlist,2,0,0,0,1657,0,0
5806874-804,5806874,Wordlist,1,0,0,0,10,0,0
5806874-805,5806874,Wordlist,2,0,0,0,59,0,0
5806874-806,5806874,Wordlist,1,0,0,0,55,0,0
5806874-807,5806874,Wordlist,1,0,0,0,7,0,0
5806874-808,5806874,Wordlist,1,0,0,0,17,0,0
5806874-809,5806874,Wordlist,0,0,0,0,0,0,0
5806874-810,5806874,Wordlist,1,0,0,0,9,0,0
5806874-811,5806874,Wordlist,1,0,0,0,95,0,0
5806874-812,5806874,Wordlist,1,0,0,0,38,0,0
5806874-813,5806874,Wordlist,1,0,0,0,11,0,0
5806874-814,5806874,Wordlist,1,0,0,0,255,0,0
5806874-815,5806874,Wordlist,1,0,0,0,112,0,0
5806874-816,5806874,Wordlist,2,0,0,0,254,0,0
5806874-817,5806874,Wordlist,2,0,0,0,464,0,0
5806874-818,5806874,Wordlist,0,0,0,0,0,0,0
5806874-819,5806874,Wordlist,2,0,0,0,9,0,0
5806874-820,5806874,Wordlist,1,0,0,0,13,0,0
5806874-821,5806874,Wordlist,1,0,0,0,22,0,0
5806874-822,5806874,Wordlist,1,0,0,0,376,0,0
5806874-823,5806874,Wordlist,1,0,0,0,216,0,0
5806874-824,5806874,Wordlist,1,0,0,0,22,0,0
5806874-825,5806874,Wordlist,2,0,0,0,124,0,0
5806874-826,5806874,Wordlist,2,0,0,0,3269,0,0
5806874-827,5806874,Wordlist,2,0,0,0,776,0,0
5806874-828,5806874,Wordlist,1,0,0,0,55,0,0
5806874-829,5806874,Wordlist,0,0,0,0,0,0,0
5806874-830,5806874,Wordlist,2,0,0,0,1753,0,0
5806874-831,5806874,Wordlist,1,0,0,0,361,0,0
5806874-832,5806874,Wordlist,2,0,0,0,17,0,0
5806874-833,5806874,Wordlist,1,0,0,0,16,0,0
5806874-834,5806874,Wordlist,1,0,0,0,31,0,0
5806874-835,5806874,Wordlist,1,0,0,0,67,0,0
5806874-836,5806874,Wordlist,1,0,0,0,179,0,0
5806874-837,5806874,Wordlist,1,0,0,0,34,0,0
5806874-838,5806874,Wordlist,2,0,0,0,40,0,0
5806874-839,5806874,Wordlist,1,0,0,0,39,0,0
5806874-840,5806874,Wordlist,2,0,0,0,129,0,0
5806874-841,5806874,Wordlist,1,0,0,0,62,0,0
5806874-842,5806874,Wordlist,1,0,0,0,8,0,0
5806874-843,5806874,Wordlist,1,0,0,0,76,0,0
5806874-844,5806874,Wordlist,1,0,0,0,33,0,0
5806874-845,5806874,Wordlist,1,0,0,0,190,0,0
5806874-846,5806874,Wordlist,1,0,0,0,36,0,0
5806874-847,5806874,Wordlist,1,0,0,0,58,0,0
5806874-848,5806874,Wordlist,1,0,0,0,155,0,0
5806874-849,5806874,Wordlist,1,0,0,0,11,0,0
5806874-850,5806874,Wordlist,2,0,0,0,6677,0,0
5806874-851,5806874,Wordlist,2,0,0,0,122,0,0
5806874-852,5806874,Wordlist,2,0,0,0,600,0,0
5806874-853,5806874,Wordlist,2,0,0,0,201,0,0
5806874-854,5806874,Wordlist,1,0,0,0,7,0,0
5806874-855,5806874,Wordlist,1,0,0,0,29,0,0
5806874-856,5806874,Wordlist,1,0,0,0,17,0,0
5806874-857,5806874,Wordlist,1,0,0,0,90,0,0
5806874-858,5806874,Wordlist,2,0,0,0,79,0,0
5806874-859,5806874,Wordlist,2,0,0,0,2295,0,0
5806874-860,5806874,Wordlist,2,0,0,0,580,0,0
5806874-861,5806874,Wordlist,1,0,0,0,6,0,0
5806874-862,5806874,Wordlist,1,0,0,0,128,0,0
5806874-863,5806874,Wordlist,1,0,0,0,84,0,0
5806874-864,5806874,Wordlist,1,0,0,0,102,0,0
5806874-865,5806874,Wordlist,2,0,0,0,4025,0,0
5806874-866,5806874,Wordlist,2,0,0,0,285,0,0
5806874-867,5806874,Wordlist,1,0,0,0,17,0,0
5806874-868,5806874,Wordlist,1,0,0,0,56,0,0
5806874-869,5806874,Wordlist,1,0,0,0,134,0,0
5806874-870,5806874,Wordlist,1,0,0,0,7,0,0
5806874-871,5806874,Wordlist,1,0,0,0,47,0,0
5806874-872,5806874,Wordlist,2,0,0,0,1618,0,0
5806874-873,5806874,Wordlist,2,0,0,0,24594,0,0
5806874-874,5806874,Wordlist,2,0,0,0,28777,0,0
5806874-875,5806874,Wordlist,1,0,0,0,12,0,0
5806874-876,5806874,Wordlist,1,0,0,0,14,0,0
5806874-877,5806874,Wordlist,1,0,0,0,138,0,0
5806874-878,5806874,Wordlist,1,0,0,0,11,0,0
5806874-879,5806874,Wordlist,1,0,0,0,37,0,0
5806874-880,5806874,Wordlist,1,0,0,0,61,0,0
5806874-881,5806874,Wordlist,2,0,0,0,240,0,0
5806874-882,5806874,Wordlist,1,0,0,0,129,0,0
5806874-883,5806874,Wordlist,1,0,0,0,7,0,0
5806874-884,5806874,Wordlist,2,0,0,0,4189,0,0
5806874-885,5806874,Wordlist,1,0,0,0,920,0,0
5806874-886,5806874,Wordlist,1,0,0,0,86,0,0
5806874-887,5806874,Wordlist,1,0,0,0,28,0,0
5806874-888,5806874,Wordlist,2,0,0,0,729,0,0
5806874-889,5806874,Wordlist,1,0,0,0,28,0,0
5806874-890,5806874,Wordlist,2,0,0,0,7080,0,0
5806874-891,5806874,Wordlist,2,0,0,0,3180,0,0
5806874-892,5806874,Wordlist,2,0,0,0,305,0,0
5806874-893,5806874,Wordlist,1,0,0,0,116,0,0
5806874-894,5806874,Wordlist,2,0,0,0,698,0,0
5806874-895,5806874,Wordlist,1,0,0,0,194,0,0
5806874-896,5806874,Wordlist,2,0,0,0,9650,0,0
5806874-897,5806874,Wordlist,2,0,0,0,7887,0,0
5806874-898,5806874,Wordlist,2,0,0,0,700,0,0
5806874-899,5806874,Wordlist,1,0,0,0,361,0,0
5806874-900,5806874,Wordlist,1,0,0,0,355,0,0
5806874-901,5806874,Wordlist,2,0,0,0,2966,0,0
5806874-902,5806874,Wordlist,1,0,0,0,57,0,0
5806874-903,5806874,Wordlist,2,0,0,0,3020,0,0
5806874-904,5806874,Wordlist,2,0,0,0,527,0,0
5806874-905,5806874,Wordlist,1,0,0,0,185,0,0
5806874-906,5806874,Wordlist,1,0,0,0,53,0,0
5806874-907,5806874,Wordlist,1,0,0,0,26,0,0
5806874-908,5806874,Wordlist,1,0,0,0,113,0,0
5806874-909,5806874,Wordlist,1,0,0,0,160,0,0
5806874-910,5806874,Wordlist,1,0,0,0,1,0,0
5806874-911,5806874,Wordlist,2,0,0,0,5992,0,0
5806874-912,5806874,Wordlist,1,0,0,0,45,0,0
5806874-913,5806874,Wordlist,1,0,0,0,99,0,0
5806874-914,5806874,Wordlist,2,0,0,0,572,0,0
5806874-915,5806874,Wordlist,2,0,0,0,266,0,0
5806874-916,5806874,Wordlist,2,0,0,0,382,0,0
5806874-917,5806874,Wordlist,2,0,0,0,589,0,0
5806874-918,5806874,Wordlist,2,0,0,0,247,0,0
5806874-919,5806874,Wordlist,1,0,0,0,58,0,0
5806874-920,5806874,Wordlist,2,0,0,0,2479,0,0
5806874-921,5806874,Wordlist,2,0,0,0,133,0,0
5806874-922,5806874,Wordlist,2,0,0,0,595,0,0
5806874-923,5806874,Wordlist,2,0,0,0,687,0,0
5806874-924,5806874,Wordlist,1,0,0,0,103,0,0
5806874-925,5806874,Wordlist,1,0,0,0,259,0,0
5806874-926,5806874,Wordlist,1,0,0,0,194,0,0
5806874-927,5806874,Wordlist,1,0,0,0,27,0,0
5806874-928,5806874,Wordlist,2,0,0,0,22,0,0
5806874-929,5806874,Wordlist,1,0,0,0,18,0,0
5806874-930,5806874,Wordlist,1,0,0,0,16,0,0
5806874-931,5806874,Wordlist,1,0,0,0,16,0,0
5806874-932,5806874,Wordlist,1,0,0,0,92,0,0
5806874-933,5806874,Wordlist,1,0,0,0,67,0,0
5806874-934,5806874,Wordlist,1,0,0,0,9,0,0
5806874-935,5806874,Wordlist,2,0,0,0,301,0,0
5806874-936,5806874,Wordlist,1,0,0,0,48,0,0
5806874-937,5806874,Wordlist,1,0,0,0,19,0,0
5806874-938,5806874,Wordlist,1,0,0,0,83,0,0
5806874-939,5806874,Wordlist,1,0,0,0,853,0,0
5806874-940,5806874,Wordlist,1,0,0,0,398,0,0
5806874-941,5806874,Wordlist,1,0,0,0,10,0,0
5806874-942,5806874,Wordlist,2,0,0,0,28,0,0
5806874-943,5806874,Wordlist,2,0,0,0,378,0,0
5806874-944,5806874,Wordlist,2,0,0,0,2603,0,0
5806874-945,5806874,Wordlist,1,0,0,0,93,0,0
5806874-946,5806874,Wordlist,1,0,0,0,37,0,0
5806874-947,5806874,Wordlist,1,0,0,0,38,0,0
5806874-948,5806874,Wordlist,2,0,0,0,195,0,0
5806874-949,5806874,Wordlist,1,0,0,0,12,0,0
5806874-950,5806874,Wordlist,2,0,0,0,4837,0,0
5806874-951,5806874,Wordlist,1,0,0,0,10,0,0
5806874-952,5806874,Wordlist,1,0,0,0,64,0,0
5806874-953,5806874,Wordlist,1,0,0,0,72,0,0
5806874-954,5806874,Wordlist,1,0,0,0,15,0,0
5806874-955,5806874,Wordlist,1,0,0,0,85,0,0
5806874-956,5806874,Wordlist,2,0,0,0,812,0,0
5806874-957,5806874,Wordlist,1,0,0,0,42,0,0
5806874-958,5806874,Wordlist,1,0,0,0,40,0,0
5806874-959,5806874,Wordlist,1,0,0,0,10,0,0
5806874-960,5806874,Wordlist,2,0,0,0,1028,0,0
5806874-961,5806874,Wordlist,1,0,0,0,18,0,0
5806874-962,5806874,Wordlist,1,0,0,0,29,0,0
5806874-963,5806874,Wordlist,1,0,0,0,12,0,0
5806874-964,5806874,Wordlist,2,0,0,0,38,0,0
5806874-965,5806874,Wordlist,1,0,0,0,39,0,0
5806874-966,5806874,Wordlist,2,0,0,0,2059,0,0
5806874-967,5806874,Wordlist,1,0,0,0,27,0,0
5806874-968,5806874,Wordlist,2,0,0,0,10512,0,0
5806874-969,5806874,Wordlist,2,0,0,0,2268,0,0
5806874-970,5806874,Wordlist,1,0,0,0,181,0,0
5806874-971,5806874,Wordlist,2,0,0,0,22,0,0
5806874-972,5806874,Wordlist,2,0,0,0,1327,0,0
5806874-973,5806874,Wordlist,1,0,0,0,136,0,0
5806874-974,5806874,Wordlist,1,0,0,0,8,0,0
5806874-975,5806874,Wordlist,2,0,0,0,899,0,0
5806874-976,5806874,Wordlist,2,0,0,0,116,0,0
5806874-977,5806874,Wordlist,1,0,0,0,200,0,0
5806874-978,5806874,Wordlist,1,0,0,0,30,0,0
5806874-979,5806874,Wordlist,2,0,0,0,34,0,0
5806874-980,5806874,Wordlist,2,0,0,0,471,0,0
5806874-981,5806874,Wordlist,2,0,0,0,323,0,0
5806874-982,5806874,Wordlist,2,0,0,0,306,0,0
5806874-983,5806874,Wordlist,2,0,0,0,2316,0,0
5806874-984,5806874,Wordlist,2,0,0,0,102,0,0
5806874-985,5806874,Wordlist,1,0,0,0,49,0,0
5806874-986,5806874,Wordlist,2,0,0,0,199,0,0
5806874-987,5806874,Wordlist,1,0,0,0,356,0,0
5806874-988,5806874,Wordlist,2,0,0,0,51863,0,0
5806874-989,5806874,Wordlist,1,0,0,0,23,0,0
5806874-990,5806874,Wordlist,2,0,0,0,59173,0,0
5806874-991,5806874,Wordlist,1,0,0,0,19,0,0
5806874-992,5806874,Wordlist,2,0,0,0,12,0,0
5806874-993,5806874,Wordlist,1,0,0,0,509,0,0
5806874-994,5806874,Wordlist,2,0,0,0,23,0,0
5806874-995,5806874,Wordlist,1,0,0,0,8,0,0
5806874-996,5806874,Wordlist,1,0,0,0,56,0,0
5806874-997,5806874,Wordlist,1,0,0,0,47,0,0
5806874-998,5806874,Wordlist,1,0,0,0,109,0,0
5806874-999,5806874,Wordlist,2,0,0,0,1437,0,0
5806874-1000,5806874,Wordlist,1,0,0,0,176,0,0
5806874-1001,5806874,Wordlist,1,0,0,0,21,0,0
5806874-1002,5806874,Wordlist,1,0,0,0,13,0,0
5806874-1003,5806874,Wordlist,2,0,0,0,2279,0,0
5806874-1004,5806874,Wordlist,0,0,0,0,0,0,0
5806874-1005,5806874,Wordlist,2,0,0,0,16,0,0
5806874-1006,5806874,Wordlist,1,0,0,0,22,0,0
5806874-1007,5806874,Wordlist,1,0,0,0,37,0,0
5806874-1008,5806874,Wordlist,2,0,0,0,207,0,0
5806874-1009,5806874,Wordlist,1,0,0,0,36,0,0
5806874-1010,5806874,Wordlist,1,0,0,0,17,0,0
5806874-1011,5806874,Wordlist,2,0,0,0,261,0,0
5806874-1012,5806874,Wordlist,1,0,0,0,29,0,0
5806874-1013,5806874,Wordlist,1,0,0,0,78,0,0
5806874-1014,5806874,Wordlist,1,0,0,0,11,0,0
5806874-1015,5806874,Wordlist,1,0,0,0,9,0,0
5806874-1016,5806874,Wordlist,2,0,0,0,125,0,0
5806874-1017,5806874,Wordlist,1,0,0,0,100,0,0
5806874-1018,5806874,Wordlist,1,0,0,0,9,0,0
5806874-1019,5806874,Wordlist,2,0,0,0,26,0,0
5806874-1020,5806874,Wordlist,1,0,0,0,210,0,0
5806874-1021,5806874,Wordlist,2,0,0,0,156,0,0
5806874-1022,5806874,Wordlist,2,0,0,0,513,0,0
5806874-1023,5806874,Wordlist,2,0,0,0,51715,0,0
5806874-1024,5806874,Wordlist,2,0,0,0,2183,0,0
5806874-1025,5806874,Wordlist,1,0,0,0,9,0,0
5806874-1026,5806874,Wordlist,2,0,0,0,116,0,0
5806874-1027,5806874,Wordlist,2,0,0,0,22,0,0
5806874-1028,5806874,Wordlist,1,0,0,0,8,0,0
5806874-1029,5806874,Wordlist,1,0,0,0,11,0,0
5806874-1030,5806874,Wordlist,2,0,0,0,49961,0,0
5806874-1031,5806874,Wordlist,1,0,0,0,222,0,0
5806874-1032,5806874,Wordlist,1,0,0,0,11,0,0
5806874-1033,5806874,Wordlist,2,0,0,0,532,0,0
5806874-1034,5806874,Wordlist,2,0,0,0,247,0,0
5806874-1035,5806874,Wordlist,2,0,0,0,254,0,0
5806874-1036,5806874,Wordlist,1,0,0,0,100,0,0
5806874-1037,5806874,Wordlist,1,0,0,0,15,0,0
5806874-1038,5806874,Wordlist,1,0,0,0,9,0,0
5806874-1039,5806874,Wordlist,1,0,0,0,12,0,0
5806874-1040,5806874,Wordlist,2,0,0,0,81,0,0
5806874-1041,5806874,Wordlist,1,0,0,0,60,0,0
5806874-1042,5806874,Wordlist,2,0,0,0,538,0,0
5806874-1043,5806874,Wordlist,1,0,0,0,14,0,0
5806874-1044,5806874,Wordlist,1,0,0,0,56,0,0
5806874-1045,5806874,Wordlist,1,0,0,0,35,0,0
5806874-1046,5806874,Wordlist,1,0,0,0,462,0,0
5806874-1047,5806874,Wordlist,2,0,0,0,380,0,0
5806874-1048,5806874,Wordlist,2,0,0,0,34,0,0
5806874-1049,5806874,Wordlist,1,0,0,0,100,0,0
5806874-1050,5806874,Wordlist,1,0,0,0,99,0,0
5806874-1051,5806874,Wordlist,1,0,0,0,50,0,0
5806874-1052,5806874,Wordlist,1,0,0,0,61,0,0
5806874-1053,5806874,Wordlist,1,0,0,0,188,0,0
5806874-1054,5806874,Wordlist,1,0,0,0,31,0,0
5806874-1055,5806874,Wordlist,1,0,0,0,79,0,0
5806874-1056,5806874,Wordlist,1,0,0,0,192,0,0
5806874-1057,5806874,Wordlist,1,0,0,0,36,0,0
5806874-1058,5806874,Wordlist,2,0,0,0,7750,0,0
5806874-1059,5806874,Wordlist,2,0,0,0,337,0,0
5806874-1060,5806874,Wordlist,1,0,0,0,28,0,0
5806874-1061,5806874,Wordlist,2,0,0,0,12,0,0
5806874-1062,5806874,Wordlist,1,0,0,0,16,0,0
5806874-1063,5806874,Wordlist,2,0,0,0,926,0,0
5806874-1064,5806874,Wordlist,1,0,0,0,35,0,0
5806874-1065,5806874,Wordlist,1,0,0,0,12,0,0
5806874-1066,5806874,Wordlist,1,0,0,0,19,0,0
5806874-1067,5806874,Wordlist,2,0,0,0,1421,0,0
5806874-1068,5806874,Wordlist,1,0,0,0,21,0,0
5806874-1069,5806874,Wordlist,1,0,0,0,18,0,0
5806874-1070,5806874,Wordlist,1,0,0,0,17,0,0
5806874-1071,5806874,Wordlist,1,0,0,0,12,0,0
5806874-1072,5806874,Wordlist,1,0,0,0,15,0,0
5806874-1073,5806874,Wordlist,2,0,0,0,142,0,0
5806874-1074,5806874,Wordlist,2,0,0,0,4251,0,0
5806874-1075,5806874,Wordlist,2,0,0,0,8075,0,0
5806874-1076,5806874,Wordlist,1,0,0,0,10,0,0
5806874-1077,5806874,Wordlist,2,0,0,0,246,0,0
5806874-1078,5806874,Wordlist,1,0,0,0,39,0,0
5806874-1079,5806874,Wordlist,2,0,0,0,50748,0,0
5806874-1080,5806874,Wordlist,1,0,0,0,85,0,0
5806874-1081,5806874,Wordlist,2,0,0,0,336,0,0
5806874-1082,5806874,Wordlist,1,0,0,0,71,0,0
5806874-1083,5806874,Wordlist,2,0,0,0,627,0,0
5806874-1084,5806874,Wordlist,1,0,0,0,13,0,0
5806874-1085,5806874,Wordlist,1,0,0,0,9,0,0
5806874-1086,5806874,Wordlist,2,0,0,0,50,0,0
5806874-1087,5806874,Wordlist,1,0,0,0,55,0,0
5806874-1088,5806874,Wordlist,2,0,0,0,438,0,0
5806874-1089,5806874,Wordlist,1,0,0,0,189,0,0
5806874-1090,5806874,Wordlist,1,0,0,0,8,0,0
5806874-1091,5806874,Wordlist,1,0,0,0,77,0,0
5806874-1092,5806874,Wordlist,1,0,0,0,19,0,0
5806874-1093,5806874,Wordlist,1,0,0,0,391,0,0
5806874-1094,5806874,Wordlist,2,0,0,0,1502,0,0
5806874-1095,5806874,Wordlist,2,0,0,0,207,0,0
5806874-1096,5806874,Wordlist,2,0,0,0,15,0,0
5806874-1097,5806874,Wordlist,1,0,0,0,27,0,0
5806874-1098,5806874,Wordlist,2,0,0,0,628,0,0
5806874-1099,5806874,Wordlist,1,0,0,0,10,0,0
5806874-1100,5806874,Wordlist,1,0,0,0,8,0,0
5806874-1101,5806874,Wordlist,1,0,0,0,12,0,0
5806874-1102,5806874,Wordlist,2,0,0,0,257,0,0
5806874-1103,5806874,Wordlist,1,0,0,0,11,0,0
5806874-1104,5806874,Wordlist,2,0,0,0,240,0,0
5806874-1105,5806874,Wordlist,1,0,0,0,9,0,0
5806874-1106,5806874,Wordlist,2,0,0,0,22,0,0
5806874-1107,5806874,Wordlist,1,0,0,0,9,0,0
5806874-1108,5806874,Wordlist,1,0,0,0,9,0,0
5806874-1109,5806874,Wordlist,2,0,0,0,586,0,0
5806874-1110,5806874,Wordlist,1,0,0,0,112,0,0
5806874-1111,5806874,Wordlist,2,0,0,0,4528,0,0
5806874-1112,5806874,Wordlist,2,0,0,0,4413,0,0
5806874-1113,5806874,Wordlist,1,0,0,0,51,0,0
5806874-1114,5806874,Wordlist,1,0,0,0,10,0,0
5806874-1115,5806874,Wordlist,1,0,0,0,100,0,0
5806874-1116,5806874,Wordlist,2,0,0,0,795,0,0
5806874-1117,5806874,Wordlist,2,0,0,0,630,0,0
5806874-1118,5806874,Wordlist,2,0,0,0,1526,0,0
5806874-1119,5806874,Wordlist,1,0,0,0,16,0,0
5806874-1120,5806874,Wordlist,2,0,0,0,86,0,0
5806874-1121,5806874,Wordlist,1,0,0,0,12,0,0
5806874-1122,5806874,Wordlist,2,0,0,0,149,0,0
5806874-1123,5806874,Wordlist,1,0,0,0,209,0,0
5806874-1124,5806874,Wordlist,1,0,0,0,19,0,0
5806874-1125,5806874,Wordlist,1,0,0,0,15,0,0
5806874-1126,5806874,Wordlist,2,0,0,0,46,0,0
5806874-1127,5806874,Wordlist,2,0,0,0,727,0,0
5806874-1128,5806874,Wordlist,1,0,0,0,77,0,0
5806874-1129,5806874,Wordlist,1,0,0,0,232,0,0
5806874-1130,5806874,Wordlist,1,0,0,0,14,0,0
5806874-1131,5806874,Wordlist,1,0,0,0,21,0,0
5806874-1132,5806874,Wordlist,2,0,0,0,117,0,0
5806874-1133,5806874,Wordlist,1,0,0,0,116,0,0
5806874-1134,5806874,Wordlist,2,0,0,0,85632,0,0
5806874-1135,5806874,Wordlist,1,0,0,0,105,0,0
5806874-1136,5806874,Wordlist,2,0,0,0,1462,0,0
5806874-1137,5806874,Wordlist,1,0,0,0,636,0,0
5806874-1138,5806874,Wordlist,1,0,0,0,507,0,0
5806874-1139,5806874,Wordlist,1,0,0,0,13,0,0
5806874-1140,5806874,Wordlist,2,0,0,0,19,0,0
5806874-1141,5806874,Wordlist,1,0,0,0,11,0,0
5806874-1142,5806874,Wordlist,1,0,0,0,67,0,0
5806874-1143,5806874,Wordlist,1,0,0,0,13,0,0
5806874-1144,5806874,Wordlist,2,0,0,0,6718,0,0
5806874-1145,5806874,Wordlist,2,0,0,0,1800,0,0
5806874-1146,5806874,Wordlist,2,0,0,0,25104,0,0
5806874-1147,5806874,Wordlist,2,0,0,0,275,0,0
5806874-1148,5806874,Wordlist,1,0,0,0,12,0,0
5806874-1149,5806874,Wordlist,1,0,0,0,17,0,0
5806874-1150,5806874,Wordlist,1,0,0,0,15,0,0
5806874-1151,5806874,Wordlist,1,0,0,0,9,0,0
5806874-1152,5806874,Wordlist,1,0,0,0,12,0,0
5806874-1153,5806874,Wordlist,1,0,0,0,15,0,0
5806874-1154,5806874,Wordlist,1,0,0,0,6,0,0
5806874-1155,5806874,Wordlist,1,0,0,0,54,0,0
5806874-1156,5806874,Wordlist,1,0,0,0,66,0,0
5806874-1157,5806874,Wordlist,1,0,0,0,19,0,0
5806874-1158,5806874,Wordlist,2,0,0,0,12471,0,0
5806874-1159,5806874,Wordlist,1,0,0,0,255,0,0
5806874-1160,5806874,Wordlist,1,0,0,0,149,0,0
5806874-1161,5806874,Wordlist,1,0,0,0,16,0,0
5806874-1162,5806874,Wordlist,1,0,0,0,135,0,0
5806874-1163,5806874,Wordlist,1,0,0,0,32,0,0
5806874-1164,5806874,Wordlist,2,0,0,0,993,0,0
5806874-1165,5806874,Wordlist,0,0,0,0,0,0,0
5806874-1166,5806874,Wordlist,1,0,0,0,75,0,0
5806874-1167,5806874,Wordlist,1,0,0,0,47,0,0
5806874-1168,5806874,Wordlist,1,0,0,0,7,0,0
5806874-1169,5806874,Wordlist,2,0,0,0,4182,0,0
5806874-1170,5806874,Wordlist,2,0,0,0,18,0,0
5806874-1171,5806874,Wordlist,1,0,0,0,12,0,0
5806874-1172,5806874,Wordlist,1,0,0,0,71,0,0
5806874-1173,5806874,Wordlist,1,0,0,0,12,0,0
5806874-1174,5806874,Wordlist,2,0,0,0,478,0,0
5806874-1175,5806874,Wordlist,1,0,0,0,24,0,0
5806874-1176,5806874,Wordlist,1,0,0,0,486,0,0
5806874-1177,5806874,Wordlist,1,0,0,0,27,0,0
5806874-1178,5806874,Wordlist,1,0,0,0,87,0,0
5806874-1179,5806874,Wordlist,2,0,0,0,71,0,0
5806874-1180,5806874,Wordlist,1,0,0,0,12,0,0
5806874-1181,5806874,Wordlist,1,0,0,0,8,0,0
5806874-1182,5806874,Wordlist,2,0,0,0,33,0,0
5806874-1183,5806874,Wordlist,1,0,0,0,111,0,0
5806874-1184,5806874,Wordlist,2,0,0,0,1186,0,0
5806874-1185,5806874,Wordlist,1,0,0,0,9,0,0
5806874-1186,5806874,Wordlist,1,0,0,0,337,0,0
5806874-1187,5806874,Wordlist,1,0,0,0,10,0,0
5806874-1188,5806874,Wordlist,1,0,0,0,11,0,0
5806874-1189,5806874,Wordlist,1,0,0,0,3,0,0
5806874-1190,5806874,Wordlist,1,0,0,0,52,0,0
5806874-1191,5806874,Wordlist,1,0,0,0,33,0,0
5806874-1192,5806874,Wordlist,2,0,0,0,13951,0,0
5806874-1193,5806874,Wordlist,1,0,0,0,38,0,0
5806874-1194,5806874,Wordlist,1,0,0,0,13,0,0
5806874-1195,5806874,Wordlist,1,0,0,0,29,0,0
5806874-1196,5806874,Wordlist,1,0,0,0,14,0,0
5806874-1197,5806874,Wordlist,1,0,0,0,7,0,0
5806874-1198,5806874,Wordlist,1,0,0,0,121,0,0
5806874-1199,5806874,Wordlist,1,0,0,0,146,0,0
5806874-1200,5806874,Wordlist,1,0,0,0,34,0,0
5806874-1201,5806874,Wordlist,2,0,0,0,26,0,0
5806874-1202,5806874,Wordlist,2,0,0,0,112,0,0
5806874-1203,5806874,Wordlist,2,0,0,0,398,0,0
5806874-1204,5806874,Wordlist,1,0,0,0,214,0,0
5806874-1205,5806874,Wordlist,1,0,0,0,57,0,0
5806874-1206,5806874,Wordlist,2,0,0,0,17946,0,0
5806874-1207,5806874,Wordlist,2,0,0,0,205,0,0
5806874-1208,5806874,Wordlist,1,0,0,0,26,0,0
5806874-1209,5806874,Wordlist,1,0,0,0,32,0,0
5806874-1210,5806874,Wordlist,0,0,0,0,0,0,0
5806874-1211,5806874,Wordlist,2,0,0,0,2639,0,0
5806874-1212,5806874,Wordlist,1,0,0,0,57,0,0
5806874-1213,5806874,Wordlist,2,0,0,0,487,0,0
5806874-1214,5806874,Wordlist,1,0,0,0,10,0,0
5806874-1215,5806874,Wordlist,1,0,0,0,113,0,0
5806874-1216,5806874,Wordlist,2,0,0,0,13,0,0
5806874-1217,5806874,Wordlist,1,0,0,0,11,0,0
5806874-1218,5806874,Wordlist,1,0,0,0,14,0,0
5806874-1219,5806874,Wordlist,2,0,0,0,191,0,0
5806874-1220,5806874,Wordlist,1,0,0,0,44,0,0
5806874-1221,5806874,Wordlist,1,0,0,0,10,0,0
5806874-1222,5806874,Wordlist,2,0,0,0,231,0,0
5806874-1223,5806874,Wordlist,2,0,0,0,1428,0,0
5806874-1224,5806874,Wordlist,1,0,0,0,19,0,0
5806874-1225,5806874,Wordlist,1,0,0,0,31,0,0
5806874-1226,5806874,Wordlist,2,0,0,0,2888,0,0
5806874-1227,5806874,Wordlist,2,0,0,0,679,0,0
5806874-1228,5806874,Wordlist,0,0,0,0,0,0,0
5806874-1229,5806874,Wordlist,1,0,0,0,18,0,0
5806874-1230,5806874,Wordlist,1,0,0,0,36,0,0
5806874-1231,5806874,Wordlist,2,0,0,0,255,0,0
5806874-1232,5806874,Wordlist,1,0,0,0,7,0,0
5806874-1233,5806874,Wordlist,1,0,0,0,13,0,0
5806874-1234,5806874,Wordlist,2,0,0,0,176,0,0
5806874-1235,5806874,Wordlist,1,0,0,0,35,0,0
5806874-1236,5806874,Wordlist,1,0,0,0,29,0,0
5806874-1237,5806874,Wordlist,2,0,0,0,52838,0,0
5806874-1238,5806874,Wordlist,2,0,0,0,29,0,0
5806874-1239,5806874,Wordlist,1,0,0,0,8,0,0
5806874-1240,5806874,Wordlist,1,0,0,0,35,0,0
5806874-1241,5806874,Wordlist,1,0,0,0,24,0,0
5806874-1242,5806874,Wordlist,1,0,0,0,17,0,0
5806874-1243,5806874,Wordlist,2,0,0,0,12,0,0
5806874-1244,5806874,Wordlist,2,0,0,0,288,0,0
5806874-1245,5806874,Wordlist,1,0,0,0,133,0,0
5806874-1246,5806874,Wordlist,2,0,0,0,251,0,0
5806874-1247,5806874,Wordlist,1,0,0,0,18,0,0
5806874-1248,5806874,Wordlist,1,0,0,0,11,0,0
5806874-1249,5806874,Wordlist,2,0,0,0,179,0,0
5806874-1250,5806874,Wordlist,2,0,0,0,102,0,0
5806874-1251,5806874,Wordlist,1,0,0,0,206,0,0
5806874-1252,5806874,Wordlist,1,0,0,0,23,0,0
5806874-1253,5806874,Wordlist,1,0,0,0,32,0,0
5806874-1254,5806874,Wordlist,2,0,0,0,12000,0,0
5806874-1255,5806874,Wordlist,2,0,0,0,715,0,0
5806874-1256,5806874,Wordlist,1,0,0,0,58,0,0
5806874-1257,5806874,Wordlist,1,0,0,0,61,0,0
5806874-1258,5806874,Wordlist,2,0,0,0,705,0,0
5806874-1259,5806874,Wordlist,1,0,0,0,7,0,0
5806874-1260,5806874,Wordlist,1,0,0,0,24,0,0
5806874-1261,5806874,Wordlist,1,0,0,0,134,0,0
5806874-1262,5806874,Wordlist,1,0,0,0,48,0,0
5806874-1263,5806874,Wordlist,1,0,0,0,20,0,0
5806874-1264,5806874,Wordlist,1,0,0,0,8,0,0
5806874-1265,5806874,Wordlist,1,0,0,0,81,0,0
5806874-1266,5806874,Wordlist,1,0,0,0,97,0,0
5806874-1267,5806874,Wordlist,2,0,0,0,279,0,0
5806874-1268,5806874,Wordlist,1,0,0,0,725,0,0
5806874-1269,5806874,Wordlist,1,0,0,0,8,0,0
5806874-1270,5806874,Wordlist,2,0,0,0,7341,0,0
5806874-1271,5806874,Wordlist,1,0,0,0,124,0,0
5806874-1272,5806874,Wordlist,1,0,0,0,13,0,0
5806874-1273,5806874,Wordlist,2,0,0,0,34,0,0
5806874-1274,5806874,Wordlist,1,0,0,0,14,0,0
5806874-1275,5806874,Wordlist,1,0,0,0,67,0,0
5806874-1276,5806874,Wordlist,1,0,0,0,190,0,0
5806874-1277,5806874,Wordlist,2,0,0,0,631,0,0
5806874-1278,5806874,Wordlist,1,0,0,0,56,0,0
5806874-1279,5806874,Wordlist,1,0,0,0,33,0,0
5806874-1280,5806874,Wordlist,1,0,0,0,586,0,0
5806874-1281,5806874,Wordlist,1,0,0,0,49,0,0
5806874-1282,5806874,Wordlist,2,0,0,0,4149,0,0
5806874-1283,5806874,Wordlist,1,0,0,0,7,0,0
5806874-1284,5806874,Wordlist,1,0,0,0,35,0,0
5806874-1285,5806874,Wordlist,1,0,0,0,10,0,0
5806874-1286,5806874,Wordlist,2,0,0,0,1393,0,0
5806874-1287,5806874,Wordlist,2,0,0,0,1444,0,0
5806874-1288,5806874,Wordlist,1,0,0,0,166,0,0
5806874-1289,5806874,Wordlist,1,0,0,0,315,0,0
5806874-1290,5806874,Wordlist,2,0,0,0,61,0,0
5806874-1291,5806874,Wordlist,1,0,0,0,262,0,0
5806874-1292,5806874,Wordlist,2,0,0,0,2684,0,0
5806874-1293,5806874,Wordlist,1,0,0,0,9,0,0
5806874-1294,5806874,Wordlist,2,0,0,0,2090,0,0
5806874-1295,5806874,Wordlist,2,0,0,0,20539,0,0
5806874-1296,5806874,Wordlist,2,0,0,0,1175,0,0
5806874-1297,5806874,Wordlist,2,0,0,0,20,0,0
5806874-1298,5806874,Wordlist,2,0,0,0,2651,0,0
5806874-1299,5806874,Wordlist,1,0,0,0,9,0,0
5806874-1300,5806874,Wordlist,1,0,0,0,502,0,0
5806874-1301,5806874,Wordlist,1,0,0,0,11,0,0
5806874-1302,5806874,Wordlist,1,0,0,0,509,0,0
5806874-1303,5806874,Wordlist,1,0,0,0,9,0,0
5806874-1304,5806874,Wordlist,1,0,0,0,26,0,0
5806874-1305,5806874,Wordlist,2,0,0,0,31,0,0
5806874-1306,5806874,Wordlist,2,0,0,0,969,0,0
5806874-1307,5806874,Wordlist,1,0,0,0,7,0,0
5806874-1308,5806874,Wordlist,1,0,0,0,15,0,0
5806874-1309,5806874,Wordlist,1,0,0,0,38,0,0
5806874-1310,5806874,Wordlist,1,0,0,0,25,0,0
5806874-1311,5806874,Wordlist,1,0,0,0,562,0,0
5806874-1312,5806874,Wordlist,1,0,0,0,7,0,0
5806874-1313,5806874,Wordlist,1,0,0,0,114,0,0
5806874-1314,5806874,Wordlist,1,0,0,0,14,0,0
5806874-1315,5806874,Wordlist,1,0,0,0,32,0,0
5806874-1316,5806874,Wordlist,1,0,0,0,32,0,0
5806874-1317,5806874,Wordlist,1,0,0,0,37,0,0
5806874-1318,5806874,Wordlist,1,0,0,0,161,0,0
5806874-1319,5806874,Wordlist,2,0,0,0,7501,0,0
5806874-1320,5806874,Wordlist,2,0,0,0,61,0,0
5806874-1321,5806874,Wordlist,1,0,0,0,51,0,0
5806874-1322,5806874,Wordlist,2,0,0,0,269,0,0
5806874-1323,5806874,Wordlist,2,0,0,0,1931,0,0
5806874-1324,5806874,Wordlist,2,0,0,0,19,0,0
5806874-1325,5806874,Wordlist,2,0,0,0,314,0,0
5806874-1326,5806874,Wordlist,1,0,0,0,10,0,0
5806874-1327,5806874,Wordlist,1,0,0,0,9,0,0
5806874-1328,5806874,Wordlist,1,0,0,0,46,0,0
5806874-1329,5806874,Wordlist,1,0,0,0,134,0,0
5806874-1330,5806874,Wordlist,1,0,0,0,36,0,0
5806874-1331,5806874,Wordlist,2,0,0,0,122,0,0
5806874-1332,5806874,Wordlist,1,0,0,0,145,0,0
5806874-1333,5806874,Wordlist,2,0,0,0,47,0,0
5806874-1334,5806874,Wordlist,1,0,0,0,25,0,0
5806874-1335,5806874,Wordlist,1,0,0,0,62,0,0
5806874-1336,5806874,Wordlist,1,0,0,0,8,0,0
5806874-1337,5806874,Wordlist,2,0,0,0,3687,0,0
5806874-1338,5806874,Wordlist,1,0,0,0,31,0,0
5806874-1339,5806874,Wordlist,2,0,0,0,305,0,0
5806874-1340,5806874,Wordlist,1,0,0,0,14,0,0
5806874-1341,5806874,Wordlist,1,0,0,0,25,0,0
5806874-1342,5806874,Wordlist,2,0,0,0,8,0,0
5806874-1343,5806874,Wordlist,2,0,0,0,212,0,0
5806874-1344,5806874,Wordlist,1,0,0,0,141,0,0
5806874-1345,5806874,Wordlist,1,0,0,0,23,0,0
5806874-1346,5806874,Wordlist,1,0,0,0,47,0,0
5806874-1347,5806874,Wordlist,2,0,0,0,17,0,0
5806874-1348,5806874,Wordlist,1,0,0,0,79,0,0
5806874-1349,5806874,Wordlist,1,0,0,0,517,0,0
5806874-1350,5806874,Wordlist,1,0,0,0,15,0,0
5806874-1351,5806874,Wordlist,1,0,0,0,32,0,0
5806874-1352,5806874,Wordlist,2,0,0,0,113,0,0
5806874-1353,5806874,Wordlist,1,0,0,0,7,0,0
5806874-1354,5806874,Wordlist,2,0,0,0,3329,0,0
5806874-1355,5806874,Wordlist,1,0,0,0,7,0,0
5806874-1356,5806874,Wordlist,1,0,0,0,20,0,0
5806874-1357,5806874,Wordlist,2,0,0,0,16,0,0
5806874-1358,5806874,Wordlist,1,0,0,0,135,0,0
5806874-1359,5806874,Wordlist,1,0,0,0,247,0,0
5806874-1360,5806874,Wordlist,2,0,0,0,158,0,0
5806874-1361,5806874,Wordlist,1,0,0,0,181,0,0
5806874-1362,5806874,Wordlist,1,0,0,0,41,0,0
5806874-1363,5806874,Wordlist,1,0,0,0,596,0,0
5806874-1364,5806874,Wordlist,1,0,0,0,8,0,0
5806874-1365,5806874,Wordlist,2,0,0,0,359,0,0
5806874-1366,5806874,Wordlist,1,0,0,0,99,0,0
5806874-1367,5806874,Wordlist,1,0,0,0,8,0,0
5806874-1368,5806874,Wordlist,1,0,0,0,7,0,0
5806874-1369,5806874,Wordlist,1,0,0,0,52,0,0
5806874-1370,5806874,Wordlist,2,0,0,0,29,0,0
5806874-1371,5806874,Wordlist,1,0,0,0,51,0,0
5806874-1372,5806874,Wordlist,1,0,0,0,10,0,0
5806874-1373,5806874,Wordlist,1,0,0,0,8,0,0
5806874-1374,5806874,Wordlist,2,0,0,0,6360,0,0
5806874-1375,5806874,Wordlist,1,0,0,0,27,0,0
5806874-1376,5806874,Wordlist,1,0,0,0,8,0,0
5806874-1377,5806874,Wordlist,2,0,0,0,644,0,0
5806874-1378,5806874,Wordlist,2,0,0,0,2414,0,0
5806874-1379,5806874,Wordlist,1,0,0,0,152,0,0
5806874-1380,5806874,Wordlist,1,0,0,0,34,0,0
5806874-1381,5806874,Wordlist,2,0,0,0,1097,0,0
5806874-1382,5806874,Wordlist,1,0,0,0,257,0,0
5806874-1383,5806874,Wordlist,1,0,0,0,353,0,0
5806874-1384,5806874,Wordlist,2,0,0,0,188,0,0
5806874-1385,5806874,Wordlist,1,0,0,0,10,0,0
5806874-1386,5806874,Wordlist,2,0,0,0,287,0,0
5806874-1387,5806874,Wordlist,1,0,0,0,211,0,0
5806874-1388,5806874,Wordlist,1,0,0,0,70,0,0
5806874-1389,5806874,Wordlist,1,0,0,0,108,0,0
5806874-1390,5806874,Wordlist,1,0,0,0,10,0,0
5806874-1391,5806874,Wordlist,1,0,0,0,28,0,0
5806874-1392,5806874,Wordlist,1,0,0,0,12,0,0
5806874-1393,5806874,Wordlist,2,0,0,0,755,0,0
5806874-1394,5806874,Wordlist,1,0,0,0,58,0,0
5806874-1395,5806874,Wordlist,2,0,0,0,2376,0,0
5806874-1396,5806874,Wordlist,1,0,0,0,21,0,0
5806874-1397,5806874,Wordlist,1,0,0,0,9,0,0
5806874-1398,5806874,Wordlist,2,0,0,0,136,0,0
5806874-1399,5806874,Wordlist,1,0,0,0,392,0,0
5806874-1400,5806874,Wordlist,2,0,0,0,3364,0,0
5806874-1401,5806874,Wordlist,1,0,0,0,21,0,0
5806874-1402,5806874,Wordlist,1,0,0,0,29,0,0
5806874-1403,5806874,Wordlist,1,0,0,0,73,0,0
5806874-1404,5806874,Wordlist,2,0,0,0,284,0,0
5806895-1,5806895,Wordlist,2,2,0,0,1686,0,0
5806895-2,5806895,Wordlist,2,2,0,0,1033,0,0
5751226-1,5751226,Wordlist,38,35,348,0,9567,0,0
3537767-1,3537767,Wordlist,22,22,300,0,6181,0,0
3537725-1,3537725,Wordlist,22,22,300,0,6181,0,0
3268497-1,3268497,Wordlist,22,22,300,0,6181,0,0
3203943-1,3203943,Wordlist,22,22,300,0,6181,0,0
2634934-1,2634934,Wordlist,22,22,300,0,6181,0,0
1407141-1,1407141,Wordlist,22,22,9,0,6181,0,0
5667260-1,5667260,Wordlist,36,35,162,0,3599,0,10837
5653063-1,5653063,Dictionary,1,1,0,0,0,1877,2799
5554412-1,5554412,StructureDataset,1988,1324,2368,586165,0,0,0
4087927-1,4087927,StructureDataset,1988,1324,2368,586165,0,0,0
3952518-1,3952518,StructureDataset,1988,1324,2368,586165,0,0,0
3935420-1,3935420,StructureDataset,1988,1321,2368,586165,0,0,0
5526477-1,5526477,Dictionary,1,1,0,0,0,2700,1919
5526419-1,5526419,Dictionary,1,1,0,0,0,2737,1763
5526568-1,5526568,Dictionary,1,1,0,0,0,1430,1331
5526550-1,5526550,Dictionary,1,1,0,0,0,8109,12446
5526459-1,5526459,Dictionary,1,1,0,0,0,5005,5103
5526509-1,5526509,Dictionary,1,1,0,0,0,5533,2634
5526353-1,5526353,Dictionary,1,1,0,0,0,4128,988
5526447-1,5526447,Dictionary,1,1,0,0,0,3216,2610
5526518-1,5526518,Dictionary,1,1,0,0,0,3578,1191
5526528-1,5526528,Dictionary,1,1,0,0,0,6488,9582
5526318-1,5526318,Dictionary,1,1,0,0,0,3590,2166
5526305-1,5526305,Dictionary,1,1,0,0,0,952,368
5526333-1,5526333,Dictionary,1,1,0,0,0,1681,911
5526292-1,5526292,Dictionary,1,1,0,0,0,2167,761
4675001-1,4675001,Dictionary,1,1,0,0,0,1430,1331
4139455-1,4139455,Dictionary,1,1,0,0,0,1430,1331
4675071-1,4675071,Dictionary,1,1,0,0,0,8109,12446
3668865-1,3668865,Dictionary,1,1,0,0,0,8109,12446
3660891-1,3660891,Dictionary,1,1,0,0,0,8109,12446
4675073-1,4675073,Dictionary,1,1,0,0,0,6488,9582
3257580-1,3257580,Dictionary,1,1,0,0,0,6488,9582
4675076-1,4675076,Dictionary,1,1,0,0,0,3578,1191
3338363-1,3338363,Dictionary,1,1,0,0,0,3578,1191
4675079-1,4675079,Dictionary,1,1,0,0,0,5533,2634
3257634-1,3257634,Dictionary,1,1,0,0,0,5533,2634
4675089-1,4675089,Dictionary,1,1,0,0,0,2700,1919
3066952-1,3066952,Dictionary,1,1,0,0,0,2700,1919
3066952-2,3066952,Dictionary,1,1,0,0,0,2700,1919
4675080-1,4675080,Dictionary,1,1,0,0,0,5005,5103
3403988-1,3403988,Dictionary,1,1,0,0,0,5005,5103
3345805-1,3345805,Dictionary,1,1,0,0,0,5005,5103
4675092-1,4675092,Dictionary,1,1,0,0,0,3216,2610
4147099-1,4147099,Dictionary,1,1,0,0,0,3216,2610
4675093-1,4675093,Dictionary,1,1,0,0,0,2737,1763
4297474-1,4297474,Dictionary,1,1,0,0,0,2737,1763
4676276-1,4676276,Dictionary,1,1,0,0,0,4128,988
4675098-1,4675098,Dictionary,1,1,0,0,0,1681,911
3258853-1,3258853,Dictionary,1,1,0,0,0,1681,911
3067649-1,3067649,Dictionary,1,1,0,0,0,1681,912
4675101-1,4675101,Dictionary,1,1,0,0,0,3590,2166
3340718-1,3340718,Dictionary,1,1,0,0,0,3590,2166
4675104-1,4675104,Dictionary,1,1,0,0,0,952,368
3451857-1,3451857,Dictionary,0,0,0,0,0,952,368
4675107-1,4675107,Dictionary,1,1,0,0,0,2167,761
3668861-1,3668861,Dictionary,1,1,0,0,0,2167,761
3258859-1,3258859,Dictionary,1,1,0,0,0,2167,761
3067381-1,3067381,Dictionary,1,1,0,0,0,2167,761
5498292-1,5498292,Wordlist,24,24,173,0,2091,0,0
5221987-1,5221987,Wordlist,48,40,250,0,11476,0,0
5037101-1,5037101,Wordlist,48,40,250,0,11476,0,0
5206553-1,5206553,Wordlist,417,409,210,0,85560,0,0
5166593-1,5166593,Wordlist,11,9,233,0,1055,0,0
5137078-1,5137078,Wordlist,11,9,233,0,1055,0,0
5141379-1,5141379,Wordlist,5,5,707,0,3283,0,0
3534903-1,3534903,Wordlist,5,5,707,0,3283,0,0
3264975-1,3264975,Wordlist,5,5,707,0,3283,0,0
2630821-1,2630821,Wordlist,5,5,707,0,3283,0,0
2630810-1,2630810,Wordlist,5,5,707,0,3283,0,0
5140129-1,5140129,StructureDataset,6,0,112,368,0,0,0
5140129-2,5140129,Wordlist,7,2,346,0,1966,0,0
5139881-1,5139881,Wordlist,1,1,1307,0,1423,0,0
5139559-1,5139559,Wordlist,1,1,855,0,1179,0,0
5139859-1,5139859,Wordlist,41,41,1814,0,64289,0,0
4570271-1,4570271,Wordlist,1,1,1307,0,1423,0,0
3537579-1,3537579,Wordlist,41,41,1814,0,64289,0,0
3267018-1,3267018,Wordlist,41,41,1814,0,64959,0,0
2630806-1,2630806,Wordlist,41,41,1814,0,64959,0,0
1312692-1,1312692,Wordlist,41,41,1814,0,64959,0,0
1299890-1,1299890,Wordlist,41,41,1814,0,64959,0,0
4518507-1,4518507,Wordlist,1,1,855,0,1180,0,0
5137040-1,5137040,Wordlist,60,15,207,0,12420,0,0
5136900-1,5136900,Wordlist,43,25,110,0,4853,0,0
5137439-1,5137439,Wordlist,21,2,110,0,2055,0,0
5137407-1,5137407,Wordlist,10,5,458,0,4429,0,0
5137274-1,5137274,Wordlist,32,30,254,0,8360,0,0
5137236-1,5137236,Wordlist,7,7,173,0,1401,0,0
5136882-1,5136882,Wordlist,9,9,100,0,800,0,0
5137055-1,5137055,Wordlist,24,19,200,0,4546,0,0
5137392-1,5137392,Wordlist,20,20,210,0,4358,0,0
5136997-1,5136997,Wordlist,18,18,422,0,6778,0,0
5137281-1,5137281,Wordlist,19,19,110,0,2172,0,0
5137230-1,5137230,Wordlist,65,65,100,0,6171,0,0
5136930-1,5136930,Wordlist,24,10,200,0,5580,0,0
5136947-1,5136947,Wordlist,1,1,201,0,209,0,0
5136898-1,5136898,Wordlist,14,12,100,0,1340,0,0
3556518-1,3556518,Wordlist,32,30,254,0,8360,0,0
5127276-1,5127276,Wordlist,65,65,100,0,6171,0,0
3535000-1,3535000,Wordlist,18,18,422,0,6778,0,0
3266825-1,3266825,Wordlist,18,18,422,0,6845,0,0
2633722-1,2633722,Wordlist,18,18,422,0,6845,0,0
1295547-1,1295547,Wordlist,18,18,422,0,6845,0,0
5131421-1,5131421,Wordlist,6,6,200,0,1214,0,0
5128050-1,5128050,Wordlist,4,4,550,0,2429,0,0
5126904-1,5126904,Wordlist,15,9,246,0,2365,0,0
5127687-1,5127687,Wordlist,22,21,100,0,2144,0,0
5127775-1,5127775,Wordlist,8,7,200,0,1600,0,0
5126441-1,5126441,Wordlist,22,22,300,0,6181,0,0
5126845-1,5126845,Wordlist,10,9,200,0,1986,0,0
5127829-1,5127829,Wordlist,1,1,1129,0,1129,0,0
5127348-1,5127348,Wordlist,14,13,140,0,1960,0,0
5127906-1,5127906,Wordlist,38,35,244,0,7621,0,0
5126948-1,5126948,Wordlist,10,9,110,0,1106,0,0
5127131-1,5127131,Wordlist,245,244,344,0,69963,0,0
5127404-1,5127404,Wordlist,18,11,119,0,1804,0,0
5127536-1,5127536,Wordlist,109,71,100,0,10706,0,0
5126890-1,5126890,Wordlist,19,2,199,0,3980,0,0
5126966-1,5126966,Wordlist,1,1,250,0,250,0,0
5128097-1,5128097,Wordlist,3,3,1807,0,3289,0,0
5126932-1,5126932,Wordlist,31,30,210,0,7518,0,0
5126801-1,5126801,Wordlist,59,56,210,0,11363,0,0
5126451-1,5126451,Wordlist,12,4,315,0,910,0,0
5126741-1,5126741,Wordlist,324,305,744,0,79893,0,0
5126458-1,5126458,Wordlist,10,8,1256,0,10085,0,0
5126858-1,5126858,Wordlist,15,15,140,0,2789,0,0
5126691-1,5126691,Wordlist,21,19,150,0,3120,0,0
4094642-1,4094642,Wordlist,38,35,244,0,7621,0,0
4094080-1,4094080,Wordlist,38,35,244,0,7621,0,0
4280603-1,4280603,Wordlist,1,1,1129,0,1129,0,0
4925670-1,4925670,Wordlist,22,21,100,0,2144,0,0
4311354-1,4311354,Wordlist,22,21,100,0,2144,0,0
2553234-1,2553234,Wordlist,22,21,100,0,2130,0,0
3537639-1,3537639,Wordlist,10,8,1256,0,10085,0,0
3268562-1,3268562,Wordlist,10,8,1256,0,10685,0,0
2637724-1,2637724,Wordlist,10,8,1256,0,10685,0,0
2634451-1,2634451,Wordlist,10,8,1256,0,10685,0,0
5121813-1,5121813,Wordlist,8,7,280,0,2171,0,0
5121724-1,5121724,Wordlist,23,23,100,0,2258,0,0
5121663-1,5121663,Wordlist,4,2,100,0,412,0,0
5121819-1,5121819,Wordlist,127,107,1052,0,126815,0,0
5121613-1,5121613,Wordlist,32,18,146,0,4560,0,0
5121580-1,5121580,Wordlist,20,20,100,0,2127,0,0
5121561-1,5121561,Wordlist,422,351,542,0,60206,0,0
5121515-1,5121515,Wordlist,51,49,1004,0,50434,0,0
5121482-1,5121482,Wordlist,2,1,757,0,922,0,0
5121280-1,5121280,Wordlist,31,12,460,0,14271,0,0
5121409-1,5121409,Wordlist,50,48,250,0,12179,0,0
5121268-1,5121268,Wordlist,107,107,1016,0,121612,0,0
5121215-1,5121215,Wordlist,20,4,510,0,10512,0,0
5121214-1,5121214,Wordlist,6,1,540,0,2891,0,0
5121219-1,5121219,Wordlist,69,65,366,0,26723,0,0
5121540-1,5121540,Wordlist,13,13,997,0,22082,0,0
5121382-1,5121382,Wordlist,9,9,100,0,854,0,0
5121340-1,5121340,Wordlist,13,13,398,0,4841,0,0
5121530-1,5121530,Wordlist,222,197,1281,0,302083,0,0
5121347-1,5121347,Wordlist,25,25,110,0,2631,0,0
5121535-1,5121535,Wordlist,100,98,333,0,34285,0,0
5121776-1,5121776,Wordlist,51,42,100,0,5085,0,0
5121829-1,5121829,Wordlist,8,7,1000,0,8505,0,0
5121651-1,5121651,Wordlist,20,20,207,0,4393,0,0
5121189-1,5121189,Wordlist,88,6,184,0,15826,0,0
5121324-1,5121324,Wordlist,10,1,99,0,998,0,0
5121327-1,5121327,Wordlist,13,13,355,0,2017,0,0
5121317-1,5121317,Wordlist,40,39,884,0,27594,0,0
5121222-1,5121222,Wordlist,67,60,433,0,29059,0,0
5121213-1,5121213,Wordlist,16,3,592,0,9459,0,0
5121195-1,5121195,Wordlist,4,4,205,0,731,0,0
3537673-1,3537673,Wordlist,8,7,1000,0,8505,0,0
3268582-1,3268582,Wordlist,8,7,1001,0,9784,0,0
2634029-1,2634029,Wordlist,8,7,1001,0,9784,0,0
3535171-1,3535171,Wordlist,127,107,1581,0,130493,0,0
3266982-1,3266982,Wordlist,128,97,1523,0,157589,0,0
2633762-1,2633762,Wordlist,128,97,1523,0,157589,0,0
1312846-1,1312846,Wordlist,128,97,1533,0,157589,0,0
3537682-1,3537682,Wordlist,8,7,280,0,2171,0,0
3268589-1,3268589,Wordlist,8,6,280,0,2171,0,0
2634478-1,2634478,Wordlist,8,6,280,0,2171,0,0
3534873-1,3534873,Wordlist,422,351,537,0,60130,0,0
3268395-1,3268395,Wordlist,422,348,537,0,60137,0,0
2634299-1,2634299,Wordlist,422,337,537,0,60137,0,0
3537629-1,3537629,Wordlist,13,13,997,0,11041,0,0
3268446-1,3268446,Wordlist,13,13,1032,0,11041,0,0
2633937-1,2633937,Wordlist,13,13,1032,0,11041,0,0
3537580-1,3537580,Wordlist,100,98,333,0,34405,0,0
3267037-1,3267037,Wordlist,100,98,336,0,34432,0,0
2630811-1,2630811,Wordlist,100,98,336,0,34432,0,0
1312832-1,1312832,Wordlist,100,98,336,0,34279,0,0
3535008-1,3535008,Wordlist,51,49,1004,0,50434,0,0
3266836-1,3266836,Wordlist,51,49,996,0,50434,0,0
2633741-1,2633741,Wordlist,51,48,996,0,50437,0,0
1312847-1,1312847,Wordlist,51,48,998,0,50437,0,0
1295557-1,1295557,Wordlist,52,49,998,0,51441,0,0
2581321-1,2581321,Wordlist,50,48,250,0,12180,0,0
1465485-1,1465485,Wordlist,50,48,250,0,12180,0,0
1465397-1,1465397,Wordlist,50,48,250,0,12180,0,0
3534994-1,3534994,Wordlist,13,13,398,0,4850,0,0
3266720-1,3266720,Wordlist,13,13,398,0,4858,0,0
2633696-1,2633696,Wordlist,13,13,398,0,4858,0,0
1312828-1,1312828,Wordlist,13,13,398,0,4860,0,0
3534900-1,3534900,Wordlist,13,13,355,0,2017,0,0
3268556-1,3268556,Wordlist,13,13,355,0,2017,0,0
2633980-1,2633980,Wordlist,13,13,355,0,2017,0,0
5040169-1,5040169,Wordlist,10,1,99,0,998,0,0
3537636-1,3537636,Wordlist,40,39,626,0,19200,0,0
3268547-1,3268547,Wordlist,40,35,724,0,27441,0,0
2634316-1,2634316,Wordlist,40,35,724,0,27441,0,0
3534991-1,3534991,Wordlist,107,107,1016,0,121612,0,0
3266709-1,3266709,Wordlist,107,107,1015,0,121612,0,0
3266685-1,3266685,Wordlist,107,107,1015,0,121612,0,0
2633026-1,2633026,Wordlist,107,107,1015,0,121612,0,0
1312849-1,1312849,Wordlist,107,107,1015,0,121612,0,0
5119242-1,5119242,Wordlist,67,60,433,0,29059,0,0
3534953-1,3534953,Wordlist,67,60,433,0,29059,0,0
2632725-1,2632725,Wordlist,68,61,428,0,29493,0,0
1312960-1,1312960,Wordlist,68,61,428,0,29493,0,0
5119227-1,5119227,Wordlist,69,65,366,0,26723,0,0
3534908-1,3534908,Wordlist,69,65,366,0,26726,0,0
3265977-1,3265977,Wordlist,69,65,366,0,26726,0,0
2632551-1,2632551,Wordlist,69,65,366,0,26726,0,0
1295572-1,1295572,Wordlist,69,65,366,0,26726,0,0
5118684-1,5118684,Wordlist,20,4,510,0,10512,0,0
5118536-1,5118536,Wordlist,6,1,540,0,2891,0,0
5118477-1,5118477,Wordlist,16,3,592,0,9459,0,0
3537607-1,3537607,Wordlist,16,3,592,0,9693,0,0
3268340-1,3268340,Wordlist,16,3,592,0,9693,0,0
2634731-1,2634731,Wordlist,16,3,592,0,9693,0,0
5118461-1,5118461,Wordlist,4,4,205,0,731,0,0
5116001-1,5116001,Wordlist,88,6,184,0,15826,0,0
5118723-1,5118723,Wordlist,16,16,142,0,1542,0,0
5119295-1,5119295,StructureDataset,18,17,204,2146,0,0,0
5119295-2,5119295,Wordlist,18,18,905,0,18059,0,0
5118556-1,5118556,Wordlist,8,8,102,0,711,0,0
5118605-1,5118605,Wordlist,14,1,243,0,2354,0,0
5119341-1,5119341,Wordlist,190,172,344,0,44876,0,0
5118744-1,5118744,Wordlist,25,22,883,0,21967,0,0
5118763-1,5118763,Wordlist,69,65,128,0,9030,0,0
5115983-1,5115983,Wordlist,190,172,344,0,44876,0,0
3534952-1,3534952,Wordlist,190,172,344,0,44876,0,0
2634734-1,2634734,Wordlist,190,168,344,0,47838,0,0
1312842-1,1312842,Wordlist,190,168,348,0,47838,0,0
5115864-1,5115864,StructureDataset,18,17,204,2146,0,0,0
5115864-2,5115864,Wordlist,18,18,905,0,18059,0,0
3534942-1,3534942,Wordlist,18,18,905,0,18059,0,0
3265734-1,3265734,Wordlist,18,18,905,0,18069,0,0
2632669-1,2632669,Wordlist,18,18,905,0,18069,0,0
1295535-1,1295535,Wordlist,18,18,905,0,18069,0,0
1322713-1,1322713,Wordlist,69,65,129,0,9030,0,0
1318199-1,1318199,Wordlist,69,65,129,0,9100,0,0
3741500-1,3741500,Wordlist,25,21,883,0,21967,0,0
3537712-1,3537712,Wordlist,25,21,883,0,21967,0,0
3268372-1,3268372,Wordlist,25,21,883,0,21617,0,0
2634108-1,2634108,Wordlist,25,21,883,0,21617,0,0
1564336-1,1564336,Wordlist,14,1,243,0,2354,0,0
1563218-1,1563218,Wordlist,14,1,243,0,2354,0,0
1318200-1,1318200,Wordlist,8,8,102,0,711,0,0
1318064-1,1318064,Wordlist,8,0,102,0,711,0,0
5115982-1,5115982,Wordlist,10,10,430,0,4256,0,0
5116054-1,5116054,Wordlist,51,30,1233,0,11343,0,0
5115947-1,5115947,Wordlist,3,1,230,0,662,0,0
5115885-1,5115885,Wordlist,30,16,306,0,8213,0,0
5115649-1,5115649,StructureDataset,9,9,132,649,0,0,0
5115649-2,5115649,Wordlist,9,9,499,0,4546,0,0
3537754-1,3537754,Wordlist,10,10,430,0,4257,0,0
3265696-1,3265696,Wordlist,10,10,430,0,4257,0,0
2630833-1,2630833,Wordlist,10,10,430,0,4257,0,0
1295833-1,1295833,Wordlist,10,10,430,0,4256,0,0
3746946-1,3746946,Wordlist,3,1,230,0,662,0,0
3537601-1,3537601,Wordlist,30,16,306,0,8315,0,0
3267058-1,3267058,Wordlist,26,15,306,0,7106,0,0
2630825-1,2630825,Wordlist,26,15,306,0,7106,0,0
3534931-1,3534931,Wordlist,9,9,499,0,4546,0,0
3265675-1,3265675,Wordlist,9,9,499,0,4546,0,0
2630826-1,2630826,Wordlist,9,9,499,0,4546,0,0
1295537-1,1295537,Wordlist,9,3,499,0,4546,0,0
4896007-1,4896007,StructureDataset,27,27,24,683,0,0,96
1459402-1,1459402,Wordlist,27,26,313,0,10237,0,0
4696262-1,4696262,Wordlist,38,30,10,0,229,0,0
4486420-1,4486420,Wordlist,91,9,160,0,15227,0,0
4486318-1,4486318,StructureDataset,362,362,290,57617,0,0,0
4455759-1,4455759,Wordlist,96,25,160,0,16048,0,0
4438189-1,4438189,StructureDataset,0,0,0,0,0,0,0
4438189-2,4438189,Wordlist,24,24,95,0,2249,0,0
4350652-1,4350652,Wordlist,21,16,199,0,3616,0,0
4350691-1,4350691,Wordlist,13,11,215,0,2771,0,0
4327418-1,4327418,Wordlist,21,16,199,0,3665,0,0
4309141-1,4309141,Wordlist,173,46,191,0,30188,0,0
4311309-1,4311309,Wordlist,22,21,100,0,2144,0,0
4311309-2,4311309,Wordlist,20,0,100,0,1948,0,0
4305778-1,4305778,StructureDataset,0,0,7,0,0,0,0
4280576-1,4280576,Wordlist,1,1,1310,0,3654,0,0
4280596-1,4280596,Wordlist,1,1,1277,0,1688,0,0
4071139-1,4071139,StructureDataset,99,97,7,1050,0,0,150
4047762-1,4047762,Wordlist,62,1,480,0,29464,0,10975
3995853-1,3995853,Wordlist,62,1,480,0,29464,0,10975
3988472-1,3988472,Wordlist,62,1,480,0,29464,0,10975
3889881-1,3889881,StructureDataset,400,392,2,800,0,0,0
3823888-1,3823888,StructureDataset,104,62,336,20624,0,0,18526
3535809-1,3535809,Wordlist,111,96,323,0,36711,0,0
3267005-1,3267005,Wordlist,111,96,323,0,36711,0,0
2633769-1,2633769,Wordlist,111,96,323,0,36711,0,0
1297464-1,1297464,Wordlist,111,96,323,0,36711,0,0
1297463-1,1297463,Wordlist,111,96,323,0,36709,0,0
3475912-1,3475912,Wordlist,5284,4139,95,0,185946,0,0
1405148-1,1405148,StructureDataset,11,11,15,165,0,0,0
3552559-1,3552559,StructureDataset,11,11,15,165,0,0,0
3552559-2,3552559,Wordlist,11,11,40,0,440,0,0
1405135-1,1405135,StructureDataset,42,22,21,882,0,0,0
3712132-1,3712132,StructureDataset,77,65,235,18095,0,0,4189
3603137-1,3603137,StructureDataset,76,0,235,17860,0,0,4118
3696844-1,3696844,StructureDataset,1077,1071,10,4566,0,0,0
2677911-1,2677911,StructureDataset,2186,2184,3183,105466,0,0,0
2593234-1,2593234,StructureDataset,2186,2184,3175,105462,0,0,0
2562767-1,2562767,StructureDataset,1672,1664,2160,75386,0,0,0
3603755-1,3603755,StructureDataset,29,29,28,812,0,0,0
3603749-1,3603749,StructureDataset,29,29,28,812,0,0,0
3610155-1,3610155,StructureDataset,92,87,43,290,0,0,0
3608862-1,3608862,StructureDataset,167,167,604,31792,0,0,0
3626713-1,3626713,Generic,1,1,0,0,0,0,1276
